normalized_address,lat,lng,quality,source,resolved_at
"1 7 AVE N, LAKE WORTH, 33460",26.623595880988,-80.047854676215,Exact/L,census,2026-08-24T03:02:22.366Z
"1 MAIN ST STE 100, TEQUESTA, 33469",26.959229948812,-80.086469910875,Exact/L,census,2026-08-24T03:02:22.366Z
"1 N OCEAN BLVD SP 102, POMPANO BEACH, 33062",26.232017753201,-80.090991091627,Exact/L,census,2026-08-24T03:02:22.366Z
"1 S COUNTY RD, PALM BEACH, 33480",26.714890075566,-80.037706864536,Exact/L,census,2026-08-24T03:02:22.366Z
"1 S PALMWAY 103, LAKE WORTH, 33460",26.615657701379,-80.050531981265,Exact/R,census,2026-08-24T03:02:22.366Z
"1 TOWN CENTER RD STE 100, BOCA RATON, 33486",26.3619258,-80.12851549999999,google:ROOFTOP,google,2026-08-24T12:15:51.179Z
"1 TOWN CENTER RD STE 102, BOCA RATON, 33486",26.3622007,-80.12746159999999,google:ROOFTOP,google,2026-08-24T12:15:51.179Z
"1 WHITEHALL WAY, PALM BEACH, 33480",26.714383713588,-80.041615092372,Exact/R,census,2026-08-24T03:02:22.366Z
"10 E PALMETTO PARK RD UNIT 102, BOCA RATON, 33432",26.350435995537,-80.087551678182,Exact/R,census,2026-08-24T03:02:22.366Z
"10 N OCEAN BLVD, DELRAY BEACH, 33483",26.461911526407,-80.058309187474,Exact/L,census,2026-08-24T03:02:22.366Z
"10 N OCEAN BOULEVARD, DELRAY BEACH, 33483",26.461911526407,-80.058309187474,Exact/L,census,2026-08-24T03:02:22.366Z
"10 S OCEAN BLVD UNIT 7-8, LAKE WORTH BEACH, 33460",26.614789181119,-80.038626038509,Exact/L,census,2026-08-24T03:02:22.366Z
"10 S OCEAN BLVD, LAKE WORTH, 33460",26.614789181119,-80.038626038509,Exact/L,census,2026-08-24T03:02:22.366Z
"100 BALLENISLE CIR, PALM BEACH GARDENS, 33418",26.831942298751,-80.115965034752,Exact/R,census,2026-08-24T03:02:22.366Z
"100 BALLENISLES CIR, PALM BEACH GARDENS, 33418",26.831942298751,-80.115965034752,Non_Exact/R,census,2026-08-24T03:02:22.366Z
"100 DEVONSHIRE WAY, PALM BEACH GARDENS, 33418",26.822360755923,-80.152801563962,Exact/R,census,2026-08-24T03:02:22.366Z
"100 E PALMETTO PARK RD, BOCA RATON, 33432",26.350425496127,-80.088306854174,Non_Exact/L,census,2026-08-24T03:02:22.366Z
"100 EAST PALMETTO PARK ROAD, BOCA RATON, 33432",26.350425496127,-80.088306854174,Non_Exact/L,census,2026-08-24T03:02:22.366Z
"100 LEVEE RD, SOUTH BAY, 33493",26.680664898877,-80.731698689298,Exact/R,census,2026-08-24T03:02:22.366Z
"100 LITTLE CLUB RD, DELRAY BEACH, 33483",26.503992371866,-80.055244460945,Exact/L,census,2026-08-24T03:02:22.366Z
"100 N OCEAN BLVD, LANTANA, 33462",26.583947614655,-80.039018138856,Non_Exact/L,census,2026-08-24T03:02:29.698Z
"100 N SR 7, ROYAL PALM BEACH, 33411",26.681635454529,-80.202247402407,Exact/L,census,2026-08-24T03:02:29.698Z
"100 NE 2ND ST, BOCA RATON, 33432",26.352297869361,-80.0852723953,Exact/R,census,2026-08-24T03:02:29.698Z
"100 NE 6 ST UNIT 108, BOYNTON BEACH, 33435",26.527958093298,-80.056085381387,Exact/L,census,2026-08-24T03:02:29.698Z
"100 PLAZA REAL S STE K-L, BOCA RATON, 33432",26.349304255962,-80.084945774567,Non_Exact/R,census,2026-08-24T03:02:29.698Z
"100 S OCEAN BLVD, MANALAPAN, 33462",26.583947614655,-80.039018138856,Exact/L,census,2026-08-24T03:02:29.698Z
"100 S OCEAN BOULEVARD, MANALAPAN, 33462",26.583947614655,-80.039018138856,Exact/L,census,2026-08-24T03:02:29.698Z
"100 SANSBURY WAY 108, WEST PALM BEACH, 33411",26.68007561721,-80.18417793926,Non_Exact/L,census,2026-08-24T03:02:29.698Z
"100 SANSBURY WAY, WEST PALM BEACH, 33411",26.68007561721,-80.18417793926,Non_Exact/L,census,2026-08-24T03:02:29.698Z
"100 SR 7, WEST PALM BEACH, 33414",26.6785104174,-80.202341245154,Exact/R,census,2026-08-24T03:02:29.698Z
"1000 E ATLANTIC AVE, DELRAY BEACH, 33483",26.461621834274,-80.061767748315,Exact/R,census,2026-08-24T03:02:29.698Z
"1000 GATEWAY BLVD STES 101 AND 102, BOYNTON BEACH, 33426",,,google:APPROXIMATE-too-coarse,google,2026-08-24T12:15:59.167Z
"1000 JAMES L TURNAGE BLVD CONCOURSE, WEST PALM BEACH, 33406",26.688742218641,-80.088847666323,Non_Exact/L,census,2026-08-24T03:02:29.698Z
"1000 LINTON BLVD A4, DELRAY BEACH, 33444",26.439604782527,-80.08329643011,Exact/L,census,2026-08-24T03:02:29.698Z
"1000 LINTON BLVD, DELRAY BEACH, 33444",26.439604782527,-80.08329643011,Exact/L,census,2026-08-24T03:02:29.698Z
"1000 N CONGRESS AVE STE 110, BOYNTON BEACH, 33426",26.536931065999,-80.090597577819,Exact/L,census,2026-08-24T03:02:29.698Z
"1000 N CONGRESS AVE, BOYNTON BEACH, 33426",26.536931065999,-80.090597577819,Exact/L,census,2026-08-24T03:02:29.698Z
"1000 N CONGRESS AVE, WEST PALM BEACH, 33409",26.704609217675,-80.086501239731,Exact/L,census,2026-08-24T03:02:29.698Z
"1000 N US HWY 1 SUITE 900, JUPITER, 33477",26.945895115849,-80.084819978039,Exact/R,census,2026-08-24T03:02:29.698Z
"1000 OLD OKECHOBEE RD STE A, WEST PALM BEACH, 33401",26.699062795776,-80.0733618736,Non_Exact/L,census,2026-08-24T03:02:29.698Z
"1000 PALM BCH INTER ALRP BLDG 1000 124, WEST PALM BEACH, 33406",26.6807133,-80.6582971,google:RANGE_INTERPOLATED,google,2026-08-24T12:15:59.167Z
"1000 PALM BEACH INTERNATIONAL ARPRT, PALM SPRINGS, 33406",26.6857475,-80.0928165,google:ROOFTOP,google,2026-08-24T12:15:59.167Z
"1000 PBA UNIT 115, WEST PALM BEACH, 33406",26.70319,-80.05288449999999,google:ROOFTOP,google,2026-08-24T12:15:59.167Z
"1000 S MILITARY TRL STE A, WEST PALM BEACH, 33415",26.662447623802,-80.1124962885,Non_Exact/L,census,2026-08-24T03:02:29.698Z
"1000 S SR 7 STE 2, WELLINGTON, 33414",26.665877542585,-80.202537698759,Non_Exact/R,census,2026-08-24T03:02:29.698Z
"1000 S SR 7 STE 5, WELLINGTON, 33414",26.665877542585,-80.202537698759,Non_Exact/R,census,2026-08-24T03:02:29.698Z
"1000 TURNAGE BLVD PBIA 124, WEST PALM BEACH, 33406",26.6857475,-80.0928165,google:ROOFTOP,google,2026-08-24T12:15:59.167Z
"1001 775 FL A1A ALT, JUPITER, 33477",26.94088,-80.07894519999999,google:RANGE_INTERPOLATED,google,2026-08-24T12:15:59.167Z
"1001 N CONGRESS AVE, BOYNTON BEACH, 33426",26.53692912284,-80.090725647839,Exact/R,census,2026-08-24T03:02:29.698Z
"1001 N HIGHWAY A1A, JUPITER, 33477",26.943183317676,-80.081628571987,Exact/R,census,2026-08-24T03:02:29.698Z
"1001 OKEECHOBEE BLVD, WEST PALM BEACH, 33401",26.706116095366,-80.063228196967,Exact/R,census,2026-08-24T03:02:29.698Z
"1001 PALM BEACH LAKES BLVD, WEST PALM BEACH, 33401",26.724689794967,-80.061755840325,Exact/R,census,2026-08-24T03:02:29.698Z
"1001 S FEDERAL HWY, BOYNTON BEACH, 33435",26.519444181815,-80.058326003534,Exact/R,census,2026-08-24T03:02:29.698Z
"1001 S FEDERAL HWY, LANTANA, 33462",26.5759366,-80.05428839999999,google:ROOFTOP,google,2026-08-24T12:15:59.167Z
"1001 SW 2 AVE STE 5000, BOCA RATON, 33432",26.340801557344,-80.090917841499,Exact/R,census,2026-08-24T03:02:29.698Z
"1001 SW 2 AVE STE 7000, BOCA RATON, 33432",26.340801557344,-80.090917841499,Exact/R,census,2026-08-24T03:02:29.698Z
"10018 SPANISH ISLES BLVD, BOCA RATON, 33498",26.401668382374,-80.204441821629,Exact/L,census,2026-08-24T03:02:29.698Z
"1003 LANTANA RD, LANTANA, 33462",26.587079753896,-80.061023013879,Non_Exact/R,census,2026-08-24T03:02:29.698Z
"1003 SR 7, ROYAL PALM BEACH, 33411",26.701060852364,-80.201304500527,Non_Exact/R,census,2026-08-24T03:02:29.698Z
"1003 SR 7, VILLAGE OFWELLINGTON, 33414",26.666231936578,-80.20265207114,Non_Exact/L,census,2026-08-24T03:02:29.698Z
"10030 INDIANTOWN RD, JUPITER, 33478",26.942151679294,-80.192195902323,Non_Exact/L,census,2026-08-24T03:02:29.698Z
"10045 BELVEDERE RD 5, ROYAL PLM BEACH, 33411",26.691612362404,-80.202328424554,Exact/R,census,2026-08-24T03:02:29.698Z
"10045 BELVEDERE RD STE 2, ROYAL PALM BEACH, 33411",26.691612362404,-80.202328424554,Exact/R,census,2026-08-24T03:02:29.698Z
"10045 BELVEDERE RD, ROYAL PLM BEACH, 33411",26.691612362404,-80.202328424554,Exact/R,census,2026-08-24T03:02:29.698Z
"1005 N STATE ROAD 7, ROYAL PLM BEACH, 33411",26.701092882402,-80.201303261796,Exact/R,census,2026-08-24T03:02:29.698Z
"1005 PRESIDENT BARACK OBAMA HWY, RIVIERA BEACH, 33404",26.77086527867,-80.062164253125,Exact/L,census,2026-08-24T03:02:29.698Z
"10050 CALLE COMERCIO, BOCA RATON, 33428",26.36649026245,-80.205834844556,Exact/R,census,2026-08-24T03:02:29.698Z
"10058 SPANISH ISLES BLVD UNIT 8, BOCA RATON, 33498",26.401816710651,-80.205842859229,Exact/L,census,2026-08-24T03:02:29.698Z
"10058 SPANISH ISLES BLVD UNIT F8, BOCA RATON, 33498",26.401816710651,-80.205842859229,Exact/L,census,2026-08-24T03:02:29.698Z
"10058 SPANISH ISLES BLVD, BOCA RATON, 33498",26.401816710651,-80.205842859229,Exact/L,census,2026-08-24T03:02:29.698Z
"1007 N SR 7, ROYAL PALM BEACH, 33411",26.701124912441,-80.201302023064,Exact/R,census,2026-08-24T03:02:29.698Z
"1009 N STATE RD 7, ROYAL PLM BEACH, 33411",26.701156942479,-80.201300784332,Exact/R,census,2026-08-24T03:02:29.698Z
"101 N CLEMATIS ST STE 115, WEST PALM BEACH, 33401",26.713755172097,-80.050091662607,Exact/R,census,2026-08-24T03:02:29.698Z
"101 N CONGRESS AVE, LAKE PARK, 33403",26.793758442406,-80.085679071951,Non_Exact/L,census,2026-08-24T03:02:29.698Z
"101 PLAZA REAL S STE M, BOCA RATON, 33432",26.349298651979,-80.084945774567,Non_Exact/R,census,2026-08-24T03:02:29.698Z
"101 PLAZA REAL SOUTH UNIT E, BOCA RATON, 33432",26.349298651979,-80.084945774567,Non_Exact/R,census,2026-08-24T03:02:29.698Z
"101 S 3 ST, LANTANA, 33462",26.584389810292,-80.052527908161,Exact/R,census,2026-08-24T03:02:29.698Z
"101 SANSBURYS WAY STE 200, WEST PALM BEACH, 33411",26.680075143194,-80.184306186319,Exact/R,census,2026-08-24T03:02:29.698Z
"1010 GATEWAY BLVD STE 101, BOYNTON BEACH, 33426",26.5503124,-80.0744125,google:ROOFTOP,google,2026-08-24T12:15:59.167Z
"10100 FOX TRAIL RD S, ROYAL PALM BEACH, 33411",26.708231720768,-80.201025529355,Exact/L,census,2026-08-24T03:02:29.698Z
"10101 FOREST HILL BLVD, WELLINGTON, 33414",26.651674499503,-80.219434361886,Exact/L,census,2026-08-24T03:02:29.698Z
"10101 SOUTHERN BLVD 11, ROYAL PALM BEACH, 33411",26.68082423239,-80.210129272286,Exact/R,census,2026-08-24T03:02:29.698Z
"10101 SOUTHERN BLVD STE 200, ROYAL PALM BEACH, 33411",26.68082423239,-80.210129272286,Exact/R,census,2026-08-24T03:02:29.698Z
"101052 INDIANTOWN RD, JUPITER, 33478",,,google:GEOMETRIC_CENTER-too-coarse,google,2026-08-24T12:15:59.167Z
"10106 US HWY 1, PORT ST LUCIE, 34952",27.280183405458,-80.293442986426,Exact/L,census,2026-08-24T03:02:29.698Z
"10107 SOUTHERN BLVD, ROYAL PALM BEACH, 33411",26.680825097631,-80.210158733705,Exact/R,census,2026-08-24T03:02:29.698Z
"10113 SOUTHERN BLVD 200, WEST PALM BEACH, 33411",26.680825962872,-80.210188195125,Exact/R,census,2026-08-24T03:02:29.698Z
"10114 S MILITARY TRAIL UNIT 102, BOYNTON BEACH, 33436",26.52572246753,-80.122799719962,Exact/R,census,2026-08-24T03:02:29.698Z
"10114 S MILITARY TRL STE 101, BOYNTON BEACH, 33436",26.52572246753,-80.122799719962,Exact/R,census,2026-08-24T03:02:29.698Z
"10114 S MILITARY TRL STE 109, BOYNTON BEACH, 33436",26.52572246753,-80.122799719962,Exact/R,census,2026-08-24T03:02:29.698Z
"10115 SOUTHERN BLVD, ROYAL PALM BEACH, 33411",26.680826251285,-80.210198015598,Exact/R,census,2026-08-24T03:02:29.698Z
"10116 COUNTRY BROOK RD, BOCA RATON, 33428",26.340344527335,-80.205238267573,Exact/L,census,2026-08-24T03:02:29.698Z
"10120 FOREST HILL BLVD STE 110, WELLINGTON, 33414",26.650713393419,-80.205453197565,Exact/R,census,2026-08-24T03:02:29.698Z
"10120 FOREST HILL BLVD UNIT 170, WELLINGTON, 33414",26.650713393419,-80.205453197565,Exact/R,census,2026-08-24T03:02:29.698Z
"10120 FORREST HILL BLVD 190, WELLINGTON, 33414",26.650713393419,-80.205453197565,Non_Exact/R,census,2026-08-24T03:02:29.698Z
"10121 SOUTHERN BLVD, ROYAL PALM BEACH, 33411",26.680827116526,-80.210227477017,Exact/R,census,2026-08-24T03:02:29.698Z
"10128 W INDIANTOWN RD, JUPITER, 33478",26.942160265881,-80.193889598771,Exact/L,census,2026-08-24T03:02:29.698Z
"10130 NORTHLAKE BLVD 216, WEST PALM BEACH, 33412",26.811477756733,-80.197301370047,Exact/R,census,2026-08-24T03:02:29.698Z
"10130 NORTHLAKE BLVD STE 108, WEST PALM BEACH, 33412",26.811477756733,-80.197301370047,Exact/R,census,2026-08-24T03:02:29.698Z
"10130 NORTHLAKE BLVD STE 206, WEST PALM BEACH, 33412",26.811477756733,-80.197301370047,Exact/R,census,2026-08-24T03:02:29.698Z
"10130 NORTHLAKE BLVD STE 218, WEST PALM BEACH, 33412",26.811477756733,-80.197301370047,Exact/R,census,2026-08-24T03:02:29.698Z
"10130 NORTHLAKE BLVD, WEST PALM BEACH, 33412",26.811477756733,-80.197301370047,Exact/R,census,2026-08-24T03:02:29.698Z
"10136 W INDIANTOWN RD C-2, JUPITER, 33478",26.942160966827,-80.194027859706,Exact/L,census,2026-08-24T03:02:29.698Z
"1014 LAKE AVE A, LAKE WORTH, 33460",26.616014673638,-80.058943458912,Non_Exact/R,census,2026-08-24T03:02:29.698Z
"1014 N TAMARIND AVE, WEST PALM BEACH, 33401",26.721895781597,-80.061717909978,Exact/R,census,2026-08-24T03:02:29.698Z
"10140 FOREST HILL BLVD STE 110, WELLINGTON, 33414",26.650734885449,-80.20579735523,Exact/R,census,2026-08-24T03:02:29.698Z
"10140 FOREST HILL BLVD STE 170, WELLINGTON, 33414",26.650734885449,-80.20579735523,Exact/R,census,2026-08-24T03:02:29.698Z
"1015 GATEWAY BLVD STE 401, BOYNTON BEACH, 33426",26.550736410647,-80.075232698095,Exact/L,census,2026-08-24T03:02:29.698Z
"1015 N RAILROAD AVE, WEST PALM BEACH, 33401",26.721759623109,-80.055510553103,Non_Exact/L,census,2026-08-24T03:02:29.698Z
"10150 W INDIANTOWN RD, JUPITER, 33478",26.942162193482,-80.194269816341,Exact/L,census,2026-08-24T03:02:29.698Z
"10158 INDIANTOWN RD B8, JUPITER, 33478",26.942162894428,-80.194408077276,Non_Exact/L,census,2026-08-24T03:02:29.698Z
"1016 CLARE AVE 4, WEST PALM BEACH, 33401",26.703116154666,-80.06239384242,Exact/L,census,2026-08-24T03:02:29.698Z
"1016 CLARE AVE, WEST PALM BEACH, 33401",26.703116154666,-80.06239384242,Exact/L,census,2026-08-24T03:02:29.698Z
"10160 FOREST HILL BLVD STE 130, WELLINGTON, 33414",26.650767812933,-80.20615297267,Exact/R,census,2026-08-24T03:02:29.698Z
"10160 FOREST HILL BLVD STE C110, WELLINGTON, 33414",26.650767812933,-80.20615297267,Exact/R,census,2026-08-24T03:02:29.698Z
"1017 N FEDERAL HWY, BOYNTON BEACH, 33435",26.535388389172,-80.058002983687,Exact/L,census,2026-08-24T03:02:29.698Z
"1020 GATEWAY BLVD 101, BOYNTON BEACH, 33426",26.5503468,-80.07494779999999,google:ROOFTOP,google,2026-08-24T12:15:59.167Z
"1020 GATEWAY BLVD STE 103, BOYNTON BEACH, 33426",26.550261,-80.075109,google:ROOFTOP,google,2026-08-24T12:15:59.167Z
"10200 FOREST HILL BLVD STE 150, VILLAGE OF WELLINGTO, 33414",26.650935383708,-80.206925273686,Non_Exact/R,census,2026-08-24T03:02:29.698Z
"10200 FOX TRAIL RD S STE D, ROYAL PALM BEACH, 33411",26.708275610201,-80.202421801266,Non_Exact/L,census,2026-08-24T03:02:29.698Z
"1022 N TAMARIND AVE, WEST PALM BEACH, 33401",26.721967247282,-80.061715636068,Exact/R,census,2026-08-24T03:02:29.698Z
"10220 FOREST HILL BLVD STE 110, WELLINGTON, 33414",26.650995766252,-80.20726932497,Exact/R,census,2026-08-24T03:02:29.698Z
"10229 OKEECHOBEE BLVD C3, ROYAL PALM BEACH, 33411",26.709361373838,-80.205078326897,Non_Exact/L,census,2026-08-24T03:02:29.698Z
"10229 OKEECHOBEE BLVD STE C, ROYAL PALM BEACH, 33411",26.709361373838,-80.205078326897,Non_Exact/L,census,2026-08-24T03:02:29.698Z
"10233 OKEECHOBEE BLVD STE B1, ROYAL PALM BEACH, 33411",26.709361373839,-80.205139454994,Exact/L,census,2026-08-24T03:02:29.698Z
"10233 OKEECHOBEE BLVD UNIT B11, ROYAL PALM BEACH, 33411",26.709361373839,-80.205139454994,Exact/L,census,2026-08-24T03:02:29.698Z
"10240 FOREST HILL BLVD 110, WELLINGTON, 33414",26.65104691489,-80.207617563051,Exact/R,census,2026-08-24T03:02:29.698Z
"10240 FOREST HILL BLVD, WELLINGTON, 33414",26.65104691489,-80.207617563051,Exact/R,census,2026-08-24T03:02:29.698Z
"10240 W FOREST HILL BLVD STE 110, WELLINGTON, 33414",26.65104691489,-80.207617563051,Non_Exact/R,census,2026-08-24T03:02:29.698Z
"1025 GATEWAY BLVD 305, BOYNTON BEACH, 33426",26.550736410651,-80.075418880044,Exact/L,census,2026-08-24T03:02:29.698Z
"1025 GATEWAY BLVD, BOYNTON BEACH, 33426",26.550736410651,-80.075418880044,Exact/L,census,2026-08-24T03:02:29.698Z
"1025 N FL MANGO RD UNIT 4, WEST PALM BEACH, 33409",26.704482852074,-80.078430705227,Exact/L,census,2026-08-24T03:02:29.698Z
"1025 N FLORIDA MANGO RD 4, WEST PALM BEACH, 33409",26.704482852074,-80.078430705227,Exact/L,census,2026-08-24T03:02:29.698Z
"1025 N FLORIDA MANGO RD STE 4, WEST PALM BEACH, 33409",26.704482852074,-80.078430705227,Exact/L,census,2026-08-24T03:02:29.698Z
"1025 N FLORIDA MANGO RD UNIT 4, WEST PALM BEACH, 33409",26.704482852074,-80.078430705227,Exact/L,census,2026-08-24T03:02:29.698Z
"1025 N FLORIDA MANGO RD, WEST PALM BEACH, 33409",26.704482852074,-80.078430705227,Exact/L,census,2026-08-24T03:02:29.698Z
"1025 N FLORIDA MANGO ROAD STE 4, WEST PALM BEACH, 33409",26.704482852074,-80.078430705227,Exact/L,census,2026-08-24T03:02:29.698Z
"1025 N FLORIDA MANGO ROAD, WEST PALM BEACH, 33409",26.704482852074,-80.078430705227,Exact/L,census,2026-08-24T03:02:29.698Z
"1025 S MAIN ST, BELLE GLADE, 33430",26.673697747189,-80.670307277521,Exact/L,census,2026-08-24T03:02:29.698Z
"10255 PANTHER NATIONALS BLVD, PALM BEACH GARDENS, 33412",26.8319724,-80.2559397,google:ROOFTOP,google,2026-08-24T12:15:59.167Z
"1026 S MILITARY TRL, WEST PALM BEACH, 33415",26.662143446553,-80.112493362768,Exact/L,census,2026-08-24T03:02:29.698Z
"10260 FOREST HILL BLVD, WELLINGTON, 33414",26.651091150362,-80.207966970133,Exact/R,census,2026-08-24T03:02:29.698Z
"1026A S MILITARY TRAIL, WEST PALM BEACH, 33415",26.662143446553,-80.112493362768,Non_Exact/L,census,2026-08-24T03:02:29.698Z
"1028 W ATLANTIC AVE, DELRAY BEACH, 33444",26.46156965341,-80.083600379692,Exact/L,census,2026-08-24T03:02:29.698Z
"10280 FOREST HILL BLVD, WELLINGTON, 33414",26.651121965079,-80.208314616089,Exact/R,census,2026-08-24T03:02:29.698Z
"103 N US 1, JUPITER, 33477",26.935137984779,-80.081322098312,Exact/L,census,2026-08-24T03:02:29.698Z
"103 S US 1 STE D3, JUPITER, 33458",26.932991094542,-80.080144770971,Non_Exact/R,census,2026-08-24T03:02:29.698Z
"103 S US 1 STE E3, JUPITER, 33477",26.932991094542,-80.080144770971,Exact/R,census,2026-08-24T03:02:29.698Z
"103 S US HWY 1 D-3, JUPITER, 33477",26.932991094542,-80.080144770971,Non_Exact/R,census,2026-08-24T03:02:29.698Z
"103 S US HWY 1 STE A1, JUPITER, 33477",26.932991094542,-80.080144770971,Exact/R,census,2026-08-24T03:02:29.698Z
"103 S US HWY 1 UNIT D2, JUPITER, 33477",26.932991094542,-80.080144770971,Exact/R,census,2026-08-24T03:02:29.698Z
"103 S US HWY ONE UNIT B5-B6, JUPITER, 33477",26.932991094542,-80.080144770971,Non_Exact/R,census,2026-08-24T03:02:29.698Z
"103 SOUTH US 1 UNIT F2, JUPITER, 33477",26.932991094542,-80.080144770971,Exact/R,census,2026-08-24T03:02:29.698Z
"10300 FOREST HILL BLVD 102, WELLINGTON, 33414",26.651138460176,-80.208668773309,Exact/R,census,2026-08-24T03:02:29.698Z
"10300 FOREST HILL BLVD 4558, WELLINGTON, 33414",26.651138460176,-80.208668773309,Non_Exact/R,census,2026-08-24T03:02:29.698Z
"10300 FOREST HILL BLVD SPACE 116, WELLINGTON, 33414",26.651138460176,-80.208668773309,Exact/R,census,2026-08-24T03:02:29.698Z
"10300 FOREST HILL BLVD SPACE 4606, WELLINGTON, 33414",26.651138460176,-80.208668773309,Exact/R,census,2026-08-24T03:02:29.698Z
"10300 FOREST HILL BLVD STE 103, WELLINGTON, 33414",26.651138460176,-80.208668773309,Exact/R,census,2026-08-24T03:02:29.698Z
"10300 FOREST HILL BLVD STE 115, WELLINGTON, 33414",26.651138460176,-80.208668773309,Exact/R,census,2026-08-24T03:02:29.698Z
"10300 FOREST HILL BLVD STE 122-123, WELLINGTON, 33414",26.651138460176,-80.208668773309,Exact/R,census,2026-08-24T03:02:29.698Z
"10300 FOREST HILL BLVD STE 199A, WELLINGTON, 33414",26.651138460176,-80.208668773309,Non_Exact/R,census,2026-08-24T03:02:29.698Z
"10300 FOREST HILL BLVD STE 244, WELLINGTON, 33414",26.651138460176,-80.208668773309,Exact/R,census,2026-08-24T03:02:29.698Z
"10300 FOREST HILLS BLVD FC104, WELLINGTON, 33414",26.651138460176,-80.208668773309,Non_Exact/R,census,2026-08-24T03:02:29.698Z
"10300 W FOREST HILL BLVD 109, WELLINGTON, 33414",26.651138460176,-80.208668773309,Non_Exact/R,census,2026-08-24T03:02:29.698Z
"10300 W FOREST HILL BLVD 197, WELLINGTON, 33414",26.651138460176,-80.208668773309,Non_Exact/R,census,2026-08-24T03:02:29.698Z
"10300 W FOREST HILL BLVD FC 106, WELLINGTON, 33414",26.651138460176,-80.208668773309,Non_Exact/R,census,2026-08-24T03:02:29.698Z
"10300 W FOREST HILL BLVD FC110, WELLINGTON, 33414",26.651138460176,-80.208668773309,Non_Exact/R,census,2026-08-24T03:02:29.698Z
"10300 W FOREST HILL BLVD, WELLINGTON, 33414",26.651138460176,-80.208668773309,Non_Exact/R,census,2026-08-24T03:02:29.698Z
"10300 WEST FOREST HILL BLVD STE 101, WELLINGTON GREEN, 33414",26.651138460176,-80.208668773309,Non_Exact/R,census,2026-08-24T03:02:29.698Z
"10311 SOUTHERN BLVD, ROYAL PALM BEACH, 33411",26.680854515812,-80.211160421962,Exact/R,census,2026-08-24T03:02:29.698Z
"10312 FOREST HILL BLVD STE 204, WELLINGTON, 33414",26.651148406861,-80.20888120598,Exact/R,census,2026-08-24T03:02:29.698Z
"10312 W FOREST HILL BLVD STE 300, WELLINGTON, 33414",26.651148406861,-80.20888120598,Non_Exact/R,census,2026-08-24T03:02:29.698Z
"1033 CONGRESS AVE, WEST PALM BEACH, 33409",26.70522729133,-80.086606066865,Non_Exact/R,census,2026-08-24T03:02:29.698Z
"1033 CONGRESS, WEST PALM BEACH, 33411",26.719932675182,-80.081735988216,Non_Exact/L,census,2026-08-24T03:02:29.698Z
"10343 STONEBRIDGE BLVD, BOCA RATON, 33498",26.413014070045,-80.209745829003,Exact/L,census,2026-08-24T03:02:29.698Z
"1035 GATEWAY BLVD STE 201, BOYNTON BEACH, 33426",26.550736410655,-80.075605061992,Exact/L,census,2026-08-24T03:02:29.698Z
"1035 GATEWAY BLVD STE 213, BOYNTON BEACH, 33426",26.550736410655,-80.075605061992,Exact/L,census,2026-08-24T03:02:29.698Z
"1035 N RAILROAD AVE, WEST PALM BEACH, 33401",26.721932973519,-80.055536474653,Non_Exact/L,census,2026-08-24T03:02:29.698Z
"1035 W GATEWAY BLVD SUITE 206-208, BOYNTON BEACH, 33426",26.550736410655,-80.075605061992,Non_Exact/L,census,2026-08-24T03:02:29.698Z
"10369 SOUTHERN BLVD, ROYAL PALM BEACH, 33411",26.680862879805,-80.211445215682,Exact/R,census,2026-08-24T03:02:29.698Z
"1036B ROYAL PALM BEACH BLVD, ROYAL PALM BEACH, 33411",26.701765604274,-80.229373686359,Non_Exact/R,census,2026-08-24T03:02:29.698Z
"1037 MARINA DRIVE, NORTH PALM BEACH, 33408",26.827497789262,-80.059430393727,Exact/L,census,2026-08-24T03:02:29.698Z
"1037 S STATE RD 7 STE 118, WELLINGTON, 33414",26.666100968526,-80.202657221572,Non_Exact/L,census,2026-08-24T03:02:29.698Z
"10385 SOUTHERN BLVD, ROYAL PALM BEACH, 33411",26.680865187113,-80.211523779467,Exact/R,census,2026-08-24T03:02:29.698Z
"103A S 3 ST, LANTANA, 33462",26.584376352977,-80.052527908161,Non_Exact/R,census,2026-08-24T03:02:29.698Z
"104 CLEMATIS ST, WEST PALM BEACH, 33401",26.7124976,-80.0496644,google:ROOFTOP,google,2026-08-24T12:15:59.167Z
"104 NE 2 AVE, DELRAY BEACH, 33444",26.463586925505,-80.071187634089,Exact/L,census,2026-08-24T03:02:29.698Z
"104 US RTE 1, TEQUESTA, 33469",26.959482175798,-80.084854199178,Exact/R,census,2026-08-24T03:02:29.698Z
"1041 S CONGRESS AVE 119, DELRAY BEACH, 33445",26.446142022088,-80.092369964185,Exact/L,census,2026-08-24T03:02:29.698Z
"10410 FOREST HILL BLVD 100, WELLINGTON, 33414",26.65122377511,-80.210585755527,Exact/R,census,2026-08-24T03:02:29.698Z
"10430 STABLE LN, WELLINGTON, 33414",26.6416553,-80.2119429,google:ROOFTOP,google,2026-08-24T12:15:59.167Z
"1045 E ATLANTIC AVE, DELRAY BEACH, 33483",26.46173640873,-80.061769947704,Exact/L,census,2026-08-24T03:02:29.698Z
"10471 BOCA WOODS LANE, BOCA RATON, 33428",26.355154540048,-80.212547624445,Exact/L,census,2026-08-24T03:02:29.698Z
"10471 BOCA WOODS LN, BOCA RATON, 33428",26.355154540048,-80.212547624445,Exact/L,census,2026-08-24T03:02:29.698Z
"10479 SOUTHERN BLVD, ROYAL PALM BEACH, 33411",26.68087874255,-80.211985341703,Exact/R,census,2026-08-24T03:02:29.698Z
"10493 SOUTHERN BLVD, ROYAL PALM BEACH, 33411",26.680880761445,-80.212054085015,Exact/R,census,2026-08-24T03:02:29.698Z
"105 BALLENISLES DR, PALM BEACH GARDENS, 33418",26.83109560555,-80.118743999101,Exact/R,census,2026-08-24T03:02:29.698Z
"105 BARBADOS DR, JUPITER, 33458",26.889412126251,-80.119585941321,Exact/L,census,2026-08-24T03:02:29.698Z
"105 BREAK WATER COURT, JUPITER, 33477",26.935652899999,-80.082396552779,Non_Exact/R,census,2026-08-24T03:02:29.698Z
"105 E ATLANTIC AVE SUITE 100, DELRAY BEACH, 33445",26.46169943294,-80.071992917296,Non_Exact/L,census,2026-08-24T03:02:29.698Z
"105 NARCISSUS AVENUE SUITE 130, WEST PALM BEACH, 33401",26.7130146,-80.0508073,google:ROOFTOP,google,2026-08-24T12:15:59.167Z
"105 S SR 7, ROYAL PALM BEACH, 33411",26.681839725855,-80.202364298056,Non_Exact/R,census,2026-08-24T03:02:29.698Z
"1050 GATEWAY BLVD 103, BOYNTON BEACH, 33426",26.5503048,-80.0764645,google:ROOFTOP,google,2026-08-24T12:15:59.167Z
"1050 GATEWAY BLVD UNIT 102, BOYNTON BEACH, 33426",26.5503039,-80.0764014,google:ROOFTOP,google,2026-08-24T12:15:59.167Z
"1050 NEW CASTLE C, BOCA RATON, 33434",26.390643493498,-80.175455491422,Non_Exact/L,census,2026-08-24T03:02:29.698Z
"1050 ROYAK BEACH BLVD, ROYAL PALM BEACH, 33411",26.704625096072,-80.229238192887,Non_Exact/R,census,2026-08-24T03:02:29.698Z
"1050 ROYAL PALM BCH BLVD, ROYAL PALM BEACH, 33411",26.704625096072,-80.229238192887,Exact/R,census,2026-08-24T03:02:29.698Z
"10540 FOREST HILL BLVD, WELLINGTON, 33414",26.651312774765,-80.21258065861,Exact/R,census,2026-08-24T03:02:29.698Z
"1056 COMMUNITY DRIVE, JUPITER, 33458",26.908202136302,-80.113230102528,Exact/L,census,2026-08-24T03:02:29.698Z
"10560 FOREST HILL BLVD, WELLINGTON, 33414",26.651327156616,-80.212887471275,Exact/R,census,2026-08-24T03:02:29.698Z
"10590 W FOREST HILL BLVD, WELLINGTON, 33414",26.651348729393,-80.213347690271,Non_Exact/R,census,2026-08-24T03:02:29.698Z
"106 N MAIN ST, BELLE GLADE, 33430",26.686682481391,-80.667966213151,Exact/L,census,2026-08-24T03:02:29.698Z
"106 N OLIVE AVE, WEST PALM BEACH, 33401",26.713429020969,-80.051823581813,Exact/R,census,2026-08-24T03:02:29.698Z
"106 RITZ-CARLTON CLUB DR, JUPITER, 33477",26.885946003271,-80.086456516954,Exact/L,census,2026-08-24T03:02:29.698Z
"1060 GATEWAY BLVD STE 102, BOYNTON BEACH, 33426",26.5502866,-80.0766936,google:ROOFTOP,google,2026-08-24T12:15:59.167Z
"10600 PINE TREE TER, BOYNTON BEACH, 33436",26.51929282798,-80.112407290212,Exact/R,census,2026-08-24T03:02:29.698Z
"10600 S PINE TREE TER, BOYNTON BEACH, 33436",26.51929282798,-80.112407290212,Non_Exact/R,census,2026-08-24T03:02:29.698Z
"10610 FOREST HILL BLVD 20, WELLINGTON, 33414",26.651363111244,-80.213654502935,Exact/R,census,2026-08-24T03:02:29.698Z
"10610 FOREST HILL BLVD STE 20, WELLINGTON, 33414",26.651363111244,-80.213654502935,Exact/R,census,2026-08-24T03:02:29.698Z
"10610 FOREST HILLS DRIVE, WELLINGTON, 33414",26.651363111244,-80.213654502935,Non_Exact/R,census,2026-08-24T03:02:29.698Z
"10616 FOREST HILL BLVD, WELLINGTON, 33414",26.651367425799,-80.213746546734,Exact/R,census,2026-08-24T03:02:29.698Z
"10630 FOREST HILL BLVD, WELLINGTON, 33414",26.651377493095,-80.213961315599,Exact/R,census,2026-08-24T03:02:29.698Z
"1065 N HIGHWAY A1A, JUPITER, 33477",26.943471048249,-80.082255014714,Exact/L,census,2026-08-24T03:02:29.698Z
"10660 FOREST HILL BLVD STE 170, WELLINGTON, 33414",26.651531219097,-80.217737947957,Exact/R,census,2026-08-24T03:02:29.698Z
"107 FRONT ST, JUPITER, 33477",26.9352391,-80.08211709999999,google:ROOFTOP,google,2026-08-24T12:15:59.167Z
"107 S SR 7, ROYAL PALM BEACH, 33411",26.681855431624,-80.202363491866,Non_Exact/R,census,2026-08-24T03:02:29.698Z
"1075 A1A NORTH, JUPITER, 33477",26.9459406,-80.08334599999999,google:ROOFTOP,google,2026-08-24T12:15:59.167Z
"108 N MILITARY TRL, WEST PALM BEACH, 33406",26.679124,-80.1111581,google:ROOFTOP,google,2026-08-24T12:15:59.167Z
"1080 GATEWAY BLVD, BOYNTON BEACH, 33426",26.5499066,-80.0780408,google:ROOFTOP,google,2026-08-24T12:15:59.167Z
"10800 N MILITARY TRAIL RD, PALM BEACH GARDENS, 33410",26.835736870967,-80.105114451908,Non_Exact/L,census,2026-08-24T03:02:29.698Z
"10800 N MILITARY TRL STE 100, PALM BEACH GARDENS, 33410",26.835736870967,-80.105114451908,Exact/L,census,2026-08-24T03:02:29.698Z
"10800 N MILITARY TRL STE 106, PALM BEACH GARDENS, 33410",26.835736870967,-80.105114451908,Exact/L,census,2026-08-24T03:02:29.698Z
"10800 N MILITARY TRL STE 114, PALM BEACH GARDENS, 33410",26.835736870967,-80.105114451908,Exact/L,census,2026-08-24T03:02:29.698Z
"10800 NORTH MILITARY TRAIL 108, PALM BEACH GARDENS, 33410",26.835736870967,-80.105114451908,Exact/L,census,2026-08-24T03:02:29.698Z
"10817 JOG RD STE 210, BOYNTON BEACH, 33437",26.516162907644,-80.147324844337,Exact/R,census,2026-08-24T03:02:29.698Z
"10817 S JOG RD 246, BOYNTON BEACH, 33437",26.516162907644,-80.147324844337,Non_Exact/R,census,2026-08-24T03:02:29.698Z
"10817 S JOG RD STE 210, BOYNTON BEACH, 33437",26.516162907644,-80.147324844337,Non_Exact/R,census,2026-08-24T03:02:29.698Z
"10817 S JOG RD STE 246, BOYNTON BEACH, 33437",26.516162907644,-80.147324844337,Non_Exact/R,census,2026-08-24T03:02:29.698Z
"10833 JOG RD STE 198, BOYNTON BEACH, 33437",26.515921985797,-80.147324844343,Exact/R,census,2026-08-24T03:02:29.698Z
"10833 S JOG RD STE 200, BOYNTON BEACH, 33437",26.515921985797,-80.147324844343,Non_Exact/R,census,2026-08-24T03:02:29.698Z
"109 E BOYNTON BEACH BLVD STE F, BOYNTON BEACH, 33435",26.528973437974,-80.063947563331,Non_Exact/L,census,2026-08-24T03:02:29.698Z
"109 GOLFVIEW RD, LAKE WORTH, 33460",26.6168132,-80.04870559999999,google:ROOFTOP,google,2026-08-24T12:15:59.167Z
"109 S DIXIE HWY, LAKE WORTH BEACH, 33460",26.614524645222,-80.057460848497,Exact/R,census,2026-08-24T03:02:29.698Z
"10901 N MILITARY TRL, PALM BEACH GARDENS, 33410",26.83639259621,-80.105411222504,Exact/L,census,2026-08-24T03:02:29.698Z
"10921 N MILITARY TRL, PALM BEACH GARDENS, 33410",26.836757855605,-80.105399808137,Exact/L,census,2026-08-24T03:02:29.698Z
"10933 N MILITARY TRL UNIT 116, PALM BEACH GARDENS, 33410",26.836977011242,-80.105392959518,Exact/L,census,2026-08-24T03:02:29.698Z
"10934 QUAIL COVEY RD, BOYNTON BEACH, 33436",26.5147839,-80.102233,google:ROOFTOP,google,2026-08-24T12:15:59.167Z
"10935 S JOG RD STE 232, BOYNTON BEACH, 33437",26.514386109024,-80.147324844386,Non_Exact/R,census,2026-08-24T03:02:29.698Z
"1095 N HWY A1A, JUPITER, 33477",26.944223700468,-80.083921527418,Exact/L,census,2026-08-24T03:02:29.698Z
"10961 N MILITARY TRL STE 123, PALM BEACH GARDENS, 33410",26.837488374396,-80.105376979405,Exact/L,census,2026-08-24T03:02:29.698Z
"10965 N MILITARY TRAIL STE 124/125, PALM BEACH GARDENS, 33410",26.837561426275,-80.105374696532,Exact/L,census,2026-08-24T03:02:29.698Z
"1097 GRAND DUKE WAY, ROYAL PALM BEACH, 33411",26.69405193139,-80.20327823653,Exact/R,census,2026-08-24T03:02:29.698Z
"1097 N MILITARY TRAIL, WEST PALM BEACH, 33409",26.693595198648,-80.111702399611,Exact/L,census,2026-08-24T03:02:29.698Z
"1097 N MILITARY TRL, WEST PALM BEACH, 33409",26.693595198648,-80.111702399611,Exact/L,census,2026-08-24T03:02:29.698Z
"10971 N MILITARY TRL, PALM BEACH GARDENS, 33410",26.837671004093,-80.105371272222,Exact/L,census,2026-08-24T03:02:29.698Z
"1099 N MILITARY TRL, HAVERHILL, 33409",26.693642763618,-80.111700590073,Exact/L,census,2026-08-24T03:02:29.698Z
"10998 OKEECHOBEE BLVD, ROYAL PALM BEACH, 33411",26.708136367579,-80.218238324881,Exact/R,census,2026-08-24T03:02:29.698Z
"11 N H ST, LAKE WORTH, 33460",26.616058752606,-80.058419177743,Exact/L,census,2026-08-24T03:02:29.698Z
"11 SE 4 AVE, DELRAY BEACH, 33483",26.461419200221,-80.068991278828,Exact/L,census,2026-08-24T03:02:29.698Z
"11 SE 4TH AVE, DELRAY BEACH, 33483",26.461419200221,-80.068991278828,Exact/L,census,2026-08-24T03:02:29.698Z
"110 E ATLANTIC AVE STE 120A, DELRAY BEACH, 33444",26.46158484157,-80.071939039873,Exact/R,census,2026-08-24T03:02:29.698Z
"110 E ATLANTIC AVE, DELRAY BEACH, 33444",26.46158484157,-80.071939039873,Exact/R,census,2026-08-24T03:02:29.698Z
"110 MAC FARLANE DR, DELRAY BEACH, 33483",26.459575760584,-80.062879029374,Non_Exact/R,census,2026-08-24T03:02:29.698Z
"110 NE 2 ST, BOCA RATON, 33432",26.352297869358,-80.085156335635,Exact/R,census,2026-08-24T03:02:29.698Z
"110 S CONGRESS AVE, DELRAY BEACH, 33445",26.458685869223,-80.093711324275,Exact/R,census,2026-08-24T03:02:29.698Z
"1100 BANYAN BLVD, WEST PALM BEACH, 33401",26.508060433795,-80.054130144944,Exact/L,census,2026-08-24T03:02:29.698Z
"1100 BARNETT DR 48, LAKE WORTH, 33461",26.628287649721,-80.070424847888,Exact/R,census,2026-08-24T03:02:29.698Z
"1100 BARNETT DR STE 48, LAKE WORTH, 33461",26.628287649721,-80.070424847888,Exact/R,census,2026-08-24T03:02:29.698Z
"1100 LINTON BLVD SUITE C3-C4, DELRAY BEACH, 33444",26.439567154027,-80.084440337219,Non_Exact/L,census,2026-08-24T03:02:29.698Z
"1100 N CONGRESS AVE STE 110, BOYNTON BEACH, 33426",26.537549090186,-80.090609293899,Exact/L,census,2026-08-24T03:02:29.698Z
"1100 N CONGRESS AVE UNIT 130, BOYNTON BEACH, 33426",26.537549090186,-80.090609293899,Exact/L,census,2026-08-24T03:02:29.698Z
"1100 N MAIN ST STE A, BELLE GLADE, 33430",26.695889310793,-80.667960237605,Non_Exact/L,census,2026-08-24T03:02:29.698Z
"1100 N MAIN ST, BELLE GLADE, 33430",26.695889310793,-80.667960237605,Exact/L,census,2026-08-24T03:02:29.698Z
"1100 S OCEAN BLVD, PALM BEACH, 33480",26.677809133074,-80.036101521649,Exact/R,census,2026-08-24T03:02:29.698Z
"1101 S DIXIE HWY, LANTANA, 33462",26.576241876412,-80.053485204634,Exact/R,census,2026-08-24T03:02:29.698Z
"1103 ROYAL PALM BEACH BLVD, ROYAL PALM BEACH, 33411",26.706313318094,-80.229291236047,Exact/L,census,2026-08-24T03:02:29.698Z
"1104 ROYAL PALM BEACH BLVD, ROYAL PALM BEACH, 33411",26.706326457359,-80.229161987462,Exact/R,census,2026-08-24T03:02:29.698Z
"1105 ROYAL PALM BEACH BLVD, ROYAL PALM BEACH, 33411",26.706349274951,-80.229289077452,Exact/L,census,2026-08-24T03:02:29.698Z
"11051 SOUTHERN BLVD STE 150, ROYAL PALM BEACH, 33411",26.681149959384,-80.221293387081,Exact/R,census,2026-08-24T03:02:29.698Z
"11051 SOUTHERN BLVD STE 200, ROYAL PALM BEACH, 33411",26.681149959384,-80.221293387081,Exact/R,census,2026-08-24T03:02:29.698Z
"11051 SOUTHERN BLVD STE 210, ROYAL PALM BEACH, 33411",26.681149959384,-80.221293387081,Exact/R,census,2026-08-24T03:02:29.698Z
"1107 LIGHTHOUSE PROMENADE, JUPITER, 33477",26.9451286,-80.0825663,google:RANGE_INTERPOLATED,google,2026-08-24T12:15:59.167Z
"11071 SOUTHERN BLVD STE 140, ROYAL PALM BEACH, 33411",26.681168691821,-80.221969984282,Exact/R,census,2026-08-24T03:02:29.698Z
"11071 SOUTHERN BLVD STE 170, ROYAL PALM BEACH, 33411",26.681168691821,-80.221969984282,Exact/R,census,2026-08-24T03:02:29.698Z
"11071 SOUTHERN BLVD, ROYAL PLM BEACH, 33411",26.681168691821,-80.221969984282,Exact/R,census,2026-08-24T03:02:29.698Z
"1108 MILITARY TRAIL, JUPITER, 33458",26.921558431207,-80.102331420066,Exact/R,census,2026-08-24T03:02:29.698Z
"1108 S DIXIE HWY, LAKE WORTH BEACH, 33460",26.602428862405,-80.057697821723,Exact/L,census,2026-08-24T03:02:29.698Z
"11081 SOUTHERN BLVD STE 110, ROYAL PLM BEACH, 33411",26.68117805804,-80.222308282883,Exact/R,census,2026-08-24T03:02:29.698Z
"1109 25 ST STE A, WEST PALM BEACH, 33407",26.736705725365,-80.065729001728,Non_Exact/R,census,2026-08-24T03:02:29.698Z
"111 E ATLANTIC AVE, DELRAY BEACH, 33444",26.461699432939,-80.071939039869,Exact/L,census,2026-08-24T03:02:29.698Z
"111 S 3 ST, LANTANA, 33462",26.584322523716,-80.052527908162,Exact/R,census,2026-08-24T03:02:29.698Z
"111 SE MIZNER BLVD, BOCA RATON, 33432",26.348537497322,-80.083701253161,Exact/R,census,2026-08-24T03:02:29.698Z
"111-B E ATLANTIC AVE, DELRAY BEACH, 33444",26.461699432939,-80.071939039869,Non_Exact/L,census,2026-08-24T03:02:29.698Z
"11101 SOUTHERN BLVD, ROYAL PALM BEACH, 33411",26.681196790477,-80.222984880084,Exact/R,census,2026-08-24T03:02:29.698Z
"1111 ARROWHEAD POINT RD, LOXAHATCHEE, 33470",26.696290628176,-80.360514025444,Exact/L,census,2026-08-24T03:02:29.698Z
"1111 CONGRESS AVE, WEST PALM BEACH, 33409",26.721239988725,-80.082155997402,Non_Exact/L,census,2026-08-24T03:02:29.698Z
"1111 E ATLANTIC AVE, DELRAY BEACH, 33483",26.461744432678,-80.060798840671,Exact/L,census,2026-08-24T03:02:29.698Z
"1111 LOVE ST, JUPITER, 33477",26.94455692686,-80.081910059119,Exact/R,census,2026-08-24T03:02:29.698Z
"1111 N CONGRESS AVE, WEST PALM BEACH, 33409",26.721239988725,-80.082155997402,Non_Exact/L,census,2026-08-24T03:02:29.698Z
"11111 SOUTHERN BLVD, ROYAL PALM BEACH, 33411",26.681206156695,-80.223323178684,Exact/R,census,2026-08-24T03:02:29.698Z
"11121 SOUTHERN BLVD, ROYAL PALM BEACH, 33411",26.681215522914,-80.223661477285,Exact/R,census,2026-08-24T03:02:29.698Z
"1113 ROYAL PALM BEACH BLVD, ROYAL PALM BEACH, 33411",26.706493102379,-80.229280443071,Exact/L,census,2026-08-24T03:02:29.698Z
"11131 SOUTHERN BLVD, ROYAL PALM BEACH, 33411",26.681224889133,-80.223999775885,Exact/R,census,2026-08-24T03:02:29.698Z
"11141 SOUTHERN BLVD, ROYAL PALM BEACH, 33411",26.681234255351,-80.224338074486,Exact/R,census,2026-08-24T03:02:29.698Z
"11150 OKEECHOBEE BLVD ST H, ROYAL PLM BEACH, 33411",26.707415485655,-80.219567450949,Non_Exact/R,census,2026-08-24T03:02:29.698Z
"11150 OKEECHOBEE BLVD STE E, ROYAL PALM BEACH, 33411",26.707415485655,-80.219567450949,Non_Exact/R,census,2026-08-24T03:02:29.698Z
"11150 OKEECHOBEE BLVD STE H, ROYAL PALM BEACH, 33411",26.707415485655,-80.219567450949,Non_Exact/R,census,2026-08-24T03:02:29.698Z
"11150 OKEECHOBEE BLVD UNIT H, ROYAL PALM BEACH, 33411",26.707415485655,-80.219567450949,Non_Exact/R,census,2026-08-24T03:02:29.698Z
"11150 OKEECHOBEE BLVD, ROYAL PALM BEACH, 33411",26.707415485655,-80.219567450949,Exact/R,census,2026-08-24T03:02:29.698Z
"11151 SOUTHERN BLVD STE 100, ROYAL PLM BEACH, 33411",26.68124362157,-80.224676373086,Exact/R,census,2026-08-24T03:02:29.698Z
"1116 LOVE ST, JUPITER, 33477",26.944639557583,-80.082023110317,Exact/L,census,2026-08-24T03:02:29.698Z
"1118 25 ST, WEST PALM BEACH, 33407",26.736580064602,-80.06481645746,Exact/L,census,2026-08-24T03:02:29.698Z
"1118 25TH STREET, WEST PALM BEACH, 33407",26.736580064602,-80.06481645746,Exact/L,census,2026-08-24T03:02:29.698Z
"1118 E ATLANTIC AVE, DELRAY BEACH, 33483",26.461629841299,-80.060337720019,Exact/R,census,2026-08-24T03:02:29.698Z
"11198 POLO CLUB RD, WELLINGTON, 33414",26.649702650114,-80.225315115139,Exact/R,census,2026-08-24T03:02:29.698Z
"112 CLEMATIS, WEST PALM BEACH, 33401",26.7127942,-80.05019229999999,google:ROOFTOP,google,2026-08-24T12:15:59.167Z
"112 NE 2 ST, BOCA RATON, 33432",26.352297869358,-80.085133123702,Exact/R,census,2026-08-24T03:02:29.698Z
"11200 PARK ACCESS RD, BOCA RATON, 33498",26.374501003902,-80.211422903588,Exact/L,census,2026-08-24T03:02:29.698Z
"11200 VALENCIA ISLES BLVD, BOYNTON BEACH, 33437",26.507542283134,-80.159396611569,Exact/R,census,2026-08-24T03:02:29.698Z
"1121 HOLLAND DR STE 25, BOCA RATON, 33487",26.40675639541,-80.110964014127,Exact/L,census,2026-08-24T03:02:29.698Z
"1124 ROYAL PALM BEACH BLVD, WEST PALM BEACH, 33411",26.706602620848,-80.229145408561,Exact/R,census,2026-08-24T03:02:29.698Z
"11240 TURTLE BEACH RD, NORTH PALM BEACH, 33408",26.840129830084,-80.043677947645,Exact/R,census,2026-08-24T03:02:29.698Z
"11249 S FEDERAL HWY, NORTH PALM BEACH, 33408",26.5543647,-80.0552314,google:RANGE_INTERPOLATED,google,2026-08-24T12:15:59.167Z
"1128 N FEDERAL HWY, LAKE PARK, 33403",26.802213289754,-80.055231649942,Non_Exact/L,census,2026-08-24T03:02:29.698Z
"1128 ROYAL PALM BEACH BLVD, ROYAL PLM BEACH, 33411",26.706657853545,-80.229142092781,Exact/R,census,2026-08-24T03:02:29.698Z
"11290 LEGACY AVE 100, PALM BEACH GARDENS, 33410",26.841834713321,-80.090744106057,Exact/R,census,2026-08-24T03:02:29.698Z
"11290 LEGACY AVE, PALM BEACH GARDENS, 33410",26.841834713321,-80.090744106057,Exact/R,census,2026-08-24T03:02:29.698Z
"113 N CONGRESS AVE, BOYNTON BEACH, 33426",26.524994243689,-80.090503063213,Exact/R,census,2026-08-24T03:02:29.698Z
"11300 LEGACY AVE 120, PALM BEACH GARDENS, 33410",26.841954322806,-80.090744106053,Exact/R,census,2026-08-24T03:02:29.698Z
"11300 S MILITARY TRAIL STE 104, VILLAGE OF GOLF, 33436",26.510365491923,-80.123022425317,Exact/L,census,2026-08-24T03:02:29.698Z
"1132 SOUTH J STREET, LAKE WORTH, 33460",26.602136055185,-80.057188534207,Exact/L,census,2026-08-24T03:02:29.698Z
"11320 LEGACY AVE, PALM BEACH GARDENS, 33410",26.842128333509,-80.0906337329,Exact/R,census,2026-08-24T03:02:29.698Z
"11328 OKEECHOBEE BLVD STE 1, ROYAL PALM BEACH, 33411",26.706772013867,-80.22078120583,Exact/R,census,2026-08-24T03:02:29.698Z
"11328 OKEECHOBEE BLVD STE 4, ROYAL PALM BEACH, 33411",26.706772013867,-80.22078120583,Exact/R,census,2026-08-24T03:02:29.698Z
"11328 OKEECHOBEE BLVD STE 5, ROYAL PALM BEACH, 33411",26.706772013867,-80.22078120583,Exact/R,census,2026-08-24T03:02:29.698Z
"11328 OKEECHOBEE BLVD STE 6, ROYAL PALM BEACH, 33411",26.706772013867,-80.22078120583,Exact/R,census,2026-08-24T03:02:29.698Z
"11328 OKEECHOBEE BLVD, ROYAL PALM BEACH, 33411",26.706772013867,-80.22078120583,Exact/R,census,2026-08-24T03:02:29.698Z
"11330 LEGACY AVE, PALM BEACH GARDENS, 33410",26.842227456605,-80.090558708538,Exact/R,census,2026-08-24T03:02:29.698Z
"1134 E ATLANTIC AVE, DELRAY BEACH, 33483",26.461629841297,-80.060247244203,Exact/R,census,2026-08-24T03:02:29.698Z
"11340 LEGACY AVE STE E-100, PALM BEACH GARDENS, 33410",26.8423265797,-80.090483684176,Non_Exact/R,census,2026-08-24T03:02:29.698Z
"1136 E ATLANTIC AVE, DELRAY BEACH, 33483",26.461629841297,-80.060235934727,Exact/R,census,2026-08-24T03:02:29.698Z
"11360 US RTE 1, PALM BEACH GARDENS, 33408",26.841132036187,-80.061901777111,Exact/L,census,2026-08-24T03:02:29.698Z
"11365 LEGACY AVE BLDG B, PALM BEACH GARDENS, 33410",26.844080432472,-80.090424277153,Non_Exact/R,census,2026-08-24T03:02:29.698Z
"1137 S MILITARY TRL, DEERFIELD BEACH, 33442",26.303005928641,-80.130434527958,Exact/L,census,2026-08-24T03:02:29.698Z
"11379 W PALMETTO PARK RD, BOCA RATON, 33428",26.349100464566,-80.220451271331,Exact/L,census,2026-08-24T03:02:29.698Z
"11380 LEGACY AVE, PALM BEACH GARDENS, 33410",26.842723072081,-80.090183586728,Exact/R,census,2026-08-24T03:02:29.698Z
"113800 JOG RD 111, DELRAY BEACH, 33446",,,google:GEOMETRIC_CENTER-too-coarse,google,2026-08-24T12:15:59.167Z
"11395 W PALMETTO PARK RD STE D, BOCA RATON, 33428",26.349100464572,-80.220725740322,Non_Exact/L,census,2026-08-24T03:02:29.698Z
"114 NARCISSUS AVE, WEST PALM BEACH, 33401",26.7126213,-80.0504852,google:ROOFTOP,google,2026-08-24T12:15:59.167Z
"114 NE 2 ST, BOCA RATON, 33432",26.352297869357,-80.085109911769,Exact/R,census,2026-08-24T03:02:29.698Z
"114 S CLEMATIS ST, WEST PALM BEACH, 33401",26.712397993945,-80.049308626764,Exact/L,census,2026-08-24T03:02:29.698Z
"114 S OLIVE AVE, WEST PALM BEACH, 33401",26.713124848424,-80.051835352702,Exact/L,census,2026-08-24T03:02:29.698Z
"11401 NORTHLAKE BLVD, PALM BEACH GARDENS, 33412",26.812172849026,-80.221660618681,Exact/L,census,2026-08-24T03:02:29.698Z
"11405-C W PALMETTO RD, BOCA RATON, 33428",26.348282842322,-80.228211216304,Non_Exact/R,census,2026-08-24T03:02:29.698Z
"1141 S ROGERS CIRCLE, BOCA RATON, 33487",26.403386374165,-80.109565183793,Exact/L,census,2026-08-24T03:02:29.698Z
"11411 W PALMETTO PARK RD STE B, BOCA RATON, 33428",26.348283916862,-80.228295235887,Non_Exact/R,census,2026-08-24T03:02:29.698Z
"11419 W PALMETTO PARK RD STE C, BOCA RATON, 33428",26.348291106539,-80.228415662922,Non_Exact/R,census,2026-08-24T03:02:29.698Z
"11419 W PALMETTO PARK RD STE D, BOCA RATON, 33428",26.348291106539,-80.228415662922,Non_Exact/R,census,2026-08-24T03:02:29.698Z
"1145 MAIN ST, JUPITER, 33458",26.8882285,-80.1134106,google:ROOFTOP,google,2026-08-24T12:15:59.167Z
"11452 OKEECHOBEE BLVD, ROYAL PALM BEACH, 33411",26.706190461356,-80.224217729785,Exact/R,census,2026-08-24T03:02:29.698Z
"11460 US HWY 1, NORTH PALM BEACH, 33408",26.841811459862,-80.061841918033,Exact/L,census,2026-08-24T03:02:29.698Z
"11482 OKEECHOBEE BLVD, ROYAL PALM BEACH, 33411",26.706186368731,-80.225138454692,Exact/R,census,2026-08-24T03:02:29.698Z
"115 EAGLE TREE TER, JUPITER, 33477",26.88754788697,-80.089075752114,Exact/L,census,2026-08-24T03:02:29.698Z
"115 EAGLE TREE TERRACE, JUPITER, 33477",26.88754788697,-80.089075752114,Exact/L,census,2026-08-24T03:02:29.698Z
"115 N CONGRESS AVE, BOYNTON BEACH, 33426",26.525022540897,-80.090503587235,Exact/R,census,2026-08-24T03:02:29.698Z
"115 NE 6 AVE, DELRAY BEACH, 33483",26.463778491291,-80.067017192488,Exact/R,census,2026-08-24T03:02:29.698Z
"1150 INDIANTOWN RD, JUPITER, 33458",26.933985701564,-80.114543759714,Non_Exact/L,census,2026-08-24T03:02:29.698Z
"1150 OKEECHOBEE BLVD STE H, ROYAL PALM BEACH, 33411",26.7058259,-80.06295229999999,google:RANGE_INTERPOLATED,google,2026-08-24T12:15:59.167Z
"11500 S MILITARY TRL SUITE 102, GOLF, 33436",26.507645535262,-80.122990525872,Exact/L,census,2026-08-24T03:02:29.698Z
"11501 EL CLAIR RANCH RD, BOYNTON BEACH, 33437",,,google:GEOMETRIC_CENTER-too-coarse,google,2026-08-24T12:15:59.167Z
"1151 N CONGRESS AVENUE, BOYNTON BEACH, 33426",26.537856159121,-80.09074322196,Exact/R,census,2026-08-24T03:02:29.698Z
"1152 OLD OKEECHOBEE RD, WEST PALM BEACH, 33401",26.700513833993,-80.06415356809,Non_Exact/L,census,2026-08-24T03:02:29.698Z
"11520 LOST TREE WAY, NORTH PALM BEACH, 33408",26.844942421031,-80.052789277134,Exact/R,census,2026-08-24T03:02:29.698Z
"1153 N MILITARY TRAIL, WEST PALM BEACH, 33409",26.694442830886,-80.111672599837,Exact/L,census,2026-08-24T03:02:29.698Z
"1153 N MILITARY TRL, WEST PALM BEACH, 33409",26.694442830886,-80.111672599837,Exact/L,census,2026-08-24T03:02:29.698Z
"1153 TOWN CENTER DR STE 101, JUPITER, 33458",26.889777272565,-80.113924357605,Exact/R,census,2026-08-24T03:02:29.698Z
"1155 E ATLANTIC AVE 101, DELRAY BEACH, 33483",26.461744432663,-80.060128363187,Exact/L,census,2026-08-24T03:02:29.698Z
"1155 E ATLANTIC AVE 102, DELRAY BEACH, 33483",26.461744432663,-80.060128363187,Exact/L,census,2026-08-24T03:02:29.698Z
"1155 E ATLANTIC AVE 103, DELRAY BEACH, 33483",26.461744432663,-80.060128363187,Non_Exact/L,census,2026-08-24T03:02:29.698Z
"1155 MAIN ST STE 120, JUPITER, 33458",26.8888071,-80.1146578,google:ROOFTOP,google,2026-08-24T12:15:59.167Z
"1155 MAIN ST UNIT 112, JUPITER, 33458",26.8885427,-80.1142765,google:ROOFTOP,google,2026-08-24T12:15:59.167Z
"1155 ROYAL PALM BEACH BLVD, ROYAL PALM BEACH, 33411",26.707248196374,-80.229235112573,Exact/L,census,2026-08-24T03:02:29.698Z
"11550 MIRASOL WAY, PALM BEACH GARDENS, 33418",26.847640944379,-80.159749053207,Exact/R,census,2026-08-24T03:02:29.698Z
"1157 ROYAL PALM BEACH BLVD, ROYAL PLM BEACH, 33411",26.70728415323,-80.229232953978,Exact/L,census,2026-08-24T03:02:29.698Z
"11575 US HWY 1 STE 85, NORTH PALM BEACH, 33408",26.845289546139,-80.061026399477,Exact/L,census,2026-08-24T03:02:29.698Z
"11575 US HWY1, NORTH PALM BEACH, 33408",26.845289546139,-80.061026399477,Non_Exact/L,census,2026-08-24T03:02:29.698Z
"11585 US HWY 1 BAY 312, NORTH PALM BEACH, 33408",26.845397330076,-80.060989638729,Exact/L,census,2026-08-24T03:02:29.698Z
"11588 US HWY 1, PALM BEACH GARDENS, 33410",26.842665672828,-80.061620966731,Non_Exact/L,census,2026-08-24T03:02:29.698Z
"1159 S FEDERAL HWY, BOCA RATON, 33432",26.339437503681,-80.0862568603,Exact/R,census,2026-08-24T03:02:29.698Z
"116 LAKESHORE DR, NORTH PALM BEACH, 33408",26.831269425454,-80.056464851111,Exact/L,census,2026-08-24T03:02:29.698Z
"116 NE 6 AVE, DELRAY BEACH, 33483",26.463811068861,-80.067145852118,Exact/L,census,2026-08-24T03:02:29.698Z
"116 SE 2ND ST, BELLE GLADE, 33430",26.6848098,-80.66529179999999,google:RANGE_INTERPOLATED,google,2026-08-24T12:15:59.167Z
"11600 MIRASOL WAY, PALM BEACH GARDENS, 33418",26.8487765,-80.15771289999999,google:ROOFTOP,google,2026-08-24T12:15:59.167Z
"11600 MIRASOL WY, PALM BEACH GARDENS, 33418",26.8487765,-80.15771289999999,google:ROOFTOP,google,2026-08-24T12:15:59.167Z
"11600 POINCLANA DR, WEST PALM BEACH, 33415",26.697246642376,-80.223310541576,Non_Exact/L,census,2026-08-24T03:02:29.698Z
"11600 VALENCIA LAKES BLVD, BOYNTON BEACH, 33437",26.505378832804,-80.171604780852,Exact/L,census,2026-08-24T03:02:29.698Z
"11603 US HWY 1, NORTH PALM BEACH, 33408",26.845591341163,-80.060923469381,Exact/L,census,2026-08-24T03:02:29.698Z
"11604 US HWY 1, PALM BEACH GARDENS, 33408",26.842771724287,-80.061587631648,Exact/L,census,2026-08-24T03:02:29.698Z
"11608 US HIGHWAY 1, PALM BEACH GARDENS, 33408",26.842798333201,-80.061579165175,Exact/L,census,2026-08-24T03:02:29.698Z
"11611 ELLISON WILSON RD, PALM BEACH GARDENS, 33408",26.84545213234,-80.064450966501,Exact/L,census,2026-08-24T03:02:29.698Z
"1163 EAST ATLANTIC AVE, DELRAY BEACH, 33483",26.461744432662,-80.060084177324,Exact/L,census,2026-08-24T03:02:29.698Z
"11630 POLO CLUB RD, WELLINGTON, 33414",26.643591639828,-80.230107547263,Exact/L,census,2026-08-24T03:02:29.698Z
"1164 CONGRESS AVE, WEST PALM BEACH, 33409",26.722165215002,-80.082389567504,Non_Exact/R,census,2026-08-24T03:02:29.698Z
"11658 US HWY 1, PALM BEACH GARDENS, 33408",26.843131252782,-80.061473948154,Exact/L,census,2026-08-24T03:02:29.698Z
"117 N COASTAL WAY, JUPITER, 33477",26.935587346199,-80.082703620103,Exact/R,census,2026-08-24T03:02:29.698Z
"1170 S OCEAN BLVD, PALM BEACH, 33480",26.675964696427,-80.037364663787,Non_Exact/R,census,2026-08-24T03:02:29.698Z
"11701 LAKE VICTORIA AVE, PALM BEACH GARDENS, 33410",26.846553443445,-80.092679750584,Non_Exact/L,census,2026-08-24T03:02:29.698Z
"11701 LAKE VICTORIA DR, PALM BEACH GARDENS, 33410",26.846553443445,-80.092679750584,Non_Exact/L,census,2026-08-24T03:02:29.698Z
"11701 LAKE VICTORIA GARDEN AVE 8102, PALM BEACH GARDENS, 33410",26.846553443445,-80.092679750584,Exact/L,census,2026-08-24T03:02:29.698Z
"11701 LAKE VICTORIA GARDENS AVE 1111, PALM BEACH GARDENS, 33410",26.846553443445,-80.092679750584,Non_Exact/L,census,2026-08-24T03:02:29.698Z
"11701 LAKE VICTORIA GARDENS AVE 1201, PALM BEACH GARDENS, 33410",26.846553443445,-80.092679750584,Non_Exact/L,census,2026-08-24T03:02:29.698Z
"11701 LAKE VICTORIA GARDENS AVE 3101, PALM BEACH GARDENS, 33410",26.846553443445,-80.092679750584,Non_Exact/L,census,2026-08-24T03:02:29.698Z
"11701 LAKE VICTORIA GARDENS AVE 3103, PALM BEACH GARDENS, 33410",26.846553443445,-80.092679750584,Non_Exact/L,census,2026-08-24T03:02:29.698Z
"11701 LAKE VICTORIA GARDENS AVE 3115, PALM BEACH GARDENS, 33410",26.846553443445,-80.092679750584,Non_Exact/L,census,2026-08-24T03:02:29.698Z
"11701 LAKE VICTORIA GARDENS AVE, PALM BEACH GARDENS, 33410",26.846553443445,-80.092679750584,Exact/L,census,2026-08-24T03:02:29.698Z
"11701 LAKE VICTORIA GARDENS STE 4101, PALM BEACH GARDENS, 33410",26.846553443445,-80.092679750584,Non_Exact/L,census,2026-08-24T03:02:29.698Z
"11701 LAKE VICTORIA GDNS AVE 5090, PALM BEACH GARDENS, 33410",26.846553443445,-80.092679750584,Non_Exact/L,census,2026-08-24T03:02:29.698Z
"11701 LK VICTORIA GARDENS AVE 7101, PALM BEACH GARDENS, 33410",26.846553443445,-80.092679750584,Exact/L,census,2026-08-24T03:02:29.698Z
"11701 LK VICTORIA GDNS AVE 33410, PALM BEACH GARDENS, 33410",26.846553443445,-80.092679750584,Exact/L,census,2026-08-24T03:02:29.698Z
"11705 OKEECHOBEE BLVD, ROYAL PALM BEACH, 33411",26.706269874571,-80.230317581224,Exact/L,census,2026-08-24T03:02:29.698Z
"1179 ROYAL PALM BEACH BLVD, ROYAL PALM BEACH, 33411",26.707679678656,-80.229209209432,Exact/L,census,2026-08-24T03:02:29.698Z
"1179 S FEDERAL HWY, BOCA RATON, 33432",26.339286383291,-80.086250497341,Exact/R,census,2026-08-24T03:02:29.698Z
"118 E OCEAN AVE, LANTANA, 33462",26.584342895001,-80.051683831027,Exact/R,census,2026-08-24T03:02:29.698Z
"1180 S CONGRESS AVE 101, PALM SPRINGS, 33406",26.659379086385,-80.088182298757,Non_Exact/L,census,2026-08-24T03:02:29.698Z
"11800 LAKE VICTORIA GARDENS AVE, PALM BEACH GARDENS, 33410",26.8496939,-80.0929068,google:ROOFTOP,google,2026-08-24T12:15:59.167Z
"11800 S MILITARY TRL STE 103, BOYNTON BEACH, 33436",26.505972696792,-80.12297344569,Exact/L,census,2026-08-24T03:02:29.698Z
"11811 US HWY 1, NORTH PALM BEACH, 33408",26.847982093269,-80.060113452674,Exact/L,census,2026-08-24T03:02:29.698Z
"11825 LAKE VICTORIA GARDENS AVE, PALM BEACH GARDENS, 33410",26.8508771,-80.0945017,google:ROOFTOP,google,2026-08-24T12:15:59.167Z
"11851 SOUTHERN BLVD B, ROYAL PALM BEACH, 33411",26.681468353285,-80.232612986827,Non_Exact/R,census,2026-08-24T03:02:29.698Z
"11889 OLD PALM DR, PALM BEACH GARDENS, 33418",26.849974087647,-80.121352541826,Exact/L,census,2026-08-24T03:02:29.698Z
"11889 OLD PALM RD, PALM BEACH GARDENS, 33418",26.849974087647,-80.121352541826,Non_Exact/L,census,2026-08-24T03:02:29.698Z
"11899 OLD PALM DR, PALM BEACH GARDENS, 33418",26.850322619859,-80.121212241705,Exact/L,census,2026-08-24T03:02:29.698Z
"119 N CONGRESS AVE, BOYNTON BEACH, 33426",26.525079135314,-80.090504635278,Exact/R,census,2026-08-24T03:02:29.698Z
"119 NEWBERRY LN, ROYAL PALM, 33414",26.669314175646,-80.207676231049,Non_Exact/L,census,2026-08-24T03:02:29.698Z
"119 W PALMETTO PARK RD STE 100, BOCA RATON, 33432",26.350538569737,-80.088566050613,Exact/R,census,2026-08-24T03:02:29.698Z
"119 W PALMETTO PARK RD STE 400, BOCA RATON, 33432",26.350538569737,-80.088566050613,Exact/R,census,2026-08-24T03:02:29.698Z
"119 W PALMETTO PARK RD, BOCA RATON, 33432",26.350538569737,-80.088566050613,Exact/R,census,2026-08-24T03:02:29.698Z
"1190 BOYNTON BEACH BLVD, BOYNTON BEACH, 33426",26.527771995492,-80.085977034072,Non_Exact/L,census,2026-08-24T03:02:29.698Z
"1191 N FEDERAL HWY, DELRAY BEACH, 33483",26.476601433776,-80.066991118486,Exact/R,census,2026-08-24T03:02:29.698Z
"1191 ROYAL PALM BEACH BLVD, WEST PALM BEACH, 33411",26.707895419798,-80.229196257861,Exact/L,census,2026-08-24T03:02:29.698Z
"11911 US HWY 1 UNIT 103, NORTH PALM BEACH, 33408",26.849935778429,-80.059459808943,Exact/L,census,2026-08-24T03:02:29.698Z
"1192 ROYAL PALM BEACH BLVD, ROYAL PALM BEACH, 33411",26.707541576709,-80.229089040298,Exact/R,census,2026-08-24T03:02:29.698Z
"11920 47TH ROAD NORTH, WEST PALM BEACH, 33411",26.747414317309,-80.229908949848,Exact/L,census,2026-08-24T03:02:29.698Z
"11924 FOREST HILL BLVD STE 26, WELLINGTON, 33414",26.653420089285,-80.235350816335,Exact/R,census,2026-08-24T03:02:29.698Z
"11924 FOREST HILL BLVD STE 8, WELLINGTON, 33414",26.653420089285,-80.235350816335,Exact/R,census,2026-08-24T03:02:29.698Z
"11924 W FOREST HILL BLVD 33, WELLINGTON, 33414",26.653420089285,-80.235350816335,Non_Exact/R,census,2026-08-24T03:02:29.698Z
"11924 W FOREST HILL BLVD 36A, WELLINGTON, 33414",26.653420089285,-80.235350816335,Non_Exact/R,census,2026-08-24T03:02:29.698Z
"11924 W FOREST HILL BLVD STE 28, WELLINGTON, 33414",26.653420089285,-80.235350816335,Non_Exact/R,census,2026-08-24T03:02:29.698Z
"11924 W FOREST HILL BLVD UNIT 24-25, WELLINGTON, 33414",26.653420089285,-80.235350816335,Non_Exact/R,census,2026-08-24T03:02:29.698Z
"11925 SOUTHERN BLVD STE C, ROYAL PALM BEACH, 33411",26.681502712553,-80.233847465215,Non_Exact/R,census,2026-08-24T03:02:29.698Z
"11929 SOUTHERN BLVD STE 6, ROYAL PALM BEACH, 33411",26.681504569811,-80.233914193776,Exact/R,census,2026-08-24T03:02:29.698Z
"11929 SOUTHERN BLVD STE 7, ROYAL PLM BEACH, 33411",26.681504569811,-80.233914193776,Exact/R,census,2026-08-24T03:02:29.698Z
"11929 SOUTHERN BLVD, ROYAL PALM BEACH, 33411",26.681504569811,-80.233914193776,Exact/R,census,2026-08-24T03:02:29.698Z
"1193 ROYAL PALM BEACH BLVD, ROYAL PLM BEACH, 33411",26.707931376655,-80.229194099266,Exact/L,census,2026-08-24T03:02:29.698Z
"11932 OLD PALM DR, PALM BEACH GARDENS, 33418",26.840293437749,-80.126043158912,Exact/L,census,2026-08-24T03:02:29.698Z
"11935 SOUTHERN BLVD BAY 21-23, ROYAL PALM BEACH, 33411",26.681733274644,-80.242583213316,Exact/R,census,2026-08-24T03:02:29.698Z
"11940 N US HWY 1 STE 115, PALM BEACH GARDENS, 33408",26.85151844973,-80.058675741006,Non_Exact/L,census,2026-08-24T03:02:29.698Z
"11940 US HIGHWAY ONE STE 175, PALM BEACH GARDENS, 33408",26.8516056,-80.0577588,google:ROOFTOP,google,2026-08-24T12:15:59.167Z
"11940 US HWY 1 STE 110, PALM BEACH GARDENS, 33408",26.85151844973,-80.058675741006,Exact/L,census,2026-08-24T03:02:29.698Z
"11940 US HWY 1 STE 120, PALM BEACH GARDENS, 33408",26.85151844973,-80.058675741006,Exact/L,census,2026-08-24T03:02:29.698Z
"11945 SOUTHERN BLVD, ROYAL PALM BEACH, 33411",26.681756024361,-80.243340453296,Exact/R,census,2026-08-24T03:02:29.698Z
"1195 N MILLITARY TRAIL, WEST PALM BEACH, 33409",26.695183314175,-80.111633090091,Non_Exact/L,census,2026-08-24T03:02:29.698Z
"11955 SOUTHERN BLVD, ROYAL PALM BEACH, 33411",26.681778774079,-80.244097693277,Exact/R,census,2026-08-24T03:02:29.698Z
"11959 SOUTHERN BLVD, ROYAL PALM BEACH, 33411",26.681787873965,-80.24440058927,Exact/R,census,2026-08-24T03:02:29.698Z
"1196 ROYAL PALM BEACH BLVD, ROYAL PALM BEACH, 33411",26.707596809406,-80.229085724518,Exact/R,census,2026-08-24T03:02:29.698Z
"11963 SOUTHERN BLVD, ROYAL PLM BEACH, 33411",26.681796087748,-80.244680435742,Exact/R,census,2026-08-24T03:02:29.698Z
"11967 SOUTHERN BLVD, ROYAL PALM BEACH, 33411",26.681802702799,-80.24492519241,Exact/R,census,2026-08-24T03:02:29.698Z
"1197 W LANTANA RD, LANTANA, 33462",26.587148326277,-80.063232757142,Exact/R,census,2026-08-24T03:02:29.698Z
"1198 N DIXIE HWY, BOCA RATON, 33432",26.361680947161,-80.085961087174,Exact/R,census,2026-08-24T03:02:29.698Z
"11980 SAN CRISTOBAL GARDENS AVE, PALM BEACH GARDENS, 33410",26.852603124515,-80.088518228927,Non_Exact/R,census,2026-08-24T03:02:29.698Z
"11985 US HWY 1 STE 101, NORTH PALM BEACH, 33408",26.85213245125,-80.05870610834,Exact/L,census,2026-08-24T03:02:29.698Z
"11995 SOUTHERN BLVD, ROYAL PALM BEACH, 33411",26.681849008156,-80.246638489083,Exact/R,census,2026-08-24T03:02:29.698Z
"12 SE 5TH AVE, DELRAY BEACH, 33483",26.461421473659,-80.068110611925,Exact/R,census,2026-08-24T03:02:29.698Z
"120 N FEDERAL HWY 104, LAKE WORTH, 33460",26.616772604211,-80.052326372545,Exact/R,census,2026-08-24T03:02:29.698Z
"120 NW SPANISH RIVER BLVD, BOCA RATON, 33431",26.386062713516,-80.083397913275,Non_Exact/L,census,2026-08-24T03:02:29.698Z
"120 S DIXIE HWY 101, WEST PALM BEACH, 33401",26.713118439175,-80.053477113138,Exact/L,census,2026-08-24T03:02:29.698Z
"1200 DOVER RD, DELRAY BEACH, 33445",26.439558878939,-80.105970435453,Exact/L,census,2026-08-24T03:02:29.698Z
"1200 N FEDERAL HWY, BOCA RATON, 33432",26.361855790164,-80.082241389197,Exact/R,census,2026-08-24T03:02:29.698Z
"1200 TOWN CENTER DR STE 101, JUPITER, 33458",26.889678735299,-80.114547053564,Exact/L,census,2026-08-24T03:02:29.698Z
"1200 TOWN CENTER DR STE 125, JUPITER, 33458",26.889678735299,-80.114547053564,Exact/L,census,2026-08-24T03:02:29.698Z
"1200 W YAMATO RD A5, BOCA RATON, 33431",26.3933684,-80.11294730000002,google:ROOFTOP,google,2026-08-24T12:15:59.167Z
"1200 W YAMATO RD STE B3, BOCA RATON, 33431",26.3930482,-80.1125981,google:ROOFTOP,google,2026-08-24T12:15:59.167Z
"1200 YAMATO RD A1, BOCA RATON, 33431",26.3932014,-80.11307599999999,google:RANGE_INTERPOLATED,google,2026-08-24T12:15:59.167Z
"1200 YAMATO RD C1, BOCA RATON, 33431",26.3933873,-80.1114053,google:ROOFTOP,google,2026-08-24T12:15:59.167Z
"1200 YAMATO RD C5, BOCA RATON, 33431",26.3933521,-80.1119392,google:ROOFTOP,google,2026-08-24T12:15:59.167Z
"1200 YAMATO RD STE C1, BOCA RATON, 33431",26.3933873,-80.1114053,google:ROOFTOP,google,2026-08-24T12:15:59.167Z
"1200 YAMATO RD, BOCA RATON, 33431",26.3932621,-80.11191459999999,google:ROOFTOP,google,2026-08-24T12:15:59.167Z
"12005 DUNES RD, BOYNTON BEACH, 33436",26.500204886139,-80.11640312355,Exact/L,census,2026-08-24T03:02:29.698Z
"1201 PERIWINCKLE PL, WELLINGTON, 33414",26.664029413256,-80.270822334754,Non_Exact/L,census,2026-08-24T03:02:29.698Z
"1201 US HIGHWAY ONE BAY 15, NORTH PALM BEACH, 33408",26.8358297,-80.0607189,google:ROOFTOP,google,2026-08-24T12:15:59.167Z
"1201 US HWY 1 STE 38, NORTH PALM BEACH, 33408",26.834542785327,-80.059943370014,Exact/L,census,2026-08-24T03:02:29.698Z
"1201 US HWY 1 STE 6, NORTH PALM BEACH, 33408",26.834542785327,-80.059943370014,Exact/L,census,2026-08-24T03:02:29.698Z
"1201 US HWY 1 UNIT 3, NORTH PALM BEACH, 33408",26.834542785327,-80.059943370014,Exact/L,census,2026-08-24T03:02:29.698Z
"1201 US HWY 1 UNIT 5, NORTH PALM BEACH, 33408",26.834542785327,-80.059943370014,Exact/L,census,2026-08-24T03:02:29.698Z
"1201 US HWY 1 UNIT 8, NORTH PALM BEACH, 33408",26.834542785327,-80.059943370014,Exact/L,census,2026-08-24T03:02:29.698Z
"12011 SOUTHERN BLVD, LOXAHATCHEE, 33470",26.681869880246,-80.247370563886,Exact/R,census,2026-08-24T03:02:29.698Z
"12020 S SHORE BLVD STE 500, VILLAGE OF WELLINGTO, 33414",26.650289382753,-80.235873415893,Non_Exact/L,census,2026-08-24T03:02:29.698Z
"12020 S SHORE BLVD STE 700, WELLINGTON, 33414",26.650289382753,-80.235873415893,Exact/L,census,2026-08-24T03:02:29.698Z
"12020 S SHORE BLVD STE 900, WELLINGTON, 33414",26.650289382753,-80.235873415893,Exact/L,census,2026-08-24T03:02:29.698Z
"12025 US HWY 1, NORTH PALM BEACH, 33408",26.852853070385,-80.058459498219,Exact/L,census,2026-08-24T03:02:29.698Z
"1203 TOWN CENTER DR 116, JUPITER, 33458",26.889791859203,-80.114579916167,Exact/R,census,2026-08-24T03:02:29.698Z
"1203 TOWN CENTER DR 119, JUPITER, 33458",26.889791859203,-80.114579916167,Exact/R,census,2026-08-24T03:02:29.698Z
"1203 TOWN CENTER DR BLDG 3 STE 101, JUPITER, 33458",26.889791859203,-80.114579916167,Exact/R,census,2026-08-24T03:02:29.698Z
"1203 TOWN CENTER DR SUITE 119, JUPITER, 33458",26.889791859203,-80.114579916167,Exact/R,census,2026-08-24T03:02:29.698Z
"1204 OLD OKEECHOBEE RD, WEST PALM BEACH, 33409",26.699887425961,-80.065147798163,Non_Exact/L,census,2026-08-24T03:02:29.698Z
"1204 ROYAL PALM BEACH BLVD, ROYAL PALM BEACH, 33411",26.707707274802,-80.229079092958,Exact/R,census,2026-08-24T03:02:29.698Z
"12040 S JOG RD 9, BOYNTON BEACH, 33437",26.497839000808,-80.147228625957,Non_Exact/L,census,2026-08-24T03:02:29.698Z
"12040 S JOG RD UNIT 13, BOYNTON BEACH, 33437",26.497839000808,-80.147228625957,Non_Exact/L,census,2026-08-24T03:02:29.698Z
"12040 S JOG RD, BOYNTON BEACH, 33437",26.497839000808,-80.147228625957,Non_Exact/L,census,2026-08-24T03:02:29.698Z
"12041 SOUTHERN BLVD STE 3, LOXAHATCHEE, 33470",26.681901780311,-80.248448519348,Exact/R,census,2026-08-24T03:02:29.698Z
"1207 W 45 ST, WEST PALM BEACH, 33407",26.753293486411,-80.072919023795,Non_Exact/R,census,2026-08-24T03:02:29.698Z
"1208 E ATLANTIC AVE, DELRAY BEACH, 33483",26.46163123883,-80.059609172302,Exact/R,census,2026-08-24T03:02:29.698Z
"1209 MAIN ST STE 101, JUPITER, 33458",26.888896,-80.1148542,google:ROOFTOP,google,2026-08-24T12:15:59.167Z
"1209 MAIN ST STE 116, JUPITER, 33458",26.8892018,-80.1158779,google:ROOFTOP,google,2026-08-24T12:15:59.167Z
"1209 MAIN ST UNIT 102, JUPITER, 33458",26.888874,-80.11499789999999,google:ROOFTOP,google,2026-08-24T12:15:59.167Z
"1209 S MILITARY TRAIL SUITE A, WEST PALM BEACH, 33415",26.659252787737,-80.112754376956,Non_Exact/R,census,2026-08-24T03:02:29.698Z
"1209 S MILITARY TRAIL, WEST PALM BEACH, 33415",26.659252787737,-80.112754376956,Exact/R,census,2026-08-24T03:02:29.698Z
"1209 S MILITARY TRL STE A, WEST PALM BEACH, 33415",26.659252787737,-80.112754376956,Non_Exact/R,census,2026-08-24T03:02:29.698Z
"1209 S MILITARY TRL STE F-G, WEST PALM BEACH, 33415",26.659252787737,-80.112754376956,Non_Exact/R,census,2026-08-24T03:02:29.698Z
"1209 S MILITARY TRL, WEST PALM BEACH, 33415",26.659252787737,-80.112754376956,Exact/R,census,2026-08-24T03:02:29.698Z
"121 S 3 ST, LANTANA, 33462",26.584255237141,-80.052527908164,Exact/R,census,2026-08-24T03:02:29.698Z
"121 S DIXIE HWY, LAKE WORTH BEACH, 33460",26.614390995584,-80.057465835428,Exact/R,census,2026-08-24T03:02:29.698Z
"1210 LINTON BLVD, DELRAY BEACH, 33444",26.439525762678,-80.085698635038,Exact/L,census,2026-08-24T03:02:29.698Z
"12100 HWY US 1 STE A, NORTH PALM BEACH, 33408",26.853597888239,-80.057968369314,Non_Exact/L,census,2026-08-24T03:02:29.698Z
"12100 U S HIGHWAY1 STE F, NORTH PALM BEACH, 33408",26.853597888239,-80.057968369314,Non_Exact/L,census,2026-08-24T03:02:29.698Z
"12100 US HWY 1 STE B, NORTH PALM BEACH, 33408",26.853597888239,-80.057968369314,Non_Exact/L,census,2026-08-24T03:02:29.698Z
"12100 US HWY 1 STE I, NORTH PALM BEACH, 33408",26.853597888239,-80.057968369314,Non_Exact/L,census,2026-08-24T03:02:29.698Z
"1211 OKEECHOBEE RD SUITE 8 AND 9, WEST PALM BEACH, 33401",26.699856497437,-80.065792392961,Non_Exact/R,census,2026-08-24T03:02:29.698Z
"1214 E ATLANTIC AVE, DELRAY BEACH, 33483",26.461631663728,-80.05958729003,Exact/R,census,2026-08-24T03:02:29.698Z
"1215 W PALMETTO PARK RD, BOCA RATON, 33486",26.350794380726,-80.1108564735,Exact/R,census,2026-08-24T03:02:29.698Z
"1216 ROYAL PALM BEACH BLVD, ROYAL PLM BEACH, 33411",26.707872972895,-80.229069145617,Exact/R,census,2026-08-24T03:02:29.698Z
"1216 S DIXIE HWY, LAKE WORTH, 33460",26.601123812294,-80.057028325199,Exact/L,census,2026-08-24T03:02:29.698Z
"12160 SOUTHSHORE BLVD 105, WELLINGTON, 33414",26.649204820446,-80.238956572245,Non_Exact/L,census,2026-08-24T03:02:29.698Z
"122 COUNTRY CLUB DR, ROYAL PALM BEACH, 33411",26.717661379324,-80.227901283625,Exact/R,census,2026-08-24T03:02:29.698Z
"122 N DIXIE HWY, WEST PALM BEACH, 33401",26.713621583576,-80.053463811965,Exact/R,census,2026-08-24T03:02:29.698Z
"122 N MILITARY TRAIL STE C, WEST PALM BEACH, 33415",26.678970242903,-80.111954444968,Non_Exact/R,census,2026-08-24T03:02:29.698Z
"122 NE 2 ST, BOCA RATON, 33432",26.352298332858,-80.084911882293,Exact/R,census,2026-08-24T03:02:29.698Z
"122 SOUNDINGS AVE, JUPITER, 33477",26.93595889478,-80.082999550235,Exact/L,census,2026-08-24T03:02:29.698Z
"1220 LINTON BLVD, DELRAY BEACH, 33444",26.439521999828,-80.085813025749,Exact/L,census,2026-08-24T03:02:29.698Z
"1221 HYPOLUXO RD, LANTANA, 33462",26.572193273398,-80.063638017814,Exact/R,census,2026-08-24T03:02:29.698Z
"12214 US 1, NORTH PALM BEACH, 33408",26.854747569467,-80.057579285928,Exact/L,census,2026-08-24T03:02:29.698Z
"12216 US HWY 1, NORTH PALM BEACH, 33408",26.854767697631,-80.05757221387,Exact/L,census,2026-08-24T03:02:29.698Z
"1222 LUCERNE AVE, LAKE WORTH, 33460",26.616776403539,-80.060546365321,Exact/R,census,2026-08-24T03:02:29.698Z
"1225 45 ST 503, WEST PALM BEACH, 33407",26.753301616756,-80.074167027325,Exact/R,census,2026-08-24T03:02:29.698Z
"1225 45 ST 507, MANGONIA PARK, 33407",26.753301616756,-80.074167027325,Exact/R,census,2026-08-24T03:02:29.698Z
"1225 45 ST STE 308, MANGONIA PARK, 33407",26.753301616756,-80.074167027325,Exact/R,census,2026-08-24T03:02:29.698Z
"1225 45 ST UNIT 508, MANGONIA PARK, 33407",26.753301616756,-80.074167027325,Exact/R,census,2026-08-24T03:02:29.698Z
"1225 PALM BEACH LAKES BLVD, WEST PALM BEACH, 33401",26.724769669789,-80.064859448805,Exact/R,census,2026-08-24T03:02:29.698Z
"12250 WESTCHESTER CLUB DR, BOYNTON BEACH, 33437",26.495728344309,-80.145821844246,Exact/R,census,2026-08-24T03:02:29.698Z
"1226 W LANTANA RD, LANTANA, 33462",26.587050707998,-80.063781940082,Exact/L,census,2026-08-24T03:02:29.698Z
"1229 W PALMETTO PARK RD, BOCA RATON, 33486",26.350792461851,-80.111040139935,Exact/R,census,2026-08-24T03:02:29.698Z
"123 DATURA STREET, WEST PALM BEACH, 33401",26.712206433128,-80.049540895797,Exact/R,census,2026-08-24T03:02:29.698Z
"123 NW 13TH STREET STE 223, BOCA RATON, 33432",26.362024458376,-80.08825418674,Exact/R,census,2026-08-24T03:02:29.698Z
"123 S OLIVE AVE, WEST PALM BEACH, 33401",26.713052053843,-80.051966417533,Exact/R,census,2026-08-24T03:02:29.698Z
"123 S SR 7 STE 201B, ROAYL PALM BEACH, 33414",26.678041766962,-80.202482248542,Non_Exact/L,census,2026-08-24T03:02:29.698Z
"1230 N DIXIE HWY, LAKE WORTH BEACH, 33460",26.6303558029,-80.056786167254,Exact/R,census,2026-08-24T03:02:29.698Z
"1230 N MILITARY TRL, WEST PALM BEACH, 33409",26.695658895736,-80.111323005776,Exact/L,census,2026-08-24T03:02:29.698Z
"1230 S DIXIE HWY, LAKE WORTH, 33460",26.600957996015,-80.056939088204,Exact/L,census,2026-08-24T03:02:29.698Z
"1232 ROYAL PALM BEACH BLVD, ROYAL PALM BEACH, 33411",26.708093903686,-80.229055882497,Exact/R,census,2026-08-24T03:02:29.698Z
"1233A S MILITARY TRAIL, WEST PALM BEACH, 33415",26.658850444159,-80.112745278746,Non_Exact/R,census,2026-08-24T03:02:29.698Z
"12343 HAGEN RANCH RD SUITE 701, BOYNTON BEACH, 33437",26.492400219952,-80.163991804737,Exact/R,census,2026-08-24T03:02:29.698Z
"12355 HAGEN RANCH RD 603, BOYNTON BEACH, 33437",26.492274073996,-80.163991546245,Exact/R,census,2026-08-24T03:02:29.698Z
"12355 HAGEN RANCH RD 607 & 608, BOYNTON BEACH, 33437",26.492274073996,-80.163991546245,Non_Exact/R,census,2026-08-24T03:02:29.698Z
"12355 HAGEN RANCH RD UNIT 602, BOYNTON BEACH, 33437",26.492274073996,-80.163991546245,Exact/R,census,2026-08-24T03:02:29.698Z
"12369 HAGEN RANCH RD, BOYNTON BEACH, 33437",26.492126903714,-80.163991244671,Exact/R,census,2026-08-24T03:02:29.698Z
"1237 PALM BEACH LAKES, WEST PALM BEACH, 33401",26.724773840415,-80.065135231015,Non_Exact/R,census,2026-08-24T03:02:29.698Z
"124 NE 5 AVE, DELRAY BEACH, 33483",26.46395649777,-80.068188031723,Exact/L,census,2026-08-24T03:02:29.698Z
"124 US HWY 1, NORTH PALM BEACH, 33408",26.80423367536,-80.055235140528,Exact/R,census,2026-08-24T03:02:29.698Z
"1240 NW 16 ST, BELLE GLADE, 33430",26.69716523156,-80.684073895039,Exact/L,census,2026-08-24T03:02:29.698Z
"1241 45TH STREET, WEST PALM BEACH, 33407",26.753308359878,-80.075266491628,Exact/R,census,2026-08-24T03:02:29.698Z
"1241 N SR 7 STE 1, ROYAL PALM BEACH, 33411",26.706653684618,-80.201086902132,Exact/R,census,2026-08-24T03:02:29.698Z
"1241 N SR 7, ROYAL PALM BEACH, 33411",26.706653684618,-80.201086902132,Exact/R,census,2026-08-24T03:02:29.698Z
"1246 NORTHLAKE BLVD, LAKE PARK, 33403",26.808091538019,-80.078135147416,Exact/L,census,2026-08-24T03:02:29.698Z
"12465 NORTHLAKE BLVD UNIT 130, PALM BEACH GARDENS, 33412",26.8127245,-80.23584439999999,google:ROOFTOP,google,2026-08-24T12:15:59.167Z
"1249 PALM BEACH LAKES BLVD, WEST PALM BEACH, 33401",26.72477801104,-80.065411013224,Exact/R,census,2026-08-24T03:02:29.698Z
"125 DATURA ST, WEST PALM BEACH, 33401",26.712219339528,-80.049565586299,Exact/R,census,2026-08-24T03:02:29.698Z
"125 DOCKSIDE CIR, JUPITER, 33477",26.935478584179,-80.083295003663,Exact/R,census,2026-08-24T03:02:29.698Z
"125 NW 31 TER, BOYNTON BEACH, 33436",,,google:GEOMETRIC_CENTER-too-coarse,google,2026-08-24T12:15:59.167Z
"125 S THIRD STREET, LANTANA, 33462",26.584228322511,-80.052527908165,Exact/R,census,2026-08-24T03:02:29.698Z
"125 VIA NARANJAS, BOCA RATON, 33432",26.347392299406,-80.084733045238,Exact/R,census,2026-08-24T03:02:29.698Z
"1250 ROYAL PALM BEACH BLVD STE 18, ROYAL PALM BEACH, 33411",26.708342450825,-80.229040961486,Exact/R,census,2026-08-24T03:02:29.698Z
"1251 HYPOLUXO RD, LANTANA, 33462",26.572206328082,-80.064348191698,Exact/R,census,2026-08-24T03:02:29.698Z
"12515 NORTHLAKE BLVD UNIT 110, PALM BEACH GARDENS, 33412",26.8142316,-80.23564569999999,google:ROOFTOP,google,2026-08-24T12:15:59.167Z
"1253 OLD OKEECHOBEE BLVF, WEST PALM BEACH, 33401",26.706038466947,-80.063606635538,Non_Exact/R,census,2026-08-24T03:02:29.698Z
"1253 OLD OKEECHOBEE RD A1, WEST PALM BEACH, 33401",26.699651634948,-80.066768003822,Non_Exact/R,census,2026-08-24T03:02:29.698Z
"1253 OLD OKEECHOBEE RD STE B8, WEST PALM BEACH, 33401",26.699651634948,-80.066768003822,Non_Exact/R,census,2026-08-24T03:02:29.698Z
"12551 GLADES ROAD, BOCA RATON, 33498",26.360965259963,-80.247027821925,Exact/R,census,2026-08-24T03:02:29.698Z
"126 CENTER ST, JUPITER, 33458",26.941404463222,-80.09411485619,Exact/L,census,2026-08-24T03:02:29.698Z
"126 NE 2 ST, BOCA RATON, 33432",26.352298757947,-80.084853007387,Exact/R,census,2026-08-24T03:02:29.698Z
"126 SOUNDINGS AVE STE L2 130, JUPITER, 33477",26.936016381754,-80.083023563777,Non_Exact/L,census,2026-08-24T03:02:29.698Z
"126 W BOYNTON BEACH BLVD, BOYNTON BEACH, 33435",26.528859824504,-80.064646375184,Exact/L,census,2026-08-24T03:02:29.698Z
"1260 PLAZA CIR, RIVIERA BEACH, 33404",26.783515914857,-80.035792467883,Exact/R,census,2026-08-24T03:02:29.698Z
"1260 PLAZA CIRCLE, RIVIERA BEACH, 33404",26.783515914857,-80.035792467883,Exact/R,census,2026-08-24T03:02:29.698Z
"1262 NORTHLAKE BLVD, LAKE PARK, 33403",26.808094332961,-80.07821759813,Exact/L,census,2026-08-24T03:02:29.698Z
"1265 S MILITARY TRL, WEST PALM BEACH, 33415",26.658267730423,-80.112733582915,Exact/R,census,2026-08-24T03:02:29.698Z
"12658 S MILITARY TRL 101, BOYNTON BEACH, 33436",26.489470352951,-80.122632972894,Exact/L,census,2026-08-24T03:02:29.698Z
"1267 MAIN ST, JUPITER, 33458",26.8896395,-80.11653249999999,google:ROOFTOP,google,2026-08-24T12:15:59.167Z
"1267 MAIN STREET, JUPITER, 33458",26.8896395,-80.11653249999999,google:ROOFTOP,google,2026-08-24T12:15:59.167Z
"12690 SALTY SPRINGS AVE, BOYNTON BEACH, 33473",26.489645788811,-80.191072329319,Exact/R,census,2026-08-24T03:02:29.698Z
"127 NW 13 ST, BOCA RATON, 33432",26.362024458378,-80.088348539455,Exact/R,census,2026-08-24T03:02:29.698Z
"1271 N SR 7, ROYAL PALM BEACH, 33411",26.707469953035,-80.201055202366,Exact/R,census,2026-08-24T03:02:29.698Z
"12751 EL CLAIR RANCH RD, BOYNTON BEACH, 33437",26.4886617,-80.1377138,google:ROOFTOP,google,2026-08-24T12:15:59.167Z
"1276 N MILITARY TRL, WEST PALM BEACH, 33409",26.696097486222,-80.111306359591,Exact/L,census,2026-08-24T03:02:29.698Z
"12769 W FOREST HILL BLVD, WELLINGTON, 33414",26.673518815797,-80.247899997918,Non_Exact/R,census,2026-08-24T03:02:29.698Z
"12771 W FOREST HILL BLVD STE 14A, WELLINGTON, 33414",26.671724444763,-80.247316509889,Non_Exact/R,census,2026-08-24T03:02:29.698Z
"12790 W FOREST HILL BLVD, WELLINGTON, 33414",26.673149539075,-80.247701914602,Non_Exact/L,census,2026-08-24T03:02:29.698Z
"12792 FOREST HILL BLVD, WELLINGTON, 33414",26.673342554958,-80.247739932875,Exact/L,census,2026-08-24T03:02:29.698Z
"12793 FOREST HILL BLVD STE G, WELLINGTON, 33414",26.671724444763,-80.247316509889,Non_Exact/R,census,2026-08-24T03:02:29.698Z
"12793 W FOREST HILL BLVD STE 4A & B, WELLINGTON, 33414",26.671724444763,-80.247316509889,Non_Exact/R,census,2026-08-24T03:02:29.698Z
"12794 FOREST HILL BLVD STE 20, WELLINGTON, 33414",26.67353374573,-80.247772852278,Exact/L,census,2026-08-24T03:02:29.698Z
"12794 FOREST HILL BLVD, WELLINGTON, 33414",26.67353374573,-80.247772852278,Exact/L,census,2026-08-24T03:02:29.698Z
"12795 W FOREST HILL BLVD STE 11A, WELLINGTON, 33414",26.67085908539,-80.246927981727,Non_Exact/R,census,2026-08-24T03:02:29.698Z
"128 N LAKESIDE DR, LAKE WORTH, 33460",26.616781246417,-80.04938590147,Exact/R,census,2026-08-24T03:02:29.698Z
"1281 PLAZA CIRCLE A, RIVIERA BEACH, 33404",26.783178030442,-80.035431740757,Non_Exact/L,census,2026-08-24T03:02:29.698Z
"12836 W FOREST HILL BLVD, WELLINGTON, 33414",26.6730278,-80.2482217,google:ROOFTOP,google,2026-08-24T12:15:59.167Z
"12846 US HWY 1, NORTH PALM BEACH, 33408",26.867208984052,-80.055035369094,Exact/L,census,2026-08-24T03:02:29.698Z
"1285 W PALMETTO PARK RD, BOCA RATON, 33486",26.350796849797,-80.111779506042,Exact/R,census,2026-08-24T03:02:29.698Z
"12850 US HWY 1, JUNO BEACH, 33408",26.867329108432,-80.055032794997,Exact/L,census,2026-08-24T03:02:29.698Z
"129 NW 13 ST STE 32-34, BOCA RATON, 33432",26.362024458379,-80.088395715812,Exact/R,census,2026-08-24T03:02:29.698Z
"129 NW 13 ST UNIT 24, BOCA RATON, 33432",26.362024458379,-80.088395715812,Exact/R,census,2026-08-24T03:02:29.698Z
"129 NW 13TH ST, BOCA RATON, 33432",26.362024458379,-80.088395715812,Exact/R,census,2026-08-24T03:02:29.698Z
"129 SOUNDINGS AVENUE, JUPITER, 33477",26.935855168703,-80.08281906247,Exact/R,census,2026-08-24T03:02:29.698Z
"1290 N MILITARY TRL, WEST PALM BEACH, 33409",26.696230970283,-80.111301293361,Exact/L,census,2026-08-24T03:02:29.698Z
"12935 51 ST CT N, ROYAL PLM BEACH, 33411",26.752090573192,-80.246228843193,Exact/L,census,2026-08-24T03:02:29.698Z
"130 NE 2 ST, BOCA RATON, 33432",26.352299183035,-80.084794132481,Exact/R,census,2026-08-24T03:02:29.698Z
"130 QUEENS LN, ROYAL PALM BEACH, 33411",26.705551469125,-80.245021932906,Exact/L,census,2026-08-24T03:02:29.698Z
"130 S CONGRESS AVE, DELRAY BEACH, 33445",26.458511558752,-80.093709527265,Exact/R,census,2026-08-24T03:02:29.698Z
"1300 LINTON BLVD, DELRAY BEACH, 33444",26.439511381049,-80.086213284753,Exact/L,census,2026-08-24T03:02:29.698Z
"1300 N FLORIDA MANGO ROAD 16, WEST PALM BEACH, 33409",26.701897874903,-80.078360193488,Non_Exact/R,census,2026-08-24T03:02:29.698Z
"1301 10 ST, LAKE PARK, 33403",26.803876781923,-80.074230806826,Exact/R,census,2026-08-24T03:02:29.698Z
"1301 10 ST, PALM BEACH GARDENS, 33403",26.803876781923,-80.074230806826,Exact/R,census,2026-08-24T03:02:29.698Z
"1301 BELVEDERE RD, WEST PALM BEACH, 33405",26.690776510262,-80.06917833726,Exact/R,census,2026-08-24T03:02:29.698Z
"1301 SUMMIT BLVD, WEST PALM BEACH, 33405",26.665963931396,-80.069687473969,Exact/R,census,2026-08-24T03:02:29.698Z
"1301 TENTH ST, LAKE PARK, 33403",26.803876781923,-80.074230806826,Exact/R,census,2026-08-24T03:02:29.698Z
"1302 LUCERNE AVE, LAKE WORTH BEACH, 33460",26.616798608734,-80.061349826218,Exact/R,census,2026-08-24T03:02:29.698Z
"1305 S FEDERAL HWY, BOYNTON BEACH, 33435",26.516560249617,-80.058979003663,Exact/R,census,2026-08-24T03:02:29.698Z
"1306 N MILITARY TRL, WEST PALM BEACH, 33409",26.696383523495,-80.111295503383,Exact/L,census,2026-08-24T03:02:29.698Z
"1308 HYPOLUXO RD, LANTANA, 33462",26.572068813621,-80.063037773541,Exact/L,census,2026-08-24T03:02:29.698Z
"1309 N FLAGLER DR, WEST PALM BEACH, 33401",26.724448603489,-80.049859841424,Exact/L,census,2026-08-24T03:02:29.698Z
"131 E ATLANTIC AVE, DELRAY BEACH, 33444",26.461699432935,-80.071759448449,Exact/L,census,2026-08-24T03:02:29.698Z
"131 E BOYNTON BEACH BLVD, BOYNTON BEACH, 33435",26.528971547654,-80.063529804798,Exact/L,census,2026-08-24T03:02:29.698Z
"131 N ALTERNATE A1A, JUPITER, 33477",,,google:GEOMETRIC_CENTER-too-coarse,google,2026-08-24T12:15:59.167Z
"131 US 1, TEQUESTA, 33469",26.960337727946,-80.084517281222,Exact/L,census,2026-08-24T03:02:29.698Z
"1310 W LANTANA RD, LANTANA, 33462",26.587093372885,-80.065185460948,Exact/L,census,2026-08-24T03:02:29.698Z
"1310 W LANTANA, LANTANA, 33462",26.587093372885,-80.065185460948,Non_Exact/L,census,2026-08-24T03:02:29.698Z
"1311 W PALMETTO PARK W, BOCA RATON, 33486",26.350798887058,-80.112122783163,Non_Exact/R,census,2026-08-24T03:02:29.698Z
"1313 W BOYNTON BEACH BLVD R3, BOYNTON BEACH, 33426",26.527917114975,-80.085030781139,Exact/R,census,2026-08-24T03:02:29.698Z
"1313 W BOYNTON BEACH BLVD STE 4-5, BOYNTON BEACH, 33426",26.527917114975,-80.085030781139,Exact/R,census,2026-08-24T03:02:29.698Z
"1313 W BOYTON BEACH BLVD STE R9, BOYTON BEACH, 33426",26.527917114975,-80.085030781139,Non_Exact/R,census,2026-08-24T03:02:29.698Z
"1314 N FEDERAL HWY, DELRAY BEACH, 33483",26.478303979737,-80.066629469001,Exact/L,census,2026-08-24T03:02:29.698Z
"1315 W BOYTON BEACH BLVD, BOYNTON BEACH, 33426",26.527915247495,-80.085088806449,Non_Exact/R,census,2026-08-24T03:02:29.698Z
"1317 FLORIDA MANGO RD, WEST PALM BEACH, 33406",26.657290832457,-80.080177121169,Exact/R,census,2026-08-24T03:02:29.698Z
"1317 S FEDERAL HWY, BOYNTON BEACH, 33435",26.516488040672,-80.058987400053,Exact/R,census,2026-08-24T03:02:29.698Z
"1318 ROYAL PALM BEACH BLVD, ROYAL PALM BEACH, 33411",26.709281406687,-80.228984593223,Exact/R,census,2026-08-24T03:02:29.698Z
"132 MARTIN LUTHER KING BLVD, BOYNTON BEACH, 33435",26.536047452502,-80.063753659845,Exact/R,census,2026-08-24T03:02:29.698Z
"132 MLK JR BLVD, BOYNTON BEACH, 33435",26.536047452502,-80.063753659845,Exact/R,census,2026-08-24T03:02:29.698Z
"132 NE SECOND ST, BOCA RATON, 33432",26.352299395579,-80.084764695028,Exact/R,census,2026-08-24T03:02:29.698Z
"1325 PALM WILLAS WAY, PALM SPRINGS, 33461",,,google:GEOMETRIC_CENTER-too-coarse,google,2026-08-24T12:15:59.167Z
"1328 NW 2 AVE, BOCA RATON, 33432",26.362200621436,-80.090054853379,Exact/R,census,2026-08-24T03:02:29.698Z
"133 DR MARTIN LUTHER KING JR BLVD, BELLE GLADE, 33430",26.6825569,-80.6696935,google:ROOFTOP,google,2026-08-24T12:15:59.167Z
"133 S SR 7, ROYAL PALM BEACH, 33414",26.677827480807,-80.202488066272,Non_Exact/L,census,2026-08-24T03:02:29.698Z
"133 SE MIZNER BLVD, BOCA RATON, 33432",26.348281285361,-80.083724643201,Exact/R,census,2026-08-24T03:02:29.698Z
"1332 NW 2 AVE, BOCA RATON, 33432",26.36222554039,-80.090055706767,Exact/R,census,2026-08-24T03:02:29.698Z
"1336 S MILITARY TRL, WEST PALM BEACH, 33415",26.657888496028,-80.112419191526,Exact/L,census,2026-08-24T03:02:29.698Z
"1336 SOUTH MAIN STREET, BELLE GLADE, 33430",26.66780618505,-80.67079643702,Exact/L,census,2026-08-24T03:02:29.698Z
"13375 VALENCIA GRAND BLVD, DELRAY BEACH, 33446",26.477319815717,-80.155510419233,Exact/R,census,2026-08-24T03:02:29.698Z
"1338 NORTH LAKE WAY, PALM BEACH, 33480",26.762242000088,-80.040465322329,Exact/L,census,2026-08-24T03:02:29.698Z
"134 NE 2 ST, BOCA RATON, 33432",26.352299608123,-80.084735257575,Exact/R,census,2026-08-24T03:02:29.698Z
"13405 WHISTLER MOUNTAIN RD, DELRAY BEACH, 33446",26.478604463486,-80.165039857249,Exact/R,census,2026-08-24T03:02:29.698Z
"1345 N CONGRESS ST, WEST PALM BEACH, 33401",26.725767023668,-80.08438155665,Non_Exact/L,census,2026-08-24T03:02:29.698Z
"1345 W PALMETTO PARK RD, BOCA RATON, 33486",26.350801787853,-80.112664824641,Exact/R,census,2026-08-24T03:02:29.698Z
"1347 S SR 7 STE 101 BLDG 3, WELLINGTON, 33414",26.665165503918,-80.202695414998,Non_Exact/L,census,2026-08-24T03:02:29.698Z
"13475 AVENIR DR, PALM BEACH GARDENS, 33412",26.8238486,-80.2495477,google:ROOFTOP,google,2026-08-24T12:15:59.167Z
"1349 S STATE RD 7 BAY 101 BLDG 4, WELLINGTON, 33414",26.665162095601,-80.20269557279,Non_Exact/L,census,2026-08-24T03:02:29.698Z
"13495 TOURNAMENT DR, PALM BEACH GARDENS, 33410",26.876231071877,-80.087057110694,Exact/L,census,2026-08-24T03:02:29.698Z
"135 SE 6 AVE, DELRAY BEACH, 33483",26.459182500623,-80.066911717225,Exact/L,census,2026-08-24T03:02:29.698Z
"1350 ECHO DR, JUPITER, 33458",26.921649486073,-80.117862070028,Exact/L,census,2026-08-24T03:02:29.698Z
"13500 S SHORE BLVD, WELLINGTON, 33414",,,google:GEOMETRIC_CENTER-too-coarse,google,2026-08-24T12:15:59.167Z
"13501 S SHORE BLVD 109, WELLINGTON, 33414",26.638665,-80.2638273,google:ROOFTOP,google,2026-08-24T12:15:59.167Z
"13501 S SHORE BLVD STE 109 C, WELLINGTON, 33414",26.6386118,-80.2637555,google:ROOFTOP,google,2026-08-24T12:15:59.167Z
"1351 ROYAL PALM BEACH, ROYAL PALM BEACH, 33411",26.710771968349,-80.22902357025,Non_Exact/L,census,2026-08-24T03:02:29.698Z
"13535 E POINTE BLVD, PALM BEACH GARDENS, 33418",26.876165185597,-80.135417027617,Exact/R,census,2026-08-24T03:02:29.698Z
"13535 EASTPOINTE BLVD, PALM BEACH GARDENS, 33418",26.876165185597,-80.135417027617,Exact/R,census,2026-08-24T03:02:29.698Z
"136 N MILITARY TRL, WEST PALM BEACH, 33415",26.679215559293,-80.111947778755,Exact/R,census,2026-08-24T03:02:29.698Z
"1361 W PALMETTO PARK RD, BOCA RATON, 33486",26.350802322073,-80.11284191742,Exact/R,census,2026-08-24T03:02:29.698Z
"1363 N MILITARY TRAIL, WEST PALM BEACH, 33409",26.697373973387,-80.111539625602,Exact/L,census,2026-08-24T03:02:29.698Z
"1365 W PALMETTO PARK RD, BOCA RATON, 33486",26.350802455628,-80.112886190615,Exact/R,census,2026-08-24T03:02:29.698Z
"137 N US HWY 1, TEQUESTA, 33469",26.960537196094,-80.084501748861,Exact/L,census,2026-08-24T03:02:29.698Z
"1370 AVE E, RIVIERA BEACH, 33404",26.77429260627,-80.056607845512,Exact/R,census,2026-08-24T03:02:29.698Z
"1370 AVENUE E, RIVIERA BEACH, 33404",26.77429260627,-80.056607845512,Exact/R,census,2026-08-24T03:02:29.698Z
"1371 N MILITARY TRAIL, WEST PALM BEACH, 33409",26.697606785354,-80.111531364526,Exact/L,census,2026-08-24T03:02:29.698Z
"13715 CROSSPOINTE DR, PALM BEACH GARDENS, 33418",26.881514804842,-80.142052798052,Exact/L,census,2026-08-24T03:02:29.698Z
"13716 73 ST NORTH, WEST PALM BEACH, 33412",26.784414663082,-80.257011288725,Exact/R,census,2026-08-24T03:02:29.698Z
"1376 N MILITARY TRAIL, WEST PALM BEACH, 33409",26.697145887683,-80.111266017644,Exact/L,census,2026-08-24T03:02:29.698Z
"13800 S JOG RD STE 101, DELRAY BEACH, 33446",26.471763877491,-80.146977438764,Non_Exact/L,census,2026-08-24T03:02:29.698Z
"13801 US HWY 1, JUNO BEACH, 33408",26.875129821515,-80.055136256134,Exact/L,census,2026-08-24T03:02:29.698Z
"13833 WELLINGTON TR STE E10, WELLINGTON, 33414",26.662569411627,-80.266257031911,Non_Exact/L,census,2026-08-24T03:02:29.698Z
"13833 WELLINGTON TRACE BLVD STE E11, WELLINGTON, 33414",26.662569411627,-80.266257031911,Non_Exact/L,census,2026-08-24T03:02:29.698Z
"13833 WELLINGTON TRACE E12, WELLINGTON, 33414",26.662569411627,-80.266257031911,Non_Exact/L,census,2026-08-24T03:02:29.698Z
"13833 WELLINGTON TRACE E8, WELLINGTON, 33414",26.662569411627,-80.266257031911,Non_Exact/L,census,2026-08-24T03:02:29.698Z
"13833 WELLINGTON TRACE STE E-7M, WELLINGTON, 33414",26.662569411627,-80.266257031911,Exact/L,census,2026-08-24T03:02:29.698Z
"13833 WELLINGTON TRACE UNIT E3, WELLINGTON, 33414",26.662569411627,-80.266257031911,Exact/L,census,2026-08-24T03:02:29.698Z
"1385 S STATE RD 7 BAYS 101 & 102, WELLINGTON, 33414",26.6566721,-80.20518849999999,google:ROOFTOP,google,2026-08-24T12:15:59.167Z
"1385 W PALMETTO PARK RD, BOCA RATON, 33486",26.350803123404,-80.113107556588,Exact/R,census,2026-08-24T03:02:29.698Z
"13860 WELLINGTON TR STE 43, WELLINGTON, 33414",26.662342043077,-80.266553145196,Non_Exact/R,census,2026-08-24T03:02:29.698Z
"13860 WELLINGTON TRACE 32/33, WELLINGTON, 33414",26.662342043077,-80.266553145196,Exact/R,census,2026-08-24T03:02:29.698Z
"13860 WELLINGTON TRACE 41, WELLINGTON, 33414",26.662342043077,-80.266553145196,Exact/R,census,2026-08-24T03:02:29.698Z
"13860 WELLINGTON TRCE 16, WELLINGTON, 33414",26.662342043077,-80.266553145196,Exact/R,census,2026-08-24T03:02:29.698Z
"13860 WELLINGTON TRCE 21-22, VILLAGE OF WELLINGTO, 33414",26.662342043077,-80.266553145196,Non_Exact/R,census,2026-08-24T03:02:29.698Z
"13860 WELLINGTON TRCE UNIT A10, WELLINGTON, 33414",26.662342043077,-80.266553145196,Exact/R,census,2026-08-24T03:02:29.698Z
"1387 S STATE RD 7, WELLINGTON, 33414",26.665097337596,-80.202698570848,Non_Exact/L,census,2026-08-24T03:02:29.698Z
"13873 B1 WELLINGTON TRACE, WELLINGTON, 33414",26.662396916229,-80.266747171289,Non_Exact/L,census,2026-08-24T03:02:29.698Z
"13873 B10 WELLINGTON TRACE, WELLINGTON, 33414",26.662396916229,-80.266747171289,Non_Exact/L,census,2026-08-24T03:02:29.698Z
"1388 AMARYULIS LANE, WEST PALM BEACH, 33415",26.657464831298,-80.131291473778,Non_Exact/L,census,2026-08-24T03:02:29.698Z
"13889 WELLINGTON TRACE STE A14-A16, WELLINGTON, 33414",26.662328959152,-80.266942968399,Non_Exact/L,census,2026-08-24T03:02:29.698Z
"13889 WELLINGTON TRACE STE A7, WELLINGTON, 33414",26.662328959152,-80.266942968399,Exact/L,census,2026-08-24T03:02:29.698Z
"13889 WELLINGTON TRCE A20, WELLINGTON, 33414",26.662328959152,-80.266942968399,Non_Exact/L,census,2026-08-24T03:02:29.698Z
"13897 WELLINGTON TRCE, WELLINGTON, 33414",26.662295366408,-80.267041389249,Exact/L,census,2026-08-24T03:02:29.698Z
"13900 JOG RD STE 201, DELRAY BEACH, 33446",26.470458418181,-80.146966096908,Exact/L,census,2026-08-24T03:02:29.698Z
"13900 S JOG RD, DELRAY BEACH, 33446",26.470458418181,-80.146966096908,Non_Exact/L,census,2026-08-24T03:02:29.698Z
"13905 WELLINGTON TRACE, WELLINGTON, 33414",26.662261773664,-80.267139810098,Exact/L,census,2026-08-24T03:02:29.698Z
"1393 LYONS RD, WEST PALM BEACH, 33411",26.655389223299,-80.181921829442,Exact/R,census,2026-08-24T03:02:29.698Z
"13950 US HWY 1, JUNO BEACH, 33408",26.880524560783,-80.055990759357,Exact/L,census,2026-08-24T03:02:29.698Z
"13955 SMITH SUNDY RD, DELRAY BEACH, 33446",26.478178740687,-80.195800619916,Exact/R,census,2026-08-24T03:02:29.698Z
"13957 US HWY 1, JUNO BEACH, 33408",26.880688573252,-80.056303697168,Exact/L,census,2026-08-24T03:02:29.698Z
"13961 US HWY 1, JUNO BEACH, 33408",26.880762645237,-80.056326416723,Exact/L,census,2026-08-24T03:02:29.698Z
"13967 US HWY 1, JUNO BEACH, 33408",26.880873753213,-80.056360496055,Exact/L,census,2026-08-24T03:02:29.698Z
"13980 US HIGHWAY 1, JUNO BEACH, 33408",26.881155320449,-80.056190609164,Exact/L,census,2026-08-24T03:02:29.698Z
"13981 US HWY 1, JUNO BEACH, 33408",26.881133005158,-80.056440014498,Exact/L,census,2026-08-24T03:02:29.698Z
"1399 N MILITARY TRL, WEST PALM BEACH, 33409",26.698421627238,-80.11150245076,Exact/L,census,2026-08-24T03:02:29.698Z
"13995 PASTEUR BLVD, PALM BEACH GARDENS, 33418",26.882230868643,-80.122813547402,Exact/R,census,2026-08-24T03:02:29.698Z
"14 VIA MIZNER, PALM BEACH, 33480",26.701258,-80.040347,google:ROOFTOP,google,2026-08-24T12:15:59.167Z
"140 N CONGRESS AVE, BOYNTON BEACH, 33426",26.525168755045,-80.090378202014,Exact/L,census,2026-08-24T03:02:29.698Z
"1400 10 ST STE A, LAKE PARK, 33403",26.804754320222,-80.074705099826,Non_Exact/L,census,2026-08-24T03:02:29.698Z
"1400 COUNTRY CLUB DR, BOCA RATON, 33428",26.3361025,-80.1946811,google:ROOFTOP,google,2026-08-24T12:15:59.167Z
"1400 GLADES RD 200, BOCA RATON, 33431",26.367007791779,-80.113371157501,Exact/L,census,2026-08-24T03:02:29.698Z
"1400 GLADES RD BAY 210, BOCA RATON, 33431",26.367007791779,-80.113371157501,Exact/L,census,2026-08-24T03:02:29.698Z
"1400 GLADES RD BAY 300, BOCA RATON, 33431",26.367007791779,-80.113371157501,Exact/L,census,2026-08-24T03:02:29.698Z
"1400 GLADES RD, BOCA RATON, 33431",26.367007791779,-80.113371157501,Exact/L,census,2026-08-24T03:02:29.698Z
"1400 ROYAL PALM BEACH BLVD, ROYAL PALM BEACH, 33411",26.71041367699,-80.22891661973,Exact/R,census,2026-08-24T03:02:29.698Z
"1400 SOUTH MAIN STREET, BELLE GLADE, 33430",26.667478497973,-80.670815638737,Exact/L,census,2026-08-24T03:02:29.698Z
"1400 W LANTANA RD C136, LANTANA, 33462",26.587188277827,-80.064522736547,Exact/R,census,2026-08-24T03:02:29.698Z
"1400A 10 ST, LAKE PARK, 33403",26.804754320222,-80.074705099826,Non_Exact/L,census,2026-08-24T03:02:29.698Z
"1401 CLARE AVE UNIT 700, WEST PALM BEACH, 33401",26.698564406664,-80.063498935827,Exact/R,census,2026-08-24T03:02:29.698Z
"1401 N CONGRESS AVE, BOYNTON BEACH, 33426",26.539710474347,-80.090778906579,Exact/R,census,2026-08-24T03:02:29.698Z
"1401 NW 51 ST, BOCA RATON, 33431",26.39407314106,-80.113890133453,Exact/L,census,2026-08-24T03:02:29.698Z
"1401 S MILITARY TRL STE A, WEST PALM BEACH, 33415",26.65571479377,-80.112683928538,Non_Exact/R,census,2026-08-24T03:02:29.698Z
"14020 US HWY 1, JUNO BEACH, 33408",26.881932517327,-80.056542351889,Exact/R,census,2026-08-24T03:02:29.698Z
"1403 W BOYNTON BEACH BLVD 19-21, BOYNTON BEACH, 33426",26.527833078375,-80.087641920072,Exact/R,census,2026-08-24T03:02:29.698Z
"1403 W BOYNTON BEACH BLVD, BOYNTON BEACH, 33426",26.527833078375,-80.087641920072,Exact/R,census,2026-08-24T03:02:29.698Z
"14050 US-1, JUNO BEACH, 33408",26.882204305205,-80.056622364196,Exact/R,census,2026-08-24T03:02:29.698Z
"1406 CYPRESS DR, JUPITER, 33469",26.956031124388,-80.088480577708,Exact/L,census,2026-08-24T03:02:29.698Z
"1409 LUCERNE AVE, LAKE WORTH, 33460",26.616712515852,-80.062386628981,Exact/L,census,2026-08-24T03:02:29.698Z
"141 CENTER ST, JUPITER, 33458",26.941525313303,-80.094880108639,Exact/R,census,2026-08-24T03:02:29.698Z
"141 NW 20ST STE B1, BOCA RATON, 33431",26.367944137218,-80.086637449343,Non_Exact/R,census,2026-08-24T03:02:29.698Z
"141 NW 20TH ST, BOCA RATON, 33431",26.367944137218,-80.086637449343,Exact/R,census,2026-08-24T03:02:29.698Z
"141 VIA NARANJAS 45B, BOCA RATON, 33432",26.347390551075,-80.084686714501,Non_Exact/R,census,2026-08-24T03:02:29.698Z
"1410 GEORGIA AVE, WEST PALM BEACH, 33401",26.700591798661,-80.057957080366,Exact/L,census,2026-08-24T03:02:29.698Z
"14101 S MILITARY TRL, DELRAY BEACH, 33484",26.468301571647,-80.122667737549,Non_Exact/R,census,2026-08-24T03:02:29.698Z
"1411 HYPOLUXO RD, LANTANA, 33462",26.57224095207,-80.066405099015,Exact/R,census,2026-08-24T03:02:29.698Z
"1412 LUCERNE AVE, LAKE WORTH, 33460",26.616828009927,-80.062417294761,Exact/R,census,2026-08-24T03:02:29.698Z
"14121 US HWY 1, JUNO BEACH, 33408",26.883531633696,-80.057141256463,Exact/L,census,2026-08-24T03:02:29.698Z
"14125 NORTH RD, LOXAHATCHEE, 33470",,,google:GEOMETRIC_CENTER-too-coarse,google,2026-08-24T12:15:59.167Z
"14133 US HWY 1, JUNO BEACH, 33408",26.883663053185,-80.057179233192,Exact/L,census,2026-08-24T03:02:29.698Z
"14137 US HWY 1, JUNO BEACH, 33408",26.883706859681,-80.057191892102,Exact/L,census,2026-08-24T03:02:29.698Z
"1414 LAKE AVE, LAKE WORTH, 33460",26.616108483282,-80.062457760647,Exact/R,census,2026-08-24T03:02:29.698Z
"1414 LUCERNE AVE, LAKE WORTH, 33460",26.616828488656,-80.062434608761,Exact/R,census,2026-08-24T03:02:29.698Z
"1415 S FEDERAL HWY, BOYNTON BEACH, 33435",26.515771065709,-80.05903652547,Exact/R,census,2026-08-24T03:02:29.698Z
"1416 S MILITARY TRL, WEST PALM BEACH, 33415",26.656427129765,-80.112386635158,Exact/L,census,2026-08-24T03:02:29.698Z
"142 LAKE DR, PALM BEACH SHORES, 33404",26.779079904035,-80.039163099398,Exact/L,census,2026-08-24T03:02:29.698Z
"142 SE 6 AVE G H, DELRAY BEACH, 33483",26.459041195445,-80.067037639908,Non_Exact/R,census,2026-08-24T03:02:29.698Z
"142 SE 6 AVE STE A, DELRAY BEACH, 33483",26.459041195445,-80.067037639908,Non_Exact/R,census,2026-08-24T03:02:29.698Z
"142 SE 6 AVE STE C-F, DELRAY BEACH, 33483",26.459041195445,-80.067037639908,Non_Exact/R,census,2026-08-24T03:02:29.698Z
"1420 W 10 ST, RIVIERA BEACH, 33404",26.771264433992,-80.074553994914,Exact/R,census,2026-08-24T03:02:29.698Z
"14200 US HWY 1, JUNO BEACH, 33408",26.8845149,-80.05617409999999,google:ROOFTOP,google,2026-08-24T12:15:59.167Z
"1425 S MAIN ST, BELLE GLADE, 33430",26.666968385225,-80.670628615821,Exact/L,census,2026-08-24T03:02:29.698Z
"14255 US HWY 1, JUNO BEACH, 33408",26.885084233627,-80.057593534814,Exact/L,census,2026-08-24T03:02:29.698Z
"1428 W LANTANA RD, LANTANA, 33462",26.587229838099,-80.065917313437,Exact/R,census,2026-08-24T03:02:29.698Z
"14301 OKEECHOBEE BLVD, LOXAHATCHEE, 33470",26.706573248407,-80.270613225098,Exact/R,census,2026-08-24T03:02:29.698Z
"1436 W LANTANA RD, LANTANA, 33462",26.587253586826,-80.066714214517,Exact/R,census,2026-08-24T03:02:29.698Z
"144 NW 20 ST, BOCA RATON, 33431",26.368081240293,-80.087960893416,Exact/L,census,2026-08-24T03:02:29.698Z
"1440 10 ST, LAKE PARK, 33403",26.806073668964,-80.075288315913,Exact/L,census,2026-08-24T03:02:29.698Z
"14402 S MILITARY TRL, DELRAY BEACH, 33484",26.462802947143,-80.122469112504,Non_Exact/L,census,2026-08-24T03:02:29.698Z
"14414 S MILITARY TRL, DELRAY BEACH, 33484",26.462652768104,-80.12246591721,Non_Exact/L,census,2026-08-24T03:02:29.698Z
"14440 PIERSON RD WELLINGTON RD, WELLINGTON, 33411",26.637690577522,-80.272695672484,Non_Exact/L,census,2026-08-24T03:02:29.698Z
"14440 PIERSON RD, WELLINGTON, 33414",26.637690577522,-80.272695672484,Exact/L,census,2026-08-24T03:02:29.698Z
"1445 N CONGRESS AVE 5, DELRAY BEACH, 33445",26.479713505666,-80.089740577162,Exact/L,census,2026-08-24T03:02:29.698Z
"1445 N CONGRESS AVE STE 12, DELRAY BEACH, 33445",26.479713505666,-80.089740577162,Exact/L,census,2026-08-24T03:02:29.698Z
"1445 N CONGRESS AVE STE 9, DELRAY BEACH, 33445",26.479713505666,-80.089740577162,Exact/L,census,2026-08-24T03:02:29.698Z
"1445 N CONGRESS AVE SUITE 12, DELRAY BEACH, 33444",26.479713505666,-80.089740577162,Non_Exact/L,census,2026-08-24T03:02:29.698Z
"1445 N CONGRESS AVE UNIT 5, DELRAY BEACH, 33445",26.479713505666,-80.089740577162,Exact/L,census,2026-08-24T03:02:29.698Z
"1445 N CONGRESS AVE UNIT 7, DELRAY BEACH, 33445",26.479713505666,-80.089740577162,Exact/L,census,2026-08-24T03:02:29.698Z
"14451 S MILITARY TRL, DELRAY BEACH, 33484",26.462481713588,-80.12277690354,Non_Exact/R,census,2026-08-24T03:02:29.698Z
"14466 MILITARY TRAIL, DELRAY BEACH, 33484",26.462001992265,-80.122452070934,Exact/L,census,2026-08-24T03:02:29.698Z
"1447 10TH STREET SUITE B, LAKE PARK, 33403",26.806313628221,-80.07525637091,Non_Exact/R,census,2026-08-24T03:02:29.698Z
"14470 S MILITARY TRAIL, DELRAY BEACH, 33484",26.461951932586,-80.122451005836,Non_Exact/L,census,2026-08-24T03:02:29.698Z
"1449 S CONGRESS AVE 26, DELRAY BEACH, 33445",26.442409742024,-80.092306691753,Exact/R,census,2026-08-24T03:02:29.698Z
"1449 YAMATO RD, BOCA RATON, 33431",26.3940772,-80.1150598,google:RANGE_INTERPOLATED,google,2026-08-24T12:15:59.167Z
"145 INDIANTOWN, JUPITER, 33458",26.93419810153,-80.095428670615,Non_Exact/R,census,2026-08-24T03:02:29.698Z
"145 NE 4 AVE, DELRAY BEACH, 33483",26.464304474948,-80.069059159702,Exact/R,census,2026-08-24T03:02:29.698Z
"145 SE MIZNER BLVD 16-B, BOCA RATON, 33432",26.348139956485,-80.083745200132,Exact/R,census,2026-08-24T03:02:29.698Z
"1450 N MILITARY TRL, WEST PALM BEACH, 33409",26.698550965699,-80.111224118658,Exact/L,census,2026-08-24T03:02:29.698Z
"1450 S DIXIE HWY, WEST PALM BEACH, 33401",26.700795903081,-80.053872365991,Exact/L,census,2026-08-24T03:02:29.698Z
"1450 W LANTANA RD, LANTANA, 33462",26.587077708118,-80.064659821393,Exact/L,census,2026-08-24T03:02:29.698Z
"14529 MILITARY TRL, DELRAY BEACH, 33445",26.4593722,-80.1232094,google:ROOFTOP,google,2026-08-24T12:15:59.167Z
"14534 S MILITARY TRL, DELRAY BEACH, 33484",26.4600267,-80.1221328,google:ROOFTOP,google,2026-08-24T12:15:59.167Z
"14545 S MILITARY TRL, DELRAY BEACH, 33484",26.461391184002,-80.122747385851,Non_Exact/R,census,2026-08-24T03:02:29.698Z
"1455 W BOYNTON BEACH BLVD, BOYNTON BEACH, 33426",26.527784523895,-80.089150578121,Exact/R,census,2026-08-24T03:02:29.698Z
"1455 YAMATO RD, BOCA RATON, 33431",26.3953641,-80.1145408,google:ROOFTOP,google,2026-08-24T12:15:59.167Z
"14555 SOUTHERN BLVD, LOXAHATCHEE, 33470",26.682755719054,-80.275905284966,Exact/R,census,2026-08-24T03:02:29.698Z
"14580 S MILITARY TRL, DELRAY BEACH, 33484",26.4610148,-80.1203321,google:ROOFTOP,google,2026-08-24T12:15:59.167Z
"14585 SOUTHERN BLVD, LOXAHATCHEE, 33470",26.682768862934,-80.276399909473,Exact/R,census,2026-08-24T03:02:29.698Z
"14590 S MILITARY TRL STE E4, DELRAY BEACH, 33484",26.461074,-80.1201706,google:ROOFTOP,google,2026-08-24T12:15:59.167Z
"14593 SOUTHERN BLVD, LOXAHATCHEE, 33470",26.682772367969,-80.276531809341,Exact/R,census,2026-08-24T03:02:29.698Z
"146 NW 20 ST, BOCA RATON, 33432",26.368094066253,-80.088027428077,Non_Exact/L,census,2026-08-24T03:02:29.698Z
"1460 10 ST, LAKE PARK, 33403",26.806733343335,-80.075579923957,Exact/L,census,2026-08-24T03:02:29.698Z
"1465 SOUTH CONGRESS AVE, DELRAY BEACH, 33445",26.442052962414,-80.092308587183,Exact/R,census,2026-08-24T03:02:29.698Z
"14680 PARK OF COMMERCE BLVD, JUPITER, 33478",26.894456065883,-80.277199371972,Exact/R,census,2026-08-24T03:02:29.698Z
"14683 S MILITARY TRL, DELRAY BEACH, 33484",26.459445547418,-80.122721448115,Non_Exact/R,census,2026-08-24T03:02:29.698Z
"147 N CONGRESS AVE, BOYNTON BEACH, 33426",26.525475296231,-80.09051197158,Exact/R,census,2026-08-24T03:02:29.698Z
"147 SOUNDINGS AVE, JUPITER, 33477",26.935966036437,-80.082865374302,Exact/R,census,2026-08-24T03:02:29.698Z
"1470 GREENVIEW SHORES BLVD, WELLINGTON, 33414",26.659567011932,-80.267323209355,Exact/R,census,2026-08-24T03:02:29.698Z
"1470 N CONGRESS AVE 111-113, WEST PALM BEACH, 33409",26.7760118538,-80.087573644096,Non_Exact/R,census,2026-08-24T03:02:29.698Z
"14731 US HWY 1, JUNO BEACH, 33408",26.892669331455,-80.059870899456,Exact/R,census,2026-08-24T03:02:29.698Z
"1475 CENTREPARK BLVD, WEST PALM BEACH, 33401",26.693753297736,-80.072723728465,Exact/R,census,2026-08-24T03:02:29.698Z
"1475 GATEWAY BLVD, BOYNTON BEACH, 33426",26.546765971365,-80.086031949094,Exact/L,census,2026-08-24T03:02:29.698Z
"1475 SW 8 ST, BOYNTON BEACH, 33426",26.52024935731,-80.077897529289,Exact/L,census,2026-08-24T03:02:29.698Z
"1477 S MILITARY TRL, WEST PALM BEACH, 33415",26.655325385264,-80.112683928311,Exact/R,census,2026-08-24T03:02:29.698Z
"14775 LYONS RD, DELRAY BEACH, 33446",26.459309107245,-80.187609497421,Exact/L,census,2026-08-24T03:02:29.698Z
"1480 S MILITARY TRL A, WEST PALM BEACH, 33415",26.655705793765,-80.112375709881,Non_Exact/L,census,2026-08-24T03:02:29.698Z
"14802 S MILITARY TRL, DELRAY BEACH, 33484",26.457648794802,-80.122351376609,Non_Exact/L,census,2026-08-24T03:02:29.698Z
"14811 LYONS RD STE 106, DELRAY BEACH, 33446",26.458408117296,-80.187597087116,Exact/L,census,2026-08-24T03:02:29.698Z
"14812 S MILITARY TRL, DELRAY BEACH, 33484",26.45741713725,-80.122359256123,Non_Exact/L,census,2026-08-24T03:02:29.698Z
"14813 LYONS RD 100, DELRAY BEACH, 33446",26.458358062299,-80.187596397655,Exact/L,census,2026-08-24T03:02:29.698Z
"14851 LYONS RD 132, DELRAY BEACH, 33446",26.457406991928,-80.187582989732,Exact/L,census,2026-08-24T03:02:29.698Z
"14851 LYONS RD STE 118, DELRAY BEACH, 33446",26.457406991928,-80.187582989732,Exact/L,census,2026-08-24T03:02:29.698Z
"14856 S MILITARY TRL, DELRAY BEACH, 33484",26.456400885257,-80.122392038126,Non_Exact/L,census,2026-08-24T03:02:29.698Z
"14860 S MILITARY TRAIL, DELRAY BEACH, 33484",26.456308203288,-80.122389681807,Non_Exact/L,census,2026-08-24T03:02:29.698Z
"14860 S MILITARY TRL, DELRAY BEACH, 33484",26.456308203288,-80.122389681807,Non_Exact/L,census,2026-08-24T03:02:29.698Z
"1489 N MILITARY TRAIL, WEST PALM BEACH, 33409",26.698951181996,-80.111497146989,Exact/L,census,2026-08-24T03:02:29.698Z
"149 GOLF VILLAGE BLVD, JUPITER, 33477",26.906424678362,-80.097875417632,Exact/R,census,2026-08-24T03:02:29.698Z
"149 NE 4 AVE, DELRAY BEACH, 33483",26.464375104755,-80.06906071011,Exact/R,census,2026-08-24T03:02:29.698Z
"149 S LAKE AVE, PAHOKEE, 33476",26.822793360564,-80.665624916735,Exact/L,census,2026-08-24T03:02:29.698Z
"149 SOUNDINGS AVE, JUPITER, 33477",26.935978355075,-80.082870520062,Exact/R,census,2026-08-24T03:02:29.698Z
"1490 S MILITARY TRAIL STE 13, WEST PALM BEACH, 33415",26.654889468848,-80.112362796494,Exact/L,census,2026-08-24T03:02:29.698Z
"1490 SW 8 ST, BOYNTON BEACH, 33426",26.516446137111,-80.07722951072,Exact/L,census,2026-08-24T03:02:29.698Z
"14917 LYONS RD STE 114, DELRAY BEACH, 33446",26.4557551875,-80.187559307995,Exact/L,census,2026-08-24T03:02:29.698Z
"1499 S CONGRESS AVE STE 5, DELRAY BEACH, 33445",26.441235277461,-80.092323262209,Exact/R,census,2026-08-24T03:02:29.698Z
"1499 YAMATO RD, BOCA RATON, 33431",26.3948202,-80.1160369,google:ROOFTOP,google,2026-08-24T12:15:59.167Z
"15 N J ST, LAKE WORTH BEACH, 33460",26.616028199066,-80.056397889237,Exact/L,census,2026-08-24T03:02:29.698Z
"15 NE 2 AVE, DELRAY BEACH, 33444",26.461943786057,-80.071026799056,Exact/R,census,2026-08-24T03:02:29.698Z
"150 AUSTRALIAN AVE, WEST PALM BEACH, 33406",26.681264978258,-80.073749311017,Exact/L,census,2026-08-24T03:02:29.698Z
"150 E PALMETTO PARK RD, BOCA RATON, 33432",26.350463561517,-80.084538756019,Exact/R,census,2026-08-24T03:02:29.698Z
"150 N US HWY 1 11-13, TEQUESTA, 33469",26.961010861779,-80.084731646254,Exact/R,census,2026-08-24T03:02:29.698Z
"150 NW 16 ST, BOCA RATON, 33432",26.364549614415,-80.088537414391,Exact/L,census,2026-08-24T03:02:29.698Z
"150 NW 16TH ST, BOCA RATON, 33432",26.364549614415,-80.088537414391,Exact/L,census,2026-08-24T03:02:29.698Z
"1500 GATEWAY BLVD 150A, BOYNTON BEACH, 33426",26.5458934,-80.0881318,google:ROOFTOP,google,2026-08-24T12:15:59.167Z
"1500 GATEWAY BLVD STE 100, BOYNTON BEACH, 33426",26.5455771,-80.0882599,google:ROOFTOP,google,2026-08-24T12:15:59.167Z
"1500 GATEWAY BLVD STE 110, BOYNTON BEACH, 33426",26.54594,-80.0880069,google:ROOFTOP,google,2026-08-24T12:15:59.167Z
"1500 SW 30TH AVE 15, BOYNTON BEACH, 33426",26.497365806052,-80.087979780454,Exact/L,census,2026-08-24T03:02:29.698Z
"1501 NW 2 AVE STE 4, BOCA RATON, 33432",26.363993905558,-80.09024396738,Exact/L,census,2026-08-24T03:02:29.698Z
"1501 YAMATO RD, BOCA RATON, 33431",26.394872,-80.1177324,google:ROOFTOP,google,2026-08-24T12:15:59.167Z
"1503 BELVEDERE RD, WEST PALM BEACH, 33406",26.690834487305,-80.071682220125,Exact/R,census,2026-08-24T03:02:29.698Z
"1505 BELVEDERE RD, WEST PALM BEACH, 33406",26.690836797118,-80.071763063487,Exact/R,census,2026-08-24T03:02:29.698Z
"15058 S JOG RD, DELRAY BEACH, 33446",26.452725311699,-80.146982183022,Non_Exact/L,census,2026-08-24T03:02:29.698Z
"15064 JOG RD, DELRAY BEACH, 33446",26.452644682862,-80.146979275734,Exact/L,census,2026-08-24T03:02:29.698Z
"15065 S STATE ROAD 7, DELRAY BEACH, 33446",26.452910255444,-80.20457018339,Non_Exact/R,census,2026-08-24T03:02:29.698Z
"1507 S FEDERAL HWY, BOYNTON BEACH, 33435",26.515195285591,-80.059049317126,Exact/R,census,2026-08-24T03:02:29.698Z
"15084 LYONS RD BAY 350, DELRAY BEACH, 33446",26.438446157065,-80.187560701565,Exact/L,census,2026-08-24T03:02:29.698Z
"15084 LYONS RD STE 750, DELRAY BEACH, 33446",26.438446157065,-80.187560701565,Exact/L,census,2026-08-24T03:02:29.698Z
"15084 LYONS RD UNIT 450, DELRAY BEACH, 33446",26.438446157065,-80.187560701565,Exact/L,census,2026-08-24T03:02:29.698Z
"151 E PALMETTO PARK RD, BOCA RATON, 33432",26.350577181049,-80.084653554877,Exact/L,census,2026-08-24T03:02:29.698Z
"151 LAMSTEIN LN, ROYAL PALM BEACH, 33411",26.687916447532,-80.222408181259,Exact/L,census,2026-08-24T03:02:29.698Z
"151 N COUNTY RD, PALM BEACH, 33480",26.720225200045,-80.037807139709,Exact/R,census,2026-08-24T03:02:29.698Z
"151 NORTH OLIVE AVENUE, WEST PALM BEACH, 33401",26.713842406202,-80.051934930261,Exact/L,census,2026-08-24T03:02:29.698Z
"1510 N SAPODILLA AVE, WEST PALM BEACH, 33401",26.726540633941,-80.058244920864,Exact/R,census,2026-08-24T03:02:29.698Z
"1510 N US HWY 1, JUPITER, 33469",26.952641561664,-80.08533932577,Exact/R,census,2026-08-24T03:02:29.698Z
"1511 N OLD DIXIE HWY, JUPITER, 33469",26.954826563942,-80.086557424337,Non_Exact/L,census,2026-08-24T03:02:29.698Z
"1515 N FEDERAL HWY, BOCA RATON, 33432",26.364273643575,-80.080528024272,Exact/L,census,2026-08-24T03:02:29.698Z
"1515 S FEDERAL HWY, BOCA RATON, 33432",26.33568445758,-80.087940100707,Exact/R,census,2026-08-24T03:02:29.698Z
"1516 43 ST, WEST PALM BEACH, 33407",26.751576527485,-80.073878317659,Exact/L,census,2026-08-24T03:02:29.698Z
"1516 N DIXIE HWY, LAKE WORTH, 33460",26.63385121718,-80.056663144086,Exact/R,census,2026-08-24T03:02:29.698Z
"1516 N TAMARIND AVE, WEST PALM BEACH, 33401",26.726670274604,-80.061559734278,Exact/R,census,2026-08-24T03:02:29.698Z
"1516 NORTH TAMARIND AVE, WEST PALM BEACH, 33401",26.726670274604,-80.061559734278,Exact/R,census,2026-08-24T03:02:29.698Z
"152 CITRUS PARK CIRCLE, BOYNTON BEACH, 33436",26.552875677368,-80.100669448168,Exact/R,census,2026-08-24T03:02:29.698Z
"15200 JOG RD, DELRAY BEACH, 33446",26.450817042296,-80.146913991006,Exact/L,census,2026-08-24T03:02:29.698Z
"15200 S JOG RD UNIT B4, DELRAY BEACH, 33446",26.450817042296,-80.146913991006,Non_Exact/L,census,2026-08-24T03:02:29.698Z
"1521 45 ST, WEST PALM BEACH, 33407",26.754959013823,-80.081053529269,Exact/R,census,2026-08-24T03:02:29.698Z
"1521 W BOYNTON BEACH BLVD, BOYNTON BEACH, 33436",26.527685610934,-80.092254960079,Exact/L,census,2026-08-24T03:02:29.698Z
"15220 S JOG RD, DELRAY BEACH, 33446",26.450548135497,-80.146905083136,Non_Exact/L,census,2026-08-24T03:02:29.698Z
"1523-1533 W BLUE HERON BLVD, RIVIERA BEACH, 33404",26.781004162279,-80.079463240642,Non_Exact/L,census,2026-08-24T03:02:29.698Z
"1525 NW AVENUE L, BELLE GLADE, 33430",26.696843654621,-80.683089756552,Exact/L,census,2026-08-24T03:02:29.698Z
"15280 JOG RD STE J, DELRAY BEACH, 33446",26.449741746124,-80.14687863258,Non_Exact/L,census,2026-08-24T03:02:29.698Z
"15280 JOG ROAD, DELRAY BEACH, 33446",26.449741746124,-80.14687863258,Exact/L,census,2026-08-24T03:02:29.698Z
"153 ADMIRALS COVE BLVD, JUPITER, 33477",26.905541506158,-80.085456368355,Exact/R,census,2026-08-24T03:02:29.698Z
"1530 S FEDERAL HWY, DELRAY BEACH, 33483",26.442117955443,-80.069712665674,Exact/R,census,2026-08-24T03:02:29.698Z
"1531 BELVEDERE RD, WEST PALM BEACH, 33406",26.69086909266,-80.072860266038,Exact/R,census,2026-08-24T03:02:29.698Z
"1533 S CONGRESS AVE, DELRAY BEACH, 33445",26.440651377472,-80.092346705551,Exact/R,census,2026-08-24T03:02:29.698Z
"15339 SOUTHERN BLVD, LOXAHATCHEE, 33470",26.683017736795,-80.28524633798,Exact/R,census,2026-08-24T03:02:29.698Z
"1534 ELIZABETH AVE, WEST PALM BEACH, 33401",26.698205582997,-80.064734807472,Exact/L,census,2026-08-24T03:02:29.698Z
"15350 91ST TERRACE NORTH, JUPITER, 33478",26.902079764453,-80.178002724501,Exact/R,census,2026-08-24T03:02:29.698Z
"1538 SW 8 ST, BOYNTON BEACH, 33426",26.515560739084,-80.077177817072,Exact/L,census,2026-08-24T03:02:29.698Z
"1540 PALM BEACH LAKES BLVD STE 100, WEST PALM BEACH, 33401",26.72496217644,-80.07783750667,Exact/L,census,2026-08-24T03:02:29.698Z
"1540 PALM BEACH LAKES BLVD STE B-02, WEST PALM BEACH, 33401",26.72496217644,-80.07783750667,Exact/L,census,2026-08-24T03:02:29.698Z
"1540 PALM BEACH LAKES BLVD, WEST PALM BEACH, 33401",26.72496217644,-80.07783750667,Exact/L,census,2026-08-24T03:02:29.698Z
"1540 S W 8 ST STE 1053, BOYNTON BEACH, 33426",26.515524015515,-80.077176645044,Exact/L,census,2026-08-24T03:02:29.698Z
"1540 W BOYNTON BEACH, BOYNTON BEACH, 33436",26.527525732068,-80.093731937367,Non_Exact/R,census,2026-08-24T03:02:29.698Z
"1541 W BLUE HERON BLVD, RIVIERA BEACH, 33404",26.781010353946,-80.079617344257,Exact/L,census,2026-08-24T03:02:29.698Z
"15415 OKEECHOBEE BLVD, LOXAHATCHEE, 33470",26.706786833358,-80.288552476224,Exact/R,census,2026-08-24T03:02:29.698Z
"15430 ENDEAVOR DR, JUPITER, 33478",26.905798965243,-80.300728658537,Exact/R,census,2026-08-24T03:02:29.698Z
"1544 CYPRESS DR, JUPITER, 33469",26.955698986964,-80.088333812957,Exact/L,census,2026-08-24T03:02:29.698Z
"1548 N US HWY ONE 101, JUPITER, 33469",26.953424454514,-80.08530447093,Exact/R,census,2026-08-24T03:02:29.698Z
"1549 W BLUEHERON BLVD, RIVIERA BEACH, 33404",26.781016545613,-80.079771447871,Non_Exact/L,census,2026-08-24T03:02:29.698Z
"155 HAMMON AVE, PALM BEACH, 33480",26.69990581764,-80.034690252403,Exact/R,census,2026-08-24T03:02:29.698Z
"155 S SR 7 108, WELLINGTON, 33414",26.677356051266,-80.202500865276,Non_Exact/L,census,2026-08-24T03:02:29.698Z
"155 SR 7 STE 105B, ROYAL PALM BEACH, 33411",26.682232370079,-80.202344143304,Non_Exact/R,census,2026-08-24T03:02:29.698Z
"155 TONEY PENNA DR, JUPITER, 33458",26.926349231835,-80.095778798737,Exact/R,census,2026-08-24T03:02:29.698Z
"1550 FLAGLER PKWY, WEST PALM BEACH, 33411",26.700080060889,-80.191312562737,Exact/L,census,2026-08-24T03:02:29.698Z
"1550 W BOYNTON BCH BLVD, BOYNTON BEACH, 33436",26.527498536613,-80.094547801551,Exact/R,census,2026-08-24T03:02:29.698Z
"1550 W INDIANTOWN RD, JUPITER, 33458",26.934101784007,-80.122004606063,Exact/R,census,2026-08-24T03:02:29.698Z
"15552 TEMPLE BLVD, LOXAHATCHEE, 33470",26.795640860438,-80.286588570089,Exact/R,census,2026-08-24T03:02:29.698Z
"1556 US HWY 1, JUPITER, 33469",26.953589274062,-80.085297133069,Exact/R,census,2026-08-24T03:02:29.698Z
"1558 PALM BEACH LAKES BLVD 1, WEST PALM BEACH, 33401",26.724978289585,-80.078584081544,Non_Exact/L,census,2026-08-24T03:02:29.698Z
"1558 PALM BEACH LAKES BLVD STE 5, WEST PALM BEACH, 33401",26.724978289585,-80.078584081544,Exact/L,census,2026-08-24T03:02:29.698Z
"1560 S FEDERAL HWY, DELRAY BEACH, 33483",26.441961771634,-80.069818118247,Exact/R,census,2026-08-24T03:02:29.698Z
"1560 W BOYNTON BEACH BLVD, BOYNTON BEACH, 33436",26.527471341157,-80.095363665734,Exact/R,census,2026-08-24T03:02:29.698Z
"1561 S CONGRESS AVE, DELRAY BEACH, 33445",26.44016992257,-80.092350324388,Exact/R,census,2026-08-24T03:02:29.698Z
"1562 S FEDERAL HWY, DELRAY BEACH, 33483",26.44195135938,-80.069825148419,Exact/R,census,2026-08-24T03:02:29.698Z
"15673 SOUTHERN BLVD 107-109, LOXAHATCHEE, 33670",26.683299756852,-80.294219354102,Non_Exact/R,census,2026-08-24T03:02:29.698Z
"15673 SOUTHERN BLVD B-103-104, LOXAHATCHEE GROVES, 33470",26.683299756852,-80.294219354102,Non_Exact/R,census,2026-08-24T03:02:29.698Z
"15673 SOUTHERN BLVD UNIT 100, LOXAHATCHEE, 33470",26.683299756852,-80.294219354102,Exact/R,census,2026-08-24T03:02:29.698Z
"15673 SOUTHERN BLVD UNITS 105-106, LOXAHATCHEE, 33470",26.683299756852,-80.294219354102,Non_Exact/R,census,2026-08-24T03:02:29.698Z
"15689 SOUTHERN BLVD 100, LOXAHATCHEE, 33470",26.683308993136,-80.294498040994,Exact/R,census,2026-08-24T03:02:29.698Z
"157 SOUTH STATE RD 7 (441), ROYAL PALM BEACH, 33411",26.682248075848,-80.202343337114,Non_Exact/R,census,2026-08-24T03:02:29.698Z
"15753 SOUTHERN BLVD, LOXAHATCHEE, 33470",26.68334593827,-80.295612788564,Exact/R,census,2026-08-24T03:02:29.698Z
"158 NW 20 ST, BOCA RATON, 33431",26.368167364191,-80.08842597334,Exact/L,census,2026-08-24T03:02:29.698Z
"1581 W BLUE HERON BLVD, RIVIERA BEACH, 33404",26.781041312281,-80.080387862328,Exact/L,census,2026-08-24T03:02:29.698Z
"15859 GUILD COURT, JUPITER, 33478",26.909820480362,-80.277815205745,Exact/L,census,2026-08-24T03:02:29.698Z
"15859 GUILD CT, JUPITER, 33478",26.909820480362,-80.277815205745,Exact/L,census,2026-08-24T03:02:29.698Z
"15880 ORANGE BLVD, LOXAHATCHEE, 33470",26.779834540224,-80.292490554583,Exact/R,census,2026-08-24T03:02:29.698Z
"159 E PALMETTO PARK RD, BOCA RATON, 33432",26.350578469946,-80.08450210902,Exact/L,census,2026-08-24T03:02:29.698Z
"1590 N FLORIDA MANGO RD, WEST PALM BEACH, 33409",26.699937794209,-80.07844972809,Exact/R,census,2026-08-24T03:02:29.698Z
"15901 PINES BLVD, PEMBROKE PINES, 33027",26.007812069342,-80.35957621454,Exact/L,census,2026-08-24T03:02:29.698Z
"15910 ORANGE BLVD, LOXAHATCHEE, 33470",26.779818812526,-80.293027111441,Exact/R,census,2026-08-24T03:02:29.698Z
"1599 SW 30 AVE 11, BOYNTON BEACH, 33426",26.497387451259,-80.089892880612,Exact/R,census,2026-08-24T03:02:29.698Z
"1599 SW 30 AVE STE 11, BOYNTON BEACH, 33426",26.497387451259,-80.089892880612,Exact/R,census,2026-08-24T03:02:29.698Z
"1599 SW 30 AVE UNIT-11, BOYNTON BEACH, 33426",26.497387451259,-80.089892880612,Exact/R,census,2026-08-24T03:02:29.698Z
"16 S J STREET, LAKE WORTH, 33460",26.615660555081,-80.056282315579,Exact/L,census,2026-08-24T03:02:29.698Z
"160 N MILITARY TRAIL, WEST PALM BEACH, 33415",26.679634895313,-80.111934056455,Exact/R,census,2026-08-24T03:02:29.698Z
"160 ROYAL PALM WAY, PALM BEACH, 33480",26.705537538339,-80.035197332218,Exact/L,census,2026-08-24T03:02:29.698Z
"1600 N FEDERAL HWY 16 17 18, BOYNTON BEACH, 33435",26.541450011478,-80.057198472974,Non_Exact/R,census,2026-08-24T03:02:29.698Z
"1600 NORTH DIXIE HIGHWAY, WEST PALM BEACH, 33407",26.7273179,-80.0529208,google:ROOFTOP,google,2026-08-24T12:15:59.167Z
"1600 NORTH FEDERAL HIGHWAY 6, BOYNTON BEACH, 33435",26.541450011478,-80.057198472974,Exact/R,census,2026-08-24T03:02:29.698Z
"1601 BELVEDERE RD, WEST PALM BEACH, 33406",26.690931537371,-80.075056943658,Exact/R,census,2026-08-24T03:02:29.698Z
"1601 N CONGRESS AVE, BOYNTON BEACH, 33426",26.541097769841,-80.090801784186,Exact/R,census,2026-08-24T03:02:29.698Z
"1601 OLD DIXIE HWY 3, RIVIERA BEACH, 33404",26.776625,-80.064858,google:ROOFTOP,google,2026-08-24T12:15:59.167Z
"1601 WORTHINGTON RD, WEST PALM BEACH, 33409",26.695698368558,-80.07463104011,Exact/L,census,2026-08-24T03:02:29.698Z
"1603 S DIXIE HWY, WEST PALM BEACH, 33401",26.699111169068,-80.05406923476,Exact/R,census,2026-08-24T03:02:29.698Z
"1609 S DIXIE HWY, WEST PALM BEACH, 33401",26.698791586171,-80.05408346128,Exact/R,census,2026-08-24T03:02:29.698Z
"1610 S CONGRESS AVE, BOYNTON BEACH, 33426",26.511745452635,-80.090136428703,Exact/L,census,2026-08-24T03:02:29.698Z
"16102 MIZNER CLUB DRIVE, DELRAY BEACH, 33446",26.436035415945,-80.179678667812,Exact/L,census,2026-08-24T03:02:29.698Z
"16104 MIZNER CLUB DR, DELRAY BEACH, 33446",26.436057386478,-80.179689103814,Exact/L,census,2026-08-24T03:02:29.698Z
"1611 WORTHINGTON RD, WEST PALM BEACH, 33409",26.695791400507,-80.074895823318,Exact/L,census,2026-08-24T03:02:29.698Z
"16145 S STATE RD 7 STE C, DELRAY BEACH, 33446",26.437122339912,-80.20429116857,Non_Exact/R,census,2026-08-24T03:02:29.698Z
"16169 SOUTHERN BLVD, LOXAHATCHEE GROVES, 33470",26.683443542135,-80.298504377142,Exact/R,census,2026-08-24T03:02:29.698Z
"1620 S FEDERAL HWY STE B, BOYNTON BEACH, 33435",26.514354650095,-80.058938258434,Non_Exact/L,census,2026-08-24T03:02:29.698Z
"16205 S MILITARY TRL 1589, DELRAY BEACH, 33484",26.437000481064,-80.122322868169,Non_Exact/L,census,2026-08-24T03:02:29.698Z
"1626 SOUTH FEDERAL HWY, BOYNTON BEACH, 33435",26.514309924257,-80.058939220281,Exact/L,census,2026-08-24T03:02:29.698Z
"1628 GATOR BLVD, BELLE GLADE, 33430",26.696696402411,-80.650985305278,Exact/L,census,2026-08-24T03:02:29.698Z
"1628 SOUTH FEDERAL HIGHWAY, BOYNTON BEACH, 33435",26.514295015644,-80.058939540897,Exact/L,census,2026-08-24T03:02:29.698Z
"16290 TOWN CENTER PKWY N 1100, WESTLAKE, 33470",26.760210175087,-80.300818440056,Exact/R,census,2026-08-24T03:02:29.698Z
"16383 132 TER N, JUPITER, 33478",26.917963209145,-80.243675128416,Exact/L,census,2026-08-24T03:02:29.698Z
"1649 FORUM PL STE 3, WEST PALM BEACH, 33401",26.726441733231,-80.082222554197,Exact/R,census,2026-08-24T03:02:29.698Z
"1649 FORUM PL STE 6 & 7, WEST PALM BEACH, 33401",26.726441733231,-80.082222554197,Non_Exact/R,census,2026-08-24T03:02:29.698Z
"1649 FORUM PLACE 4A, WEST PALM BEACH, 33401",26.726441733231,-80.082222554197,Exact/R,census,2026-08-24T03:02:29.698Z
"165 NE 2 AVE, DELRAY BEACH, 33444",26.464648624033,-80.071082911159,Exact/R,census,2026-08-24T03:02:29.698Z
"1654 N FEDERAL HWY, BOCA RATON, 33432",26.365309112178,-80.079580990239,Exact/R,census,2026-08-24T03:02:29.698Z
"1658 N FEDERAL HWY, BOCA RATON, 33432",26.365331594413,-80.079563593271,Exact/R,census,2026-08-24T03:02:29.698Z
"1659 FORUM PL, WEST PALM BEACH, 33401",26.726346239327,-80.082642144244,Exact/R,census,2026-08-24T03:02:29.698Z
"166 SE 2 AVE, DELRAY BEACH, 33444",26.458611053056,-80.071084493832,Exact/R,census,2026-08-24T03:02:29.698Z
"1660 S CONGRESS AVE STE 7, BOYNTON BEACH, 33426",26.511108476844,-80.090124471838,Exact/L,census,2026-08-24T03:02:29.698Z
"1660 S FEDERAL HWY, DELRAY BEACH, 33483",26.441173404676,-80.070361536064,Exact/R,census,2026-08-24T03:02:29.698Z
"1661 AC EVANS ST, RIVIERA BEACH, 33404",26.7924527,-80.0818767,google:ROOFTOP,google,2026-08-24T12:15:59.167Z
"1665 DR MLK JR BLVD STE A15, RIVIERA BEACH, 33404",26.769729864886,-80.082027178406,Exact/L,census,2026-08-24T03:02:29.698Z
"1665 MARTIN LUTHER KING BLVD, RIVIERA BEACH, 33404",26.769729864886,-80.082027178406,Exact/L,census,2026-08-24T03:02:29.698Z
"1665 MARTIN LUTHER KING JR BLVD 2, RIVIERA BEACH, 33404",26.769729864886,-80.082027178406,Exact/L,census,2026-08-24T03:02:29.698Z
"1665 MARTIN LUTHER KING JR BLVD BAY, RIVIERA BEACH, 33404",26.769729864886,-80.082027178406,Non_Exact/L,census,2026-08-24T03:02:29.698Z
"1665 MARTIN LUTHER KING JR BLVD, RIVIERA BEACH, 33404",26.769729864886,-80.082027178406,Exact/L,census,2026-08-24T03:02:29.698Z
"1665 PALM BEACH LAKES BLVD STE 111, WEST PALM BEACH, 33401",26.724759184869,-80.082475314762,Exact/R,census,2026-08-24T03:02:29.698Z
"16651 REMBRANDT BLVD, LOXAHATCHEE, 33470",26.685696665744,-80.308611184065,Exact/L,census,2026-08-24T03:02:29.698Z
"16651 REMBRANDT RD, LOXAHATCHEE, 33470",26.685696665744,-80.308611184065,Non_Exact/L,census,2026-08-24T03:02:29.698Z
"1666 N FEDERAL HWY, BOCA RATON, 33432",26.365376558885,-80.079528799334,Exact/R,census,2026-08-24T03:02:29.698Z
"1668 NORTH FEDERAL HWY, BOCA RATON, 33432",26.365387800003,-80.07952010085,Exact/R,census,2026-08-24T03:02:29.698Z
"16701 CABERNET DR, DELRAY BEACH, 33446",26.430577293331,-80.199094502014,Exact/R,census,2026-08-24T03:02:29.698Z
"1672 S CONGRESS AVE, PALM SPRINGS, 33461",26.639027210987,-80.08823838172,Exact/L,census,2026-08-24T03:02:29.698Z
"1675 B FORUM PLACE, WEST PALM BEACH, 33401",26.726160441511,-80.083303515802,Non_Exact/R,census,2026-08-24T03:02:29.698Z
"1675 PALM BEACH LAKES BLVD, WEST PALM BEACH, 33401",26.724669701122,-80.082792575336,Exact/R,census,2026-08-24T03:02:29.698Z
"1675 S MILITARY TRL, WEST PALM BEACH, 33415",26.653391715388,-80.112624196892,Exact/R,census,2026-08-24T03:02:29.698Z
"1677 FORUM PL, WEST PALM BEACH, 33401",26.726133849721,-80.083384240881,Exact/R,census,2026-08-24T03:02:29.698Z
"1677 FORUM PLACE, WEST PALM BEACH, 33401",26.726133849721,-80.083384240881,Exact/R,census,2026-08-24T03:02:29.698Z
"16823 CAPTAIN KIRLE DR, JUPITER, 33477",26.925143108269,-80.088593844365,Exact/L,census,2026-08-24T03:02:29.698Z
"1684 S CONGRESS AVE, PALM SPRINGS, 33461",26.638503001492,-80.088258717447,Exact/L,census,2026-08-24T03:02:29.698Z
"1684 S FEDERAL HWY, DELRAY BEACH, 33483",26.440939615535,-80.070525328459,Exact/R,census,2026-08-24T03:02:29.698Z
"16841 PERSIMMON BLVD W STE 1900, WESTLAKE, 33470",26.7535397,-80.3095663,google:ROOFTOP,google,2026-08-24T12:15:59.167Z
"1685 61ST DR S, WEST PALM BEACH, 33415",26.653345120751,-80.139255832949,Exact/R,census,2026-08-24T03:02:29.698Z
"16850 S JOG RD, DELRAY BEACH, 33446",26.426905034927,-80.146458652958,Non_Exact/L,census,2026-08-24T03:02:29.698Z
"1686 S CONGRESS AVE, PALM SPRINGS, 33461",26.638415353306,-80.088262387239,Exact/L,census,2026-08-24T03:02:29.698Z
"16881 PERSIMMON BLVD W 1400-1500, WESTLAKE, 33470",26.755436,-80.3094682,google:ROOFTOP,google,2026-08-24T12:15:59.167Z
"16881 PERSIMMON BLVD W UNIT 1000, WESTLAKE, 33470",26.7553412,-80.309422,google:ROOFTOP,google,2026-08-24T12:15:59.167Z
"169 NE 2 AVE, DELRAY BEACH, 33444",26.464719253841,-80.071084461567,Exact/R,census,2026-08-24T03:02:29.698Z
"1691 FORUM PL STE A, WEST PALM BEACH, 33401",26.725938980054,-80.0839476838,Non_Exact/R,census,2026-08-24T03:02:29.698Z
"1693 FORUM PLACE, WEST PALM BEACH, 33401",26.72591015221,-80.084027440836,Exact/R,census,2026-08-24T03:02:29.698Z
"1695 INDIANTOWN RD UNIT 7, JUPITER, 33458",26.934249052299,-80.12411478222,Non_Exact/L,census,2026-08-24T03:02:29.698Z
"1695 WEST INDIAN TOWN ROAD, JUPITER, 33458",26.934249052299,-80.12411478222,Exact/L,census,2026-08-24T03:02:29.698Z
"16950 JOG RD STE 116, DELRAY BEACH, 33446",26.425062909302,-80.14644983901,Exact/L,census,2026-08-24T03:02:29.698Z
"16950 JOG ROAD STE 101S, DELRAY BEACH, 33446",26.425062909302,-80.14644983901,Exact/L,census,2026-08-24T03:02:29.698Z
"16950 N JOG RD STE 115S, DELRAY BEACH, 33446",26.425062909302,-80.14644983901,Non_Exact/L,census,2026-08-24T03:02:29.698Z
"16964 CAPTAIN KIRLE DR, JUPITER, 33477",26.925958044046,-80.087996185348,Exact/R,census,2026-08-24T03:02:29.698Z
"1697 W INDIANTOWN ROAD, JUPITER, 33458",26.934249506386,-80.124144121209,Exact/L,census,2026-08-24T03:02:29.698Z
"1697 WEST INDIANTOWN ROAD, JUPITER, 33458",26.934249506386,-80.124144121209,Exact/L,census,2026-08-24T03:02:29.698Z
"17 S J ST, LAKE WORTH, 33460",26.615644611028,-80.056411134442,Exact/R,census,2026-08-24T03:02:29.698Z
"170 LAKEVIEW AVE, WEST PALM BEACH, 33401",26.706110244986,-80.050030690498,Exact/L,census,2026-08-24T03:02:29.698Z
"170 W CAMINO REAL, BOCA RATON, 33432",26.341027725683,-80.090597373138,Exact/L,census,2026-08-24T03:02:29.698Z
"1700 45 ST 1745, WEST PALM BEACH, 33407",26.755627863958,-80.081542670769,Exact/L,census,2026-08-24T03:02:29.698Z
"1700 S DIXIE HWY, WEST PALM BEACH, 33401",26.698462537389,-80.053968316413,Exact/L,census,2026-08-24T03:02:29.698Z
"1700 SUWANEE DRIVE, WEST PALM BEACH, 33409",26.700239252087,-80.087858842276,Exact/R,census,2026-08-24T03:02:29.698Z
"1701 CONGRESS AVE, BOYNTON BEACH, 33426",26.5415793,-80.09207219999999,google:ROOFTOP,google,2026-08-24T12:15:59.167Z
"1701 S CONGRESS AVE, BOYNTON BEACH, 33426",26.512131853098,-80.090271759163,Exact/R,census,2026-08-24T03:02:29.698Z
"1701 S FEDERAL HWY, DELRAY BEACH, 33483",26.441502159001,-80.069980135211,Exact/L,census,2026-08-24T03:02:29.698Z
"1703 PALM BEACH LAKES BLVD STE H05, WEST PALM BEACH, 33401",26.724310599809,-80.083727874976,Exact/R,census,2026-08-24T03:02:29.698Z
"17035 PERSIMMON BLVD UNIT 1200, WESTLAKE, 33470",26.7543286,-80.311193,google:ROOFTOP,google,2026-08-24T12:15:59.167Z
"1704 W 13 ST, RIVIERA BEACH, 33404",26.774402985831,-80.083322266051,Exact/R,census,2026-08-24T03:02:29.698Z
"1705 DONNA RD STE 5, WEST PALM BEACH, 33409",26.701919882118,-80.081036670843,Exact/L,census,2026-08-24T03:02:29.698Z
"1705 S FEDERAL HWY STE A1-A2, DELRAY BEACH, 33483",26.441431386098,-80.070029718623,Non_Exact/L,census,2026-08-24T03:02:29.698Z
"1709 BELVEDERE RD, WEST PALM BEACH, 33406",26.6913979,-80.0774496,google:ROOFTOP,google,2026-08-24T12:15:59.167Z
"1709 N CONGRESS AVE, BOYNTON BEACH, 33426",26.541905948068,-80.090816750426,Exact/R,census,2026-08-24T03:02:29.698Z
"171 E PALMETTO PARK RD, BOCA RATON, 33432",26.350580403293,-80.084274940234,Exact/L,census,2026-08-24T03:02:29.698Z
"171 S SR 7 400, ROYAL PALM BEACH, 33414",26.677013193417,-80.202510173644,Non_Exact/L,census,2026-08-24T03:02:29.698Z
"171 S SR7 STE 500, ROYAL PALM BEACH, 33414",26.677013193417,-80.202510173644,Non_Exact/L,census,2026-08-24T03:02:29.698Z
"171 SE MIZNER BLVD, BOCA RATON, 33432",26.347842201403,-80.083793633555,Exact/R,census,2026-08-24T03:02:29.698Z
"171 SOUTH STATE ROAD 7 100 BLDG B, ROYAL PALM BEACH, 33414",26.677013193417,-80.202510173644,Non_Exact/L,census,2026-08-24T03:02:29.698Z
"1710 45TH ST, WEST PALM BEACH, 33407",26.756066386153,-80.081679449105,Exact/L,census,2026-08-24T03:02:29.698Z
"1710 BELVEDERE RD, WEST PALM BEACH, 33406",26.690883797042,-80.077027623296,Exact/L,census,2026-08-24T03:02:29.698Z
"1710 CONGRESS AVE, PALM SPRINGS, 33461",26.639639202242,-80.088215635532,Non_Exact/L,census,2026-08-24T03:02:29.698Z
"1710 N DIXIE HWY, LAKE WORTH, 33460",26.636343539912,-80.056578151237,Exact/R,census,2026-08-24T03:02:29.698Z
"1710 W BLUE HERON BLVD, RIVIERA BEACH, 33404",26.781377868488,-80.083021292971,Non_Exact/L,census,2026-08-24T03:02:29.698Z
"1712 S DIXIE HIGHWAY, LAKE WORTH BEACH, 33460",26.594985346286,-80.053724207383,Exact/L,census,2026-08-24T03:02:29.698Z
"1714 S DIXIE HWY, LAKE WORTH, 33460",26.594973122101,-80.05371754677,Exact/L,census,2026-08-24T03:02:29.698Z
"1715 PALM BEACH LAKES BLVD, WEST PALM BEACH, 33401",26.72410573304,-80.084171702051,Exact/R,census,2026-08-24T03:02:29.698Z
"1716 CORPORATE DR, BOYNTON BEACH, 33426",26.510238384709,-80.077834723824,Exact/L,census,2026-08-24T03:02:29.698Z
"1717 N FEDERAL HWY, DELRAY BEACH, 33483",26.482606546667,-80.06579224693,Exact/R,census,2026-08-24T03:02:29.698Z
"1718 S CONGRESS AVE, PALM SPRINGS, 33461",26.639361620492,-80.088225408928,Exact/L,census,2026-08-24T03:02:29.698Z
"172 NE 6 ST, BELLE GLADE, 33430",26.687819691107,-80.661301093858,Exact/L,census,2026-08-24T03:02:29.698Z
"1720 PALM BEACH LAKES, WEST PALM BEACH, 33401",26.723923271613,-80.08427200905,Non_Exact/L,census,2026-08-24T03:02:29.698Z
"1720 S FEDERAL HWY UNIT 1, DELRAY BEACH, 33483",26.440588931824,-80.07077101705,Exact/R,census,2026-08-24T03:02:29.698Z
"1721 BELVEDERE RD, WEST PALM BEACH, 33409",26.690938195491,-80.075250504589,Non_Exact/R,census,2026-08-24T03:02:29.698Z
"1721 DONNA RD UNIT 1A, WEST PALM BEACH, 33409",26.7021738715,-80.08102553864,Exact/L,census,2026-08-24T03:02:29.698Z
"1721 PALM BEACH LAKES BLVD E419, WEST PALM BEACH, 33401",26.723994551124,-80.08438934125,Non_Exact/R,census,2026-08-24T03:02:29.698Z
"1724 S FEDERAL HWY STE A102, DELRAY BEACH, 33483",26.440549966967,-80.070798315782,Exact/R,census,2026-08-24T03:02:29.698Z
"1727 S FEDERAL HWY, BOYNTON BEACH, 33435",26.513570130861,-80.059092604019,Exact/R,census,2026-08-24T03:02:29.698Z
"1728 AVENIDA DEL SOL, BOCA RATON, 33432",26.366056523349,-80.088614302327,Exact/R,census,2026-08-24T03:02:29.698Z
"1729 N CONGRESS AVE, BOYNTON BEACH, 33426",26.542451346177,-80.090826929674,Exact/L,census,2026-08-24T03:02:29.698Z
"173 N US HIGHWAY 1, TEQUESTA, 33469",26.961740297908,-80.084430977962,Exact/L,census,2026-08-24T03:02:29.698Z
"1730 N FEDERAL HWY, BOYNTON BEACH, 33435",26.543508620356,-80.056831167118,Exact/R,census,2026-08-24T03:02:29.698Z
"1731 N FEDERAL HWY, DELRAY BEACH, 33483",26.440971362227,-80.0703520108,Non_Exact/L,census,2026-08-24T03:02:29.698Z
"1732 N DIXIE HWY, LAKE WORTH, 33460",26.63703543695,-80.056555625687,Exact/L,census,2026-08-24T03:02:29.698Z
"1732 S FEDERAL HWY STE 286, DELRAY BEACH, 33483",26.440472037253,-80.070852913247,Exact/R,census,2026-08-24T03:02:29.698Z
"1736 45 ST, WEST PALM BEACH, 33407",26.757134188452,-80.082157250252,Exact/L,census,2026-08-24T03:02:29.698Z
"17370 ALT A1A STE 401, JUPITER, 33477",,,google:GEOMETRIC_CENTER-too-coarse,google,2026-08-24T12:15:59.167Z
"1739 NW 2 AVE, BOCA RATON, 33432",26.365710628632,-80.090299988683,Exact/L,census,2026-08-24T03:02:29.698Z
"1739 W 45 ST, WEST PALM BEACH, 33407",26.756426699971,-80.08165296956,Non_Exact/R,census,2026-08-24T03:02:29.698Z
"174 NW 51 ST, BOCA RATON, 33431",26.394473132159,-80.083185457056,Exact/L,census,2026-08-24T03:02:29.698Z
"1740 N MILITARY TRL, WEST PALM BEACH, 33409",26.702802032012,-80.111068116098,Exact/L,census,2026-08-24T03:02:29.698Z
"1741 PALM BEACH LAKES BLVD STE F01, WEST PALM BEACH, 33401",26.72358971503,-80.085082649344,Exact/R,census,2026-08-24T03:02:29.698Z
"1741 PALM BEACH LAKES BLVD STE F03, WEST PALM BEACH, 33401",26.72358971503,-80.085082649344,Exact/R,census,2026-08-24T03:02:29.698Z
"1741 PALM BEACH LAKES BLVD STE F05, WEST PALM BEACH, 33401",26.72358971503,-80.085082649344,Exact/R,census,2026-08-24T03:02:29.698Z
"1741 PALM BEACH LAKES BLVD, WEST PALM BEACH, 33401",26.72358971503,-80.085082649344,Exact/R,census,2026-08-24T03:02:29.698Z
"1743 45 ST, WEST PALM BEACH, 33407",26.757161798418,-80.082026307001,Exact/R,census,2026-08-24T03:02:29.698Z
"1743 45 STREET, WEST PALM BEACH, 33407",26.757161798418,-80.082026307001,Exact/R,census,2026-08-24T03:02:29.698Z
"1748 AUSTRALIAN AVE UNIT 15, RIVIERA BEACH, 33404",26.77788013293,-80.070564880816,Exact/R,census,2026-08-24T03:02:29.698Z
"1748 S CONGRESS AVE, PALM SPRINGS, 33461",26.638321977186,-80.088266537292,Exact/L,census,2026-08-24T03:02:29.698Z
"175 N FEDERAL HWY, BOCA RATON, 33432",26.352088673273,-80.086496540351,Exact/L,census,2026-08-24T03:02:29.698Z
"175 N MILITARY TRAIL, WEST PALM BEACH, 33415",26.680066168026,-80.112280686877,Exact/R,census,2026-08-24T03:02:29.698Z
"175 SE MIZNER BLVD STE 19, BOCA RATON, 33432",26.347796322254,-80.083807397301,Exact/R,census,2026-08-24T03:02:29.698Z
"1750 LATHAM RD STE 7, WEST PALM BEACH, 33409",26.70214161832,-80.082282285738,Exact/R,census,2026-08-24T03:02:29.698Z
"1750 N CONGRESS AVE 100, BOYNTON BEACH, 33426",26.541881522576,-80.090688189245,Exact/L,census,2026-08-24T03:02:29.698Z
"1750 N CONGRESS AVE STE 700, BOYNTON BEACH, 33426",26.541881522576,-80.090688189245,Exact/L,census,2026-08-24T03:02:29.698Z
"1750 S FEDERAL HWY, DELRAY BEACH, 33483",26.440296695398,-80.070975757543,Exact/R,census,2026-08-24T03:02:29.698Z
"1751 PALM BEACH LAKES BLVD UNITE121, WEST PALM BEACH, 33401",26.723364113486,-80.085416982151,Exact/R,census,2026-08-24T03:02:29.698Z
"1751 PALM BEACH LAKES BLVD, WEST PALM BEACH, 33401",26.723364113486,-80.085416982151,Exact/R,census,2026-08-24T03:02:29.698Z
"1751 PALM BEAHC LAKES, WEST PALM BEACH, 33401",26.723364113486,-80.085416982151,Non_Exact/R,census,2026-08-24T03:02:29.698Z
"1759 NW 2 AVE, BOCA RATON, 33432",26.365872068961,-80.090305466118,Exact/L,census,2026-08-24T03:02:29.698Z
"1760 N JOG RD 180, WEST PALM BEACH, 33411",26.705918378489,-80.151674029822,Exact/R,census,2026-08-24T03:02:29.698Z
"1760 NORTH JOG ROAD SUITE 130, WEST PALM BEACH, 33411",26.705918378489,-80.151674029822,Exact/R,census,2026-08-24T03:02:29.698Z
"1760 S MILITARY TRAIL, WEST PALM BEACH, 33415",26.65107370274,-80.112287172635,Exact/L,census,2026-08-24T03:02:29.698Z
"1761 BANYAN CREEK CIRCLE NORTH, BOYNTON BEACH, 33436",26.525184970375,-80.095625258706,Exact/L,census,2026-08-24T03:02:29.698Z
"177 NE 2 AVE, DELRAY BEACH, 33444",26.464860513456,-80.071087562384,Exact/R,census,2026-08-24T03:02:29.698Z
"177 S E MIZNER BLVD STE 36, BOCA RATON, 33432",26.347773382679,-80.083814279174,Exact/R,census,2026-08-24T03:02:29.698Z
"1775 N MILITARY TRL, WEST PALM BEACH, 33409",26.703170902759,-80.111341195131,Exact/L,census,2026-08-24T03:02:29.698Z
"17751 BOCA CLUB BLVD, BOCA RATON, 33487",26.41335531478,-80.103704620824,Exact/L,census,2026-08-24T03:02:29.698Z
"1776 N MILITARY TRL, BOCA RATON, 33486",26.365001747765,-80.122184995805,Non_Exact/R,census,2026-08-24T03:02:29.698Z
"1780 N CONGRESS AVE STE 100, BOYNTON BEACH, 33426",26.543253219062,-80.090703140123,Exact/R,census,2026-08-24T03:02:29.698Z
"1780 N CONGRESS AVE STE 400, BOYNTON BEACH, 33426",26.543253219062,-80.090703140123,Exact/R,census,2026-08-24T03:02:29.698Z
"1780 N CONGRESS AVE STE 600, BOYNTON BEACH, 33426",26.543253219062,-80.090703140123,Exact/R,census,2026-08-24T03:02:29.698Z
"1780 N CONGRESS AVE STE 700, BOYNTON BEACH, 33426",26.543253219062,-80.090703140123,Exact/R,census,2026-08-24T03:02:29.698Z
"1781 PALM BEACH LAKES BLVD W 229, WEST PALM BEACH, 33401",26.722619793051,-80.086343733348,Non_Exact/R,census,2026-08-24T03:02:29.698Z
"1784 N CONGRESS AVE STE 102, WEST PALM BEACH, 33409",26.698964088428,-80.086716644093,Exact/L,census,2026-08-24T03:02:29.698Z
"1787 CONGRESS AVE UNIT B, BOYNTON BEACH, 33426",26.544038,-80.091883,google:ROOFTOP,google,2026-08-24T12:15:59.167Z
"1787 N CONGRESS AVE STE G-1A, BOYNTON BEACH, 33426",26.544114082445,-80.090816319603,Exact/L,census,2026-08-24T03:02:29.698Z
"1787 N CONGRESS AVE, BOYNTON BEACH, 33426",26.544114082445,-80.090816319603,Exact/L,census,2026-08-24T03:02:29.698Z
"179 SE MIZNER BLVD UNIT 37, BOCA RATON, 33432",26.347750443104,-80.083821161046,Exact/R,census,2026-08-24T03:02:29.698Z
"1790 CONGRESS AVE STE 600, BOYNTON BEACH, 33426",26.543921396989,-80.090691553205,Non_Exact/R,census,2026-08-24T03:02:29.698Z
"1790 N CONGRESS AVE, BOYNTON BEACH, 33426",26.543921396989,-80.090691553205,Exact/R,census,2026-08-24T03:02:29.698Z
"17900 BEELINE HWY, JUPITER, 33478",,,google:GEOMETRIC_CENTER-too-coarse,google,2026-08-24T12:15:59.167Z
"17900 BEELINE HWY, WEST PALM BEACH, 33410",,,google:GEOMETRIC_CENTER-too-coarse,google,2026-08-24T12:15:59.167Z
"17940 N MILITARY TRL STE 600, BOCA RATON, 33496",26.410591484898,-80.121600488061,Exact/L,census,2026-08-24T03:02:29.698Z
"17940 N MILITARY TRL STE 700, BOCA RATON, 33496",26.410591484898,-80.121600488061,Exact/L,census,2026-08-24T03:02:29.698Z
"17940 S MILITARY TRL STE 500, BOCA RATON, 33496",26.410591484898,-80.121600488061,Non_Exact/L,census,2026-08-24T03:02:29.698Z
"1795 N CONGRESS AVE, BOYNTON BEACH, 33426",26.54434317202,-80.090812346945,Exact/L,census,2026-08-24T03:02:29.698Z
"17950 MILITARY TRIAL, BOCA RATON, 33496",26.410812149318,-80.121610954351,Non_Exact/L,census,2026-08-24T03:02:29.698Z
"1797 N CONGRESS AVE, BOYNTON BEACH, 33426",26.544400444414,-80.090811353781,Exact/L,census,2026-08-24T03:02:29.698Z
"1799 N CONGRESS AVE, BOYNTON BEACH, 33436",26.544457716808,-80.090810360617,Non_Exact/L,census,2026-08-24T03:02:29.698Z
"180 BUSINESS PKWY, WEST PALM BEACH, 33411",,,google:APPROXIMATE-too-coarse,google,2026-08-24T12:15:59.167Z
"180 SOUTH FEDERAL HWY STE A, BOCA RATON, 33432",26.348034774694,-80.08633092143,Non_Exact/L,census,2026-08-24T03:02:29.698Z
"1800 45 ST 1, MANGONIA PARK, 33407",26.7532975,-80.07972699999999,google:ROOFTOP,google,2026-08-24T12:15:59.167Z
"1800 45 ST 2, WEST PALM BEACH, 33407",26.7533639,-80.0796895,google:ROOFTOP,google,2026-08-24T12:15:59.167Z
"1800 CENTRAL BLVD, JUPITER, 33458",26.917527516721,-80.134606869304,Exact/R,census,2026-08-24T03:02:29.698Z
"1800 CENTREPARK DR E, WEST PALM BEACH, 33401",26.695816081659,-80.070780386421,Exact/L,census,2026-08-24T03:02:29.698Z
"1800 FOREST HILL BLVD A13-A15, LAKE CLARKE SHORES, 33406",26.652124164652,-80.07751390187,Non_Exact/L,census,2026-08-24T03:02:29.698Z
"1800 FOREST HILL BLVD BAY 14-16, WEST PALM BEACH, 33406",26.652124164652,-80.07751390187,Exact/L,census,2026-08-24T03:02:29.698Z
"1800 PALM BEACH LAKES BLVD, WEST PALM BEACH, 33401",26.72219507924,-80.08660360149,Exact/L,census,2026-08-24T03:02:29.698Z
"1800 S FEDERAL HWY, DELRAY BEACH, 33483",26.439708302752,-80.071340821909,Exact/R,census,2026-08-24T03:02:29.698Z
"1801 S DIXIE HWY, WEST PALM BEACH, 33401",26.697864015965,-80.054123374969,Exact/R,census,2026-08-24T03:02:29.698Z
"1801 S FEDERAL HWY 302, DELRAY BEACH, 33483",26.43966004726,-80.071224745169,Exact/L,census,2026-08-24T03:02:29.698Z
"1801 S OCEAN BLVD, DELRAY BEACH, 33483",26.439782866379,-80.062388905719,Exact/L,census,2026-08-24T03:02:29.698Z
"1807 PALM BEACH LAKES BLVD, WEST PALM BEACH, 33401",26.721891924709,-80.087050748972,Exact/R,census,2026-08-24T03:02:29.698Z
"1808 S AUSTRALIAN AVE, WEST PALM BEACH, 33409",26.698807823694,-80.07180945598,Exact/L,census,2026-08-24T03:02:29.698Z
"181 N US HWY 1, JUPITER, 33477",26.936005264674,-80.081794612938,Exact/L,census,2026-08-24T03:02:29.698Z
"181 N US HWY 1, TEQUESTA, 33469",26.96200884072,-80.084447844531,Exact/L,census,2026-08-24T03:02:29.698Z
"181 NE 2 AVE, DELRAY BEACH, 33444",26.464931143264,-80.071089112792,Exact/R,census,2026-08-24T03:02:29.698Z
"181 OCEAN AVE, PALM BEACH SHORES, 33404",26.773974085404,-80.033304087022,Exact/R,census,2026-08-24T03:02:29.698Z
"181 S OCEAN AVE, PALM BEACH SHORES, 33404",26.780381834394,-80.033742659196,Exact/R,census,2026-08-24T03:02:29.698Z
"1810 FOREST HILL BLVD, LAKE CLARKE SHORES, 33406",26.651972934212,-80.077738703878,Exact/L,census,2026-08-24T03:02:29.698Z
"1810 S FEDERAL HWY, BOYNTON BEACH, 33435",26.512936904134,-80.059022679371,Exact/L,census,2026-08-24T03:02:29.698Z
"1819 WINDSOR DRIVE, NORTH PALM BEACH, 33408",26.849914068128,-80.062132598299,Exact/R,census,2026-08-24T03:02:29.698Z
"1820 DIXIE HWY, BOCA RATON, 33432",26.3664884,-80.0846735,google:ROOFTOP,google,2026-08-24T12:15:59.167Z
"1821 S FEDERAL HWY BLDG 200 202, DELRAY BEACH, 33483",26.439314064801,-80.071395682886,Exact/L,census,2026-08-24T03:02:29.698Z
"1821 S FEDERAL HWY STE 200, DELRAY BEACH, 33483",26.439314064801,-80.071395682886,Exact/L,census,2026-08-24T03:02:29.698Z
"1831 S FEDERAL HWY STE 300, DELRAY BEACH, 33483",26.439139516599,-80.071470929907,Exact/L,census,2026-08-24T03:02:29.698Z
"1837 N MILITARY TRL STE A, WEST PALM BEACH, 33409",26.704177883234,-80.111310680544,Non_Exact/L,census,2026-08-24T03:02:29.698Z
"1837 N MILITARY TRL UNIT B, WEST PALM BEACH, 33409",26.704177883234,-80.111310680544,Non_Exact/L,census,2026-08-24T03:02:29.698Z
"18370 LIMESTONE CREEK RD, JUPITER, 33458",26.947509765123,-80.142025035628,Exact/L,census,2026-08-24T03:02:29.698Z
"1840 PALM BEACH LAKES BLVD, WEST PALM BEACH, 33401",26.721094573527,-80.087593973777,Exact/L,census,2026-08-24T03:02:29.698Z
"1840 S FEDERAL HWY, DELRAY BEACH, 33483",26.439361604535,-80.071512206366,Exact/R,census,2026-08-24T03:02:29.698Z
"1841 S FEDERAL HWY 400, DELRAY BEACH, 33483",26.438962820537,-80.071539734121,Exact/L,census,2026-08-24T03:02:29.698Z
"18487 SE FEDERAL HWY, TEQUESTA, 33469",26.980164518262,-80.090443481697,Exact/R,census,2026-08-24T03:02:29.698Z
"185 BANYAN BLVD 100, WEST PALM BEACH, 33401",26.714359542772,-80.050504509411,Exact/R,census,2026-08-24T03:02:29.698Z
"185 E INDIAN TOWN RD 217, JUPITER, 33477",26.934119081161,-80.090429299513,Exact/R,census,2026-08-24T03:02:29.698Z
"185 E INDIANTOWN RD 223 230, JUPITER, 33477",26.934119081161,-80.090429299513,Non_Exact/R,census,2026-08-24T03:02:29.698Z
"185 E INDIANTOWN RD STE 123, JUPITER, 33477",26.934119081161,-80.090429299513,Exact/R,census,2026-08-24T03:02:29.698Z
"1850 W BLUE HERON BLVD, RIVIERA BEACH, 33404",26.782024843745,-80.086298505406,Non_Exact/L,census,2026-08-24T03:02:29.698Z
"1855 PALM BEACH LAKES BLVD STE B09, WEST PALM BEACH, 33401",26.7206835748,-80.088123117037,Exact/R,census,2026-08-24T03:02:29.698Z
"187 NE 2 AVE, DELRAY BEACH, 33444",26.465037087976,-80.071091438405,Exact/R,census,2026-08-24T03:02:29.698Z
"187 SE MIZNER BLVD 38-39, BOCA RATON, 33432",26.347666404654,-80.083855736061,Non_Exact/R,census,2026-08-24T03:02:29.698Z
"187 TEQUESTA DR, TEQUESTA, 33469",26.95930489368,-80.086832572508,Exact/L,census,2026-08-24T03:02:29.698Z
"1872 N FEDERAL HWY, BOYNTON BEACH, 33435",26.545274254078,-80.056540057575,Exact/R,census,2026-08-24T03:02:29.698Z
"1876 DR ANDRES WAY 102, DELRAY BEACH, 33445",26.458958686906,-80.093025458526,Exact/R,census,2026-08-24T03:02:29.698Z
"1880 DR ANDRES WAY UNIT 7, DELRAY BEACH, 33445",26.458958368038,-80.093043873169,Exact/R,census,2026-08-24T03:02:29.698Z
"1880 DR ANDRES WAY UNIT C, DELRAY BEACH, 33445",26.458958368038,-80.093043873169,Non_Exact/R,census,2026-08-24T03:02:29.698Z
"1880 DR ANDRES WAY, DELRAY BEACH, 33444",26.458958368038,-80.093043873169,Non_Exact/R,census,2026-08-24T03:02:29.698Z
"1880 N CONGRESS AVE 190, BOYNTON BEACH, 33426",26.5449652649,-80.090672483311,Exact/R,census,2026-08-24T03:02:29.698Z
"1880 N CONGRESS AVE STE 104, BOYNTON BEACH, 33426",26.5449652649,-80.090672483311,Exact/R,census,2026-08-24T03:02:29.698Z
"1880 N CONGRESS AVE STE 170, BOYNTON BEACH, 33426",26.5449652649,-80.090672483311,Exact/R,census,2026-08-24T03:02:29.698Z
"1880 N CONGRESS AVE UNIT 108, BOYNTON BEACH, 33426",26.5449652649,-80.090672483311,Exact/R,census,2026-08-24T03:02:29.698Z
"1880 N CONGRESS AVE UNIT 150, BOYNTON BEACH, 33426",26.5449652649,-80.090672483311,Exact/R,census,2026-08-24T03:02:29.698Z
"1880 N CONGRESS AVE, BOYNTON BEACH, 33426",26.5449652649,-80.090672483311,Exact/R,census,2026-08-24T03:02:29.698Z
"1880 OKEECHOBEE BLVD STE A, WEST PALM BEACH, 33409",26.706153317267,-80.080457801154,Non_Exact/L,census,2026-08-24T03:02:29.698Z
"1880 OKEECHOBEE BLVD UNIT C, WEST PALM BEACH, 33409",26.706153317267,-80.080457801154,Non_Exact/L,census,2026-08-24T03:02:29.698Z
"1880 SMITH DR, NORTH PALM BEACH, 33408",26.845049530526,-80.062176815853,Exact/L,census,2026-08-24T03:02:29.698Z
"1880 W 10 ST BLDG 106, RIVIERA BEACH, 33404",26.772787191064,-80.08741614506,Exact/L,census,2026-08-24T03:02:29.698Z
"18877 131 TR N, JUPITER, 33478",26.95534397052,-80.241461568515,Exact/L,census,2026-08-24T03:02:29.698Z
"189 NE 2 AVE, DELRAY BEACH, 33483",26.465072402879,-80.071092213609,Non_Exact/R,census,2026-08-24T03:02:29.698Z
"1891 POWELL RD, WEST PALM BEACH, 33411",26.707039434056,-80.193364432383,Exact/R,census,2026-08-24T03:02:29.698Z
"1892 B ABBEY RD, WEST PALM BEACH, 33415",26.650320881937,-80.123052764193,Non_Exact/L,census,2026-08-24T03:02:29.698Z
"18965 131 TRL N, JUPITER, 33478",26.956466763208,-80.242370120001,Exact/L,census,2026-08-24T03:02:29.698Z
"1899 N CONGRESS AVE BAY 3, BOYNTON BEACH, 33426",26.544958975883,-80.090800719371,Exact/L,census,2026-08-24T03:02:29.698Z
"1899 N CONGRESS AVE, BOYNTON BEACH, 33426",26.544958975883,-80.090800719371,Exact/L,census,2026-08-24T03:02:29.698Z
"1899 WOOLBRIGHT RD, BOYNTON BEACH, 33426",26.513591532173,-80.081482061238,Non_Exact/R,census,2026-08-24T03:02:29.698Z
"19 NE 3 AVE, DELRAY BEACH, 33483",26.463199625176,-80.069626883645,Exact/R,census,2026-08-24T03:02:29.698Z
"19 SE 5 AVE, DELRAY BEACH, 33483",26.461286144129,-80.067979614805,Exact/L,census,2026-08-24T03:02:29.698Z
"190 ATLANTIS BOULEVARD, ATLANTIS, 33462",26.600437172434,-80.096926143491,Exact/R,census,2026-08-24T03:02:29.698Z
"190 E 13TH ST, RIVIERA BEACH, 33404",26.773713434453,-80.058227460399,Non_Exact/R,census,2026-08-24T03:02:29.698Z
"1900 AERO CLUB DR, WELLINGTON, 33414",26.667588778322,-80.286664355941,Exact/R,census,2026-08-24T03:02:29.698Z
"1900 BANYAN CLUB RD, WEST PALM BEACH, 33401",26.674821033921,-80.126197099763,Non_Exact/R,census,2026-08-24T03:02:29.698Z
"1900 NW EXECULTIVE CENTER CIR, BOCA RATON, 33431",26.368702034685,-80.122489290112,Non_Exact/L,census,2026-08-24T03:02:29.698Z
"1900 OKEECHOBEE BLVD A3, WEST PALM BEACH, 33409",26.7061847175,-80.081436084698,Exact/L,census,2026-08-24T03:02:29.698Z
"1900 OKEECHOBEE BLVD A5, WEST PALM BEACH, 33409",26.7061847175,-80.081436084698,Exact/L,census,2026-08-24T03:02:29.698Z
"1900 OKEECHOBEE BLVD STE B, WEST PALM BEACH, 33409",26.7061847175,-80.081436084698,Non_Exact/L,census,2026-08-24T03:02:29.698Z
"1900 OKEECHOBEE BLVD UNIT C11, WEST PALM BEACH, 33409",26.7061847175,-80.081436084698,Exact/L,census,2026-08-24T03:02:29.698Z
"1900 OKEECHOBEE BLVD UNIT C6, WEST PALM BEACH, 33409",26.7061847175,-80.081436084698,Exact/L,census,2026-08-24T03:02:29.698Z
"1900 PALM BEACH LAKES BLVD, WEST PALM BEACH, 33409",26.717384555523,-80.090885310067,Exact/L,census,2026-08-24T03:02:29.698Z
"1900 PALM BEAHC LAKES BLVD, WEST PALM BEACH, 33409",26.717384555523,-80.090885310067,Non_Exact/L,census,2026-08-24T03:02:29.698Z
"1901 LAKERIDGE BLVD, BOCA RATON, 33496",,,google:GEOMETRIC_CENTER-too-coarse,google,2026-08-24T12:15:59.167Z
"1901 N MILITARY TRL, BOCA RATON, 33431",26.365876875556,-80.121629539524,Exact/L,census,2026-08-24T03:02:29.698Z
"1901 PALM BEACH LAKES BLVD, WEST PALM BEACH, 33409",26.717525737729,-80.090923861672,Exact/R,census,2026-08-24T03:02:29.698Z
"1901 S DIXIE HWY, WEST PALM BEACH, 33401",26.696892049174,-80.054163908576,Exact/R,census,2026-08-24T03:02:29.698Z
"1901 VILLAGE BLVD, WEST PALM BEACH, 33409",26.728626766035,-80.099908101058,Exact/L,census,2026-08-24T03:02:29.698Z
"1905 S MILITARY TRL, WEST PALM BEACH, 33415",26.6492046,-80.1129081,google:ROOFTOP,google,2026-08-24T12:15:59.167Z
"1906 CLINT MOORE RD, BOCA RATON, 33496",26.407489420056,-80.125241345029,Exact/L,census,2026-08-24T03:02:29.698Z
"191 BRADLEY PLACE, PALM BEACH, 33480",26.72179073206,-80.040886843735,Exact/R,census,2026-08-24T03:02:29.698Z
"1910 PALM BEACH LAKES BLVD, WEST PALM BEACH, 33409",26.717253424236,-80.091001423526,Exact/L,census,2026-08-24T03:02:29.698Z
"1911 S FEDERAL HWY STE 1250, DELRAY BEACH, 33483",26.437691042677,-80.071772668707,Exact/L,census,2026-08-24T03:02:29.698Z
"1911 S FEDERAL HWY SUITE 206, DELRAY BEACH, 33483",26.437691042677,-80.071772668707,Exact/L,census,2026-08-24T03:02:29.698Z
"1911 S FEDERAL HWY UNIT 108, DELRAY BEACH, 33483",26.437691042677,-80.071772668707,Exact/L,census,2026-08-24T03:02:29.698Z
"19137 SE FEDERAL HWY, TEQUESTA, 33469",26.970973194501,-80.087341766291,Exact/L,census,2026-08-24T03:02:29.698Z
"1914 NE 5 AVE, BOCA RATON, 33431",26.370026540191,-80.078459955352,Exact/R,census,2026-08-24T03:02:29.698Z
"19140 LYONS RD, BOCA RATON, 33434",26.391796722857,-80.186571842792,Exact/R,census,2026-08-24T03:02:29.698Z
"1920 NE 5 AVE, BOCA RATON, 33431",26.370075816214,-80.078422050719,Exact/R,census,2026-08-24T03:02:29.698Z
"1921 OKEECHOBEE BLVD, WEST PALM BEACH, 33409",26.706242548902,-80.079652778147,Exact/R,census,2026-08-24T03:02:29.698Z
"1922 N MILITARY TRL, WEST PALM BEACH, 33409",26.705635006364,-80.11096188934,Exact/L,census,2026-08-24T03:02:29.698Z
"1925 FEDERAL HWY, BOCA RATON, 33432",26.3671944,-80.0789305,google:ROOFTOP,google,2026-08-24T12:15:59.167Z
"1929 N FEDERAL HWY, BOCA RATON, 33432",26.367452535472,-80.078289544043,Exact/L,census,2026-08-24T03:02:29.698Z
"1930 NE 5 AVE, BOCA RATON, 33431",26.370164816235,-80.07836217773,Exact/R,census,2026-08-24T03:02:29.698Z
"19345 SR-7 S, BOCA RATON, 33498",26.38623253586,-80.203696505482,Non_Exact/R,census,2026-08-24T03:02:29.698Z
"1937 N MILITARY TRAIL STE F, WEST PALM BEACH, 33409",26.705801532401,-80.111269377096,Non_Exact/L,census,2026-08-24T03:02:29.698Z
"1937 N MILITARY TRL STE F, WEST PALM BEACH, 33409",26.705801532401,-80.111269377096,Non_Exact/L,census,2026-08-24T03:02:29.698Z
"1941 S MILITARY TRAIL R2, WEST PALM BEACH, 33415",26.6488717,-80.1156673,google:ROOFTOP,google,2026-08-24T12:15:59.167Z
"1941 S MILITARY TRAIL R9, WEST PALM BEACH, 33415",26.6488717,-80.1156673,google:ROOFTOP,google,2026-08-24T12:15:59.167Z
"1941 S MILITARY TRAIL STE R8, WEST PALM BEACH, 33415",26.6488717,-80.1156673,google:ROOFTOP,google,2026-08-24T12:15:59.167Z
"1941 S MILITARY TRL R-3, WEST PALM BEACH, 33415",26.6488717,-80.1156673,google:ROOFTOP,google,2026-08-24T12:15:59.167Z
"1941 S MILITARY TRL R4, WEST PALM BEACH, 33415",26.6488717,-80.1156673,google:ROOFTOP,google,2026-08-24T12:15:59.167Z
"1941 S MILITARY TRL R6, WEST PALM BEACH, 33415",26.6488717,-80.1156673,google:ROOFTOP,google,2026-08-24T12:15:59.167Z
"1941 S MILITARY TRL STE R11, WEST PALM BEACH, 33415",26.6489156,-80.115586,google:ROOFTOP,google,2026-08-24T12:15:59.167Z
"1941 S MILITARY TRL STE R7, WEST PALM BEACH, 33415",26.6488717,-80.1156673,google:ROOFTOP,google,2026-08-24T12:15:59.167Z
"1941 S MILITARY TRL STE R8, WEST PALM BEACH, 33415",26.6488717,-80.1156673,google:ROOFTOP,google,2026-08-24T12:15:59.167Z
"1949 NW 2 AVE, BOCA RATON, 33432",26.367811027332,-80.090326081734,Exact/L,census,2026-08-24T03:02:29.698Z
"195 US-27 S, SOUTH BAY, 33493",26.662373967079,-80.715008842248,Exact/R,census,2026-08-24T03:02:29.698Z
"1950 GLADES RD, BOCA RATON, 33431",26.36812794266,-80.122162522049,Exact/L,census,2026-08-24T03:02:29.698Z
"1950 OKEECHOBEE BLVD, WEST PALM BEACH, 33409",26.706200320263,-80.081905218315,Exact/L,census,2026-08-24T03:02:29.698Z
"1950 S FEDERAL HWY, BOYNTON BEACH, 33435",26.51139699405,-80.059171117003,Exact/L,census,2026-08-24T03:02:29.698Z
"1952-1954 S CONGRESS AVE, PALM SPRINGS, 33406",26.647225386733,-80.087949721894,Non_Exact/L,census,2026-08-24T03:02:29.698Z
"19557 LYONS RD, BOCA RATON, 33434",26.386263811228,-80.187365747421,Exact/L,census,2026-08-24T03:02:29.698Z
"1956 NE 5 AVE STE 3, BOCA RATON, 33431",26.370416714913,-80.078237472453,Exact/R,census,2026-08-24T03:02:29.698Z
"19575 SR 7, BOCA RATON, 33498",26.384473116618,-80.203667224314,Exact/R,census,2026-08-24T03:02:29.698Z
"19585 SR 7 STE M, BOCA RATON, 33498",26.38439662013,-80.20366595122,Non_Exact/R,census,2026-08-24T03:02:29.698Z
"19605 - C STATE SR 7, BOCA RATON, 33498",26.384243627152,-80.203663405031,Non_Exact/R,census,2026-08-24T03:02:29.698Z
"19605A SR 7, BOCA RATON, 33498",26.384243627152,-80.203663405031,Non_Exact/R,census,2026-08-24T03:02:29.698Z
"1962 LAKE WORTH RD, LAKE WORTH, 33461",26.616917947319,-80.07211735992,Exact/R,census,2026-08-24T03:02:29.698Z
"19635 S STATE RD 7 STE 39, BOCA RATON, 33498",26.384014137686,-80.203659585748,Non_Exact/R,census,2026-08-24T03:02:29.698Z
"19642 TROPHY DR, BOCA RATON, 33498",26.383325128287,-80.20967418185,Exact/R,census,2026-08-24T03:02:29.698Z
"1968 LAKE WORTH RD, LAKE WORTH, 33461",26.616925584626,-80.072356662015,Exact/R,census,2026-08-24T03:02:29.698Z
"1969 S MILITARY TRAIL, WEST PALM BEACH, 33415",26.64780742784,-80.112560485083,Exact/R,census,2026-08-24T03:02:29.698Z
"1975 N MILITARY TRAIL, WEST PALM BEACH, 33409",26.706418866018,-80.111258671871,Exact/L,census,2026-08-24T03:02:29.698Z
"1978 LAKEWORTH RD, LAKE WORTH, 33460",26.61693831347,-80.07275549884,Non_Exact/R,census,2026-08-24T03:02:29.698Z
"19785 HAMPTON DRIVE, BOCA RATON, 33434",26.383214802429,-80.195250462683,Exact/R,census,2026-08-24T03:02:29.698Z
"1989 S MILITARY TRL, WEST PALM BEACH, 33415",26.647614447064,-80.112564700688,Exact/R,census,2026-08-24T03:02:29.698Z
"199 ROYAL PALM WAY, BOCA RATON, 33432",26.329950893028,-80.087462936123,Exact/L,census,2026-08-24T03:02:29.698Z
"199 W PALMETTO PARK RD UNIT A, BOCA RATON, 33432",26.350531835074,-80.08971431494,Non_Exact/R,census,2026-08-24T03:02:29.698Z
"19940 MONA RD STE 6, JUPITER, 33469",26.96965828137,-80.094763668434,Exact/L,census,2026-08-24T03:02:29.698Z
"1999 N CONGRESS AVE, BOYNTON BEACH, 33426",26.545353438836,-80.090793035017,Exact/L,census,2026-08-24T03:02:29.698Z
"1999 N FEDERAL HWY, BOCA RATON, 33432",26.367995296617,-80.078009341962,Exact/L,census,2026-08-24T03:02:29.698Z
"2 E CAMINO REAL, BOCA RATON, 33432",26.340823639584,-80.089195555963,Exact/R,census,2026-08-24T03:02:29.698Z
"2 S COUNTY RD, PALM BEACH, 33480",26.717948701895,-80.037892757663,Exact/R,census,2026-08-24T03:02:29.698Z
"20 N FEDERAL HWY, BOCA RATON, 33432",26.350708342217,-80.086362843781,Exact/R,census,2026-08-24T03:02:29.698Z
"20 S SWINTON AVE STE 1A, DELRAY BEACH, 33444",26.461260490014,-80.073157356998,Exact/R,census,2026-08-24T03:02:29.698Z
"20 SE 5 AVE, DELRAY BEACH, 33483",26.461277271135,-80.068107446508,Exact/R,census,2026-08-24T03:02:29.698Z
"200 ADMIRALS COVE BLVD, JUPITER, 33477",26.907396694961,-80.084935050417,Exact/L,census,2026-08-24T03:02:29.698Z
"200 ADMIRALS COVE DR, JUPITER, 33477",26.907396694961,-80.084935050417,Non_Exact/L,census,2026-08-24T03:02:29.698Z
"200 HYPOLUXO RD, HYPOLUXO, 33462",26.57192572274,-80.0546619017,Exact/L,census,2026-08-24T03:02:29.698Z
"200 HYPOLUXO ROAD SUITE 109, LANTANA, 33462",26.57192572274,-80.0546619017,Exact/L,census,2026-08-24T03:02:29.698Z
"200 KENT L, WEST PALM BEACH, 33417",26.737490531222,-80.050482401756,Non_Exact/L,census,2026-08-24T03:02:29.698Z
"200 NE 2 AVE 110, DELRAY BEACH, 33444",26.465361272415,-80.071226609162,Exact/L,census,2026-08-24T03:02:29.698Z
"200 NE 2 AVE STE 107, DELRAY BEACH, 33444",26.465361272415,-80.071226609162,Exact/L,census,2026-08-24T03:02:29.698Z
"200 NE 2 AVE STE 108-109, DELRAY BEACH, 33444",26.465361272415,-80.071226609162,Exact/L,census,2026-08-24T03:02:29.698Z
"200 NE 2ND AVENUE STE 114, DELRAY BEACH, 33444",26.465361272415,-80.071226609162,Exact/L,census,2026-08-24T03:02:29.698Z
"200 S FEDERAL HWY, BOCA RATON, 33432",26.347789425235,-80.086329284521,Exact/L,census,2026-08-24T03:02:29.698Z
"200 SW 5 STREET, BELLE GLADE, 33430",26.685216799158,-80.672920280243,Exact/L,census,2026-08-24T03:02:29.698Z
"200 US HWY 1, NORTH PALM BEACH, 33403",26.793641893356,-80.054400150141,Exact/L,census,2026-08-24T03:02:29.698Z
"2000 NW 19 ST, BOCA RATON, 33431",26.366397644051,-80.123284573217,Exact/R,census,2026-08-24T03:02:29.698Z
"2000 NW EXEC CENTER CIR, BOCA RATON, 33431",26.368540457526,-80.123778527363,Non_Exact/L,census,2026-08-24T03:02:29.698Z
"2000 PGA BLVD A-3140, NORTH PALM BEACH, 33408",26.844183761817,-80.062889971247,Non_Exact/L,census,2026-08-24T03:02:29.698Z
"2000 PGA BLVD STE 5502, PALM BEACH GARDENS, 33408",26.844183761817,-80.062889971247,Exact/L,census,2026-08-24T03:02:29.698Z
"2000 PGA BLVD SUITE 3110, PALM BEACH GARDENS, 33408",26.844183761817,-80.062889971247,Exact/L,census,2026-08-24T03:02:29.698Z
"2001 10 AVE N STE 5, LAKE WORTH, 33461",26.627942652646,-80.072505433235,Exact/L,census,2026-08-24T03:02:29.698Z
"2001 10 AVE N, LAKE WORTH, 33461",26.627942652646,-80.072505433235,Exact/L,census,2026-08-24T03:02:29.698Z
"2001 10 AVE, LAKE WORTH, 33460",26.627942652646,-80.072505433235,Non_Exact/L,census,2026-08-24T03:02:29.698Z
"2001 CRESTWOOD BLVD N, ROYAL PALM BEACH, 33411",26.718265003001,-80.236442804749,Non_Exact/R,census,2026-08-24T03:02:29.698Z
"2001 N FEDERAL HWY, BOCA RATON, 33431",26.368099873829,-80.077957053475,Exact/L,census,2026-08-24T03:02:29.698Z
"2001 NW 2 AVE STE C, BOCA RATON, 33431",26.368651316518,-80.090256964389,Non_Exact/L,census,2026-08-24T03:02:29.698Z
"2001 NW 2 AVE UNIT B, BOCA RATON, 33431",26.368651316518,-80.090256964389,Non_Exact/L,census,2026-08-24T03:02:29.698Z
"2001 OCEAN DR, BOYTON BEACH, 33426",26.524292445385,-80.087634496709,Non_Exact/L,census,2026-08-24T03:02:29.698Z
"2001 S OCEAN BLVD, DELRAY BEACH, 33483",26.436495073646,-80.062874370006,Exact/L,census,2026-08-24T03:02:29.698Z
"2001 W ATLANTIC AVE, DELRAY BEACH, 33445",26.460585319428,-80.093741443059,Exact/R,census,2026-08-24T03:02:29.698Z
"2003 10 AVE N, LAKE WORTH, 33461",26.627943499733,-80.072535187137,Exact/L,census,2026-08-24T03:02:29.698Z
"2003 LION COUNTRY SAFARI RD, LOXAHATCHEE, 33470",26.70820549319,-80.322417969768,Exact/L,census,2026-08-24T03:02:29.698Z
"2003 LION COUNTRY SAFARI, LOXAHATCHEE, 33470",26.70820549319,-80.322417969768,Non_Exact/L,census,2026-08-24T03:02:29.698Z
"2005 S FEDERAL HWY, BOYNTON BEACH, 33435",26.510511112169,-80.0593846552,Exact/R,census,2026-08-24T03:02:29.698Z
"2006 NW EXECUTIVE CENTER CIR, BOCA RATON, 33431",26.368546713729,-80.123847934048,Non_Exact/L,census,2026-08-24T03:02:29.698Z
"201 COUNTRY CLUB DR, TEQUESTA, 33469",26.9669548,-80.1099076,google:ROOFTOP,google,2026-08-24T12:15:59.167Z
"201 DATURA ST, WEST PALM BEACH, 33401",26.712296771665,-80.050771367869,Exact/R,census,2026-08-24T03:02:29.698Z
"201 E ATLANTIC AVE, DELRAY BEACH, 33444",26.461700143496,-80.071021639574,Exact/L,census,2026-08-24T03:02:29.698Z
"201 E PALMETTO PARK RD, BOCA RATON, 33432",26.350586018041,-80.083617024393,Exact/L,census,2026-08-24T03:02:29.698Z
"201 N US 1 STE C5, JUPITER, 33477",26.936229696833,-80.081911929735,Exact/L,census,2026-08-24T03:02:29.698Z
"201 N US 1 STE E3, JUPITER, 33477",26.936229696833,-80.081911929735,Exact/L,census,2026-08-24T03:02:29.698Z
"201 N US HWY 1 STE B-12, JUPITER, 33477",26.936229696833,-80.081911929735,Exact/L,census,2026-08-24T03:02:29.698Z
"201 N US HWY 1 STE C4, JUPITER, 33477",26.936229696833,-80.081911929735,Exact/L,census,2026-08-24T03:02:29.698Z
"201 N US HWY 1 STE D9, JUPITER, 33477",26.936229696833,-80.081911929735,Exact/L,census,2026-08-24T03:02:29.698Z
"201 NE 4TH AVE, DELRAY BEACH, 33483",26.465371937513,-80.06892890412,Exact/R,census,2026-08-24T03:02:29.698Z
"201 NW 1 AVE, BOCA RATON, 33432",26.352393380111,-80.08799100121,Exact/L,census,2026-08-24T03:02:29.698Z
"201 PLAZA REAL STE 1201, BOCA RATON, 33432",26.352409811789,-80.085403101245,Non_Exact/L,census,2026-08-24T03:02:29.698Z
"201 PLAZA REAL STE 1203, BOCA RATON, 33432",26.352409811789,-80.085403101245,Non_Exact/L,census,2026-08-24T03:02:29.698Z
"201 S OCEAN BLVD, MANALAPAN, 33462",26.583062371953,-80.039167183991,Exact/R,census,2026-08-24T03:02:29.698Z
"201 SW 5 ST, BELLE GLADE, 33430",26.685216799155,-80.67279202904,Exact/R,census,2026-08-24T03:02:29.698Z
"2010 AVE B, RIVIERA BEACH, 33404",26.778893892131,-80.05216598407,Exact/R,census,2026-08-24T03:02:29.698Z
"2015 OKEECHOBEE BLVD, WEST PALM BEACH, 33409",26.706274103164,-80.080664217661,Exact/R,census,2026-08-24T03:02:29.698Z
"202 SE 5 AVE, DELRAY BEACH, 33483",26.457912769262,-80.068032779462,Exact/R,census,2026-08-24T03:02:29.698Z
"2020 BANYAN RESORT WAY, WEST PALM BEACH, 33401",26.7365458,-80.0847733,google:ROOFTOP,google,2026-08-24T12:15:59.167Z
"2025 VISTA PKWY, WEST PALM BEACH, 33411",26.70955207562,-80.146236546706,Exact/L,census,2026-08-24T03:02:29.698Z
"2025 WELLINGTON GREEN DRIVE, WELLINGTON, 33414",26.65126012251,-80.217749997653,Exact/R,census,2026-08-24T03:02:29.698Z
"2028 S MILITARY TRL, WEST PALM BEACH, 33415",26.647309105297,-80.112256926806,Exact/L,census,2026-08-24T03:02:29.698Z
"2030 PALM BEACH LAKES BLVD, WEST PALM BEACH, 33409",26.715352271009,-80.092686769691,Exact/L,census,2026-08-24T03:02:29.698Z
"2032 N DIXIE HWY, WEST PALM BEACH, 33407",26.731641714548,-80.052906274337,Exact/R,census,2026-08-24T03:02:29.698Z
"20345 GOLF COURSE ROAD, BOCA RATON, 33434",26.3766083,-80.17798379999999,google:ROOFTOP,google,2026-08-24T12:15:59.167Z
"2036 S MILITARY TRL, WEST PALM BEACH, 33415",26.647175925546,-80.112261045771,Exact/L,census,2026-08-24T03:02:29.698Z
"20371 COUNTRY CLUB BLVD, BOCA RATON, 33427",26.372858959037,-80.159525822102,Non_Exact/R,census,2026-08-24T03:02:29.698Z
"20371 COUNTRY CLUB BLVD, BOCA RATON, 33434",26.372858959037,-80.159525822102,Non_Exact/R,census,2026-08-24T03:02:29.698Z
"20371 OOUNTRY CLUB BLVD B, BOCA RATON, 33427",26.372858959037,-80.159525822102,Non_Exact/R,census,2026-08-24T03:02:29.698Z
"20377 COUNTRY CLUB BLVD, BOCA RATON, 33434",26.372701151522,-80.159526463359,Non_Exact/R,census,2026-08-24T03:02:29.698Z
"204 E ATLANTIC AVE, DELRAY BEACH, 33444",26.461585897488,-80.070989930676,Exact/R,census,2026-08-24T03:02:29.698Z
"204 E OCEAN AVE, LANTANA, 33460",26.584331686016,-80.050838304926,Non_Exact/R,census,2026-08-24T03:02:29.698Z
"20401 FL-7 UNIT D-116, BOCA RATON, 33498",26.3714288,-80.2063355,google:ROOFTOP,google,2026-08-24T12:15:59.167Z
"20401 S SR 7 BLDG G 4, BOCA RATON, 33498",26.3718014,-80.2051099,google:ROOFTOP,google,2026-08-24T12:15:59.167Z
"20401 SR 7 STE G5-7, BOCA RATON, 33498",26.3714288,-80.2063355,google:ROOFTOP,google,2026-08-24T12:15:59.167Z
"20423 SR 7 STE F7, BOCA RATON, 33498",26.3716314,-80.20676999999999,google:ROOFTOP,google,2026-08-24T12:15:59.167Z
"20437 SR 7 UNIT C7, BOCA RATON, 33498",26.3702873,-80.206443,google:ROOFTOP,google,2026-08-24T12:15:59.167Z
"20437 SR 7, BOCA RATON, 33498",26.3705492,-80.206488,google:ROOFTOP,google,2026-08-24T12:15:59.167Z
"20437 SR 7, WEST BOCA RATON, 33498",26.3705492,-80.206488,google:ROOFTOP,google,2026-08-24T12:15:59.167Z
"20437 STATE RD 7 B102, BOCA RATON, 33498",26.3705492,-80.206488,google:ROOFTOP,google,2026-08-24T12:15:59.167Z
"20449 SR 7 STE A2, BOCA RATON, 33498",26.3695718,-80.206595,google:ROOFTOP,google,2026-08-24T12:15:59.167Z
"20449 SR 7 STE A6, BOCA RATON, 33498",26.3697334,-80.2067314,google:ROOFTOP,google,2026-08-24T12:15:59.167Z
"20449 SR 7 UNIT A5, BOCA RATON, 33498",26.3696675,-80.20671279999999,google:ROOFTOP,google,2026-08-24T12:15:59.167Z
"20449 ST RD 7 STE AA-9, BOCA RATON, 33498",26.3694797,-80.2063682,google:ROOFTOP,google,2026-08-24T12:15:59.167Z
"2045 VISTA PARKWAY, WEST PALM BEACH, 33411",26.710585117144,-80.147446062797,Exact/L,census,2026-08-24T03:02:29.698Z
"20455 STATE RD 7, BOCA RATON, 33498",26.3739022,-80.2037788,google:ROOFTOP,google,2026-08-24T12:15:59.167Z
"20465 S STATE RD 7, BOCA RATON, 33498",26.3691055,-80.2049957,google:ROOFTOP,google,2026-08-24T12:15:59.167Z
"2048 W INDIANTOWN RD, JUPITER, 33458",26.934248030798,-80.126939979187,Exact/R,census,2026-08-24T03:02:29.698Z
"205 CLEMATIS ST, WEST PALM BEACH, 33401",26.713342551621,-80.050783674386,Exact/R,census,2026-08-24T03:02:29.698Z
"205 N A ST, LAKE WORTH, 33460",26.61818382178,-80.065088087726,Exact/L,census,2026-08-24T03:02:29.698Z
"205 N DIXIE HWY, WEST PALM BEACH, 33401",26.714471170898,-80.053569822675,Exact/L,census,2026-08-24T03:02:29.698Z
"205 S TAMARIND AVE, WEST PALM BEACH, 33401",26.712514964035,-80.062078274091,Exact/R,census,2026-08-24T03:02:29.698Z
"205 SOUTHERN BLVD, WEST PALM BEACH, 33405",26.675660551232,-80.050282649187,Exact/R,census,2026-08-24T03:02:29.698Z
"2050 BELVEDERE RD, WEST PALM BEACH, 33406",26.690968736277,-80.079972193708,Exact/L,census,2026-08-24T03:02:29.698Z
"20522 S STATE ROAD 7, BOCA RATON, 33498",26.371341438958,-80.203430534807,Non_Exact/L,census,2026-08-24T03:02:29.698Z
"2055 SPRUCE AVE, RIVIERA BEACH, 33407",26.731885474529,-80.055021791201,Exact/L,census,2026-08-24T03:02:29.698Z
"2055 SPRUCE AVE, WEST PALM BEACH, 33407",26.731885474529,-80.055021791201,Exact/L,census,2026-08-24T03:02:29.698Z
"2055 SPRUCE AVEQ, WEST PALM BEACH, 33407",26.731885474529,-80.055021791201,Non_Exact/L,census,2026-08-24T03:02:29.698Z
"2056 S MILITARY TRL, WEST PALM BEACH, 33415",26.646842976168,-80.112271343183,Exact/L,census,2026-08-24T03:02:29.698Z
"20583 BOCA WEST DR, BOCA RATON, 33434",26.3763585,-80.15645219999999,google:ROOFTOP,google,2026-08-24T12:15:59.167Z
"20594 N SR 7, BOCA RATON, 33498",26.369941737702,-80.203417183164,Non_Exact/L,census,2026-08-24T03:02:29.698Z
"206 S OLIVE AVE, WEST PALM BEACH, 33401",26.712154552764,-80.051865767875,Exact/L,census,2026-08-24T03:02:29.698Z
"206 S STATE RD 7, WEST PALM BEACH, 33414",26.676203516643,-80.202431085215,Non_Exact/R,census,2026-08-24T03:02:29.698Z
"2060 PALM BEACH LAKES BLVD, WEST PALM BEACH, 33409",26.71469496344,-80.09327059776,Exact/L,census,2026-08-24T03:02:29.698Z
"2062 PALM BEACH LAKES BLVD, WEST PALM BEACH, 33409",26.714651142936,-80.093309519632,Exact/L,census,2026-08-24T03:02:29.698Z
"20642 SR 7 STE 2, BOCA RATON, 33498",26.369008603531,-80.203408282069,Exact/L,census,2026-08-24T03:02:29.698Z
"20642 SR 7 SUITE 2N, BOCA RATON, 33498",26.369008603531,-80.203408282069,Exact/L,census,2026-08-24T03:02:29.698Z
"20642 STATE RD 7, BOCA RATON, 33498",26.369008603531,-80.203408282069,Exact/L,census,2026-08-24T03:02:29.698Z
"207 CLEMATIS ST, WEST PALM BEACH, 33401",26.713343208787,-80.050805853707,Exact/R,census,2026-08-24T03:02:29.698Z
"207 N E ST, LAKE WORTH, 33460",26.61809863396,-80.061289272025,Exact/L,census,2026-08-24T03:02:29.698Z
"207 S TAMARIND AVE, WEST PALM BEACH, 33401",26.712496529303,-80.062078696906,Exact/R,census,2026-08-24T03:02:29.698Z
"2070 PALM BEACH LAKES BLVD, WEST PALM BEACH, 33409",26.714475860917,-80.093465207117,Exact/L,census,2026-08-24T03:02:29.698Z
"2076 HAVERHILL RD N, WEST PALM BEACH, 33417",26.707969558286,-80.119241918078,Non_Exact/R,census,2026-08-24T03:02:29.698Z
"208 HIBISCUS ST, JUPITER, 33458",26.935111737815,-80.096116259387,Exact/L,census,2026-08-24T03:02:29.698Z
"2087 PALM BEACH LAKES BLVD, WEST PALM BEACH, 33409",26.714196518636,-80.093877079522,Exact/R,census,2026-08-24T03:02:29.698Z
"2089 PALM BEACH LAKES BLVD, WEST PALM BEACH, 33409",26.714152698131,-80.093916001393,Exact/R,census,2026-08-24T03:02:29.698Z
"209 6 ST, WEST PALM BEACH, 33401",26.718932397787,-80.050228543953,Exact/R,census,2026-08-24T03:02:29.698Z
"209 N FEDERAL HWY, BOYNTON BEACH, 33435",26.528078221145,-80.058182249633,Exact/L,census,2026-08-24T03:02:29.698Z
"209 SE 2 AVE, DELRAY BEACH, 33483",26.457793109917,-80.070630003969,Exact/L,census,2026-08-24T03:02:29.698Z
"21 S J ST, LAKE WORTH, 33460",26.61559859191,-80.056412801802,Exact/R,census,2026-08-24T03:02:29.698Z
"210 N CONGRESS, DELRAY BEACH, 33445",26.465312502355,-80.093762432293,Non_Exact/R,census,2026-08-24T03:02:29.698Z
"210 NE 2 ST, DELRAY BEACH, 33444",26.465255757193,-80.070697606106,Exact/R,census,2026-08-24T03:02:29.698Z
"210 S DIXIE HWY 101, LAKE WORTH, 33460",26.613291830049,-80.057377931413,Exact/L,census,2026-08-24T03:02:29.698Z
"2100 2100 NW 2ND AVE, BOCA RATON, 33431",26.369579732306,-80.08987485613,Non_Exact/R,census,2026-08-24T03:02:29.698Z
"2100 45 ST B-14 & B-15, WEST PALM BEACH, 33407",26.758830036969,-80.086446936302,Non_Exact/L,census,2026-08-24T03:02:29.698Z
"2100 45 ST STE B8, WEST PALM BEACH, 33407",26.758830036969,-80.086446936302,Exact/L,census,2026-08-24T03:02:29.698Z
"2100 EMERALD DUNES DR, WEST PALM BEACH, 33411",26.710583585525,-80.143013222386,Exact/R,census,2026-08-24T03:02:29.698Z
"2100 LINTON BLVD, DELRAY BEACH, 33445",26.439347362386,-80.093493178852,Exact/R,census,2026-08-24T03:02:29.698Z
"2100 W 45 ST B20, WEST PALM BEACH, 33407",26.758830036969,-80.086446936302,Non_Exact/L,census,2026-08-24T03:02:29.698Z
"2101 N AUSTRALIAN AVE, WEST PALM BEACH, 33407",26.731488400613,-80.066136946612,Exact/L,census,2026-08-24T03:02:29.698Z
"2101 N DIXIE HWY, LAKE WORTH, 33460",26.639829772571,-80.056584152539,Exact/L,census,2026-08-24T03:02:29.698Z
"21036 95TH AVENUE SOUTH, BOCA RATON, 33428",26.363480481093,-80.194744005979,Exact/L,census,2026-08-24T03:02:29.698Z
"21046 COMMERCIAL TRL, BOCA RATON, 33486",26.364308757392,-80.125716694401,Exact/R,census,2026-08-24T03:02:29.698Z
"21048 95 AVE S, BOCA RATON, 33428",26.363340697826,-80.194741407781,Exact/L,census,2026-08-24T03:02:29.698Z
"21065 POWERLINE RD STE A-6, BOCA RATON, 33433",26.363540606243,-80.149063064452,Exact/R,census,2026-08-24T03:02:29.698Z
"21065 POWERLINE RD, BOCA RATON, 33433",26.363540606243,-80.149063064452,Exact/R,census,2026-08-24T03:02:29.698Z
"2107 10 AVE N, LAKE WORTH, 33461",26.627987548251,-80.074082390035,Exact/L,census,2026-08-24T03:02:29.698Z
"2107 N DIXIE HWY, LAKE WORTH BEACH, 33460",26.640027285424,-80.056575728202,Exact/L,census,2026-08-24T03:02:29.698Z
"2107 N DIXIE HWY, LAKE WORTH, 33460",26.640027285424,-80.056575728202,Exact/L,census,2026-08-24T03:02:29.698Z
"21073 POWERLINE RD 33, BOCA RATON, 33433",26.362170873243,-80.151437024111,Exact/R,census,2026-08-24T03:02:29.698Z
"21073 POWERLINE RD 39, BOCA RATON, 33433",26.362170873243,-80.151437024111,Exact/R,census,2026-08-24T03:02:29.698Z
"21073 POWERLINE ROAD, BOCA RATON, 33433",26.362170873243,-80.151437024111,Exact/R,census,2026-08-24T03:02:29.698Z
"21073 POWERLINERD 31, BOCA RATON, 33433",26.362170873243,-80.151437024111,Non_Exact/R,census,2026-08-24T03:02:29.698Z
"21077 POWERLINE RD, BOCA RATON, 33433",26.361289148617,-80.152309248128,Exact/R,census,2026-08-24T03:02:29.698Z
"21090 ST ANDREWS BLVD BAY 2, BOCA RATON, 33433",26.363779712063,-80.137429083954,Exact/L,census,2026-08-24T03:02:29.698Z
"21090 ST ANDREWS BLVD, BOCA RATON, 33433",26.363779712063,-80.137429083954,Exact/L,census,2026-08-24T03:02:29.698Z
"211 SW 5 ST, BELLE GLADE, 33430",26.68512635314,-80.672792029042,Exact/R,census,2026-08-24T03:02:29.698Z
"2111 N DIXIE HWY, LAKE WORTH, 33460",26.640045772984,-80.056575122052,Exact/L,census,2026-08-24T03:02:29.698Z
"21126 ST ANDREWS BLVD, BOCA RATON, 33433",26.362772507174,-80.137446568123,Exact/L,census,2026-08-24T03:02:29.698Z
"21170 ST ANDREW BLVD UNIT 9 STE 7, BOCA RATON, 33433",26.362128948691,-80.137435076025,Non_Exact/L,census,2026-08-24T03:02:29.698Z
"21170 ST ANDREWS BLVD 9, BOCA RATON, 33433",26.362128948691,-80.137435076025,Exact/L,census,2026-08-24T03:02:29.698Z
"21170 ST ANDREWS BLVD, BOCA RATON, 33433",26.362128948691,-80.137435076025,Exact/L,census,2026-08-24T03:02:29.698Z
"2118 OKEECHOBEE BLVD, WEST PALM BEACH, 33409",26.706267144467,-80.083846622863,Exact/L,census,2026-08-24T03:02:29.698Z
"212 S OLIVE AVE, WEST PALM BEACH, 33401",26.712102053722,-80.051866517863,Exact/L,census,2026-08-24T03:02:29.698Z
"21200 ST ANDREWS BLVD 2, BOCA RATON, 33433",26.361690158816,-80.137427240504,Exact/L,census,2026-08-24T03:02:29.698Z
"21200 ST ANDREWS BLVD 21, BOCA RATON, 33433",26.361690158816,-80.137427240504,Exact/L,census,2026-08-24T03:02:29.698Z
"21200-13 ST ANDREWS BLVD, BOCA RATON, 33433",26.361690158816,-80.137427240504,Non_Exact/L,census,2026-08-24T03:02:29.698Z
"21212 ST ANDREWS BLVD, BOCA RATON, 33433",26.361514642866,-80.137424106296,Exact/L,census,2026-08-24T03:02:29.698Z
"2123 10 AVE N, LAKE WORTH, 33461",26.627994324946,-80.07432042125,Exact/L,census,2026-08-24T03:02:29.698Z
"2123 S US HWY 1, JUPITER, 33477",26.91397008355,-80.0707523098,Exact/L,census,2026-08-24T03:02:29.698Z
"2125 CHAGALL CIR, WEST PALM BEACH, 33409",26.734245832977,-80.100649282592,Exact/R,census,2026-08-24T03:02:29.698Z
"213 CLEMATIS ST, WEST PALM BEACH, 33401",26.713345180284,-80.05087239167,Exact/R,census,2026-08-24T03:02:29.698Z
"213 E ATLANTIC AVE, DELRAY BEACH, 33444",26.461701070424,-80.070938679412,Exact/L,census,2026-08-24T03:02:29.698Z
"213 N DIXIE HWY, LAKE WORTH, 33460",26.61805692142,-80.057340265258,Exact/L,census,2026-08-24T03:02:29.698Z
"21316 ST ANDREWS BLVD BAY 160, BOCA RATON, 33433",26.360440273742,-80.137406847818,Exact/L,census,2026-08-24T03:02:29.698Z
"2133 S US HWY 1, JUPITER, 33477",26.913676225976,-80.070608858633,Exact/L,census,2026-08-24T03:02:29.698Z
"21342 ST ANDREWS BLVD STE 250, BOCA RATON, 33433",26.360226263416,-80.137400554193,Exact/L,census,2026-08-24T03:02:29.698Z
"21350 WHITAKER DR, BOCA RATON, 33433",26.3596295,-80.1635816,google:ROOFTOP,google,2026-08-24T12:15:59.167Z
"21350 WHITTAKER DR, BOCA RATON, 33433",26.3596295,-80.1635816,google:ROOFTOP,google,2026-08-24T12:15:59.167Z
"21351 WHITAKER DR, BOCA RATON, 33433",26.360111257665,-80.164052956336,Exact/L,census,2026-08-24T03:02:29.698Z
"2138 LITTLE TORCH ST, RIVIERA BEACH, 33407",26.773944254522,-80.115456181614,Exact/L,census,2026-08-24T03:02:29.698Z
"214 SE 2 ST, DELRAY BEACH, 33483",26.457939842455,-80.070520980684,Exact/R,census,2026-08-24T03:02:29.698Z
"2140 N FEDERAL HWY, BOCA RATON, 33431",26.368383075667,-80.077676600249,Exact/R,census,2026-08-24T03:02:29.698Z
"2140 S MILITARY TRAIL, WEST PALM BEACH, 33415",26.645711833888,-80.112309876174,Exact/L,census,2026-08-24T03:02:29.698Z
"21401 POWERLINE RD 3, BOCA RATON, 33433",26.359255593523,-80.153442708031,Exact/R,census,2026-08-24T03:02:29.698Z
"21401 POWERLINE RD UNIT 4, BOCA RATON, 33433",26.359255593523,-80.153442708031,Exact/R,census,2026-08-24T03:02:29.698Z
"2144 INDIANTOWN RD, JUPITER, 33458",26.934331829757,-80.127824673769,Non_Exact/R,census,2026-08-24T03:02:29.698Z
"2145 S US 1, JUPITER, 33477",26.913323596888,-80.070436717234,Exact/L,census,2026-08-24T03:02:29.698Z
"2146 N FEDERAL HWY, BOCA RATON, 33431",26.368433127229,-80.077654638849,Exact/R,census,2026-08-24T03:02:29.698Z
"215 CLEMATIS ST, WEST PALM BEACH, 33401",26.713345837449,-80.050894570991,Exact/R,census,2026-08-24T03:02:29.698Z
"215 HAVERHILL RD, WEST PALM BEACH, 33415",26.681246583245,-80.120270939898,Exact/L,census,2026-08-24T03:02:29.698Z
"215 N OLIVE AVE 110, WEST PALM BEACH, 33401",26.714513056206,-80.051917923149,Exact/L,census,2026-08-24T03:02:29.698Z
"215 PERUVIAN AVE, PALM BEACH, 33480",26.701711156229,-80.036874925944,Exact/R,census,2026-08-24T03:02:29.698Z
"2151 N FEDERAL HWY, BOCA RATON, 33431",26.36933471922,-80.077408032627,Exact/L,census,2026-08-24T03:02:29.698Z
"2152 OKEECHOBEE BLVD, WEST PALM BEACH, 33409",26.706281867187,-80.084270820928,Exact/L,census,2026-08-24T03:02:29.698Z
"2154 ZIP CODE PL, WEST PALM BEACH, 33409",26.708224559673,-80.109401236896,Exact/R,census,2026-08-24T03:02:29.698Z
"2155 WELLINGTON GREEN DR, VILLAGE OF WELLINGTO, 33414",26.649788271634,-80.217562192429,Non_Exact/R,census,2026-08-24T03:02:29.698Z
"216 CLEMATIS ST, WEST PALM BEACH, 33401",26.713231966216,-80.050921003131,Exact/L,census,2026-08-24T03:02:29.698Z
"216 US HWY 1, NORTH PALM BEACH, 33408",26.805902878105,-80.055446298598,Exact/R,census,2026-08-24T03:02:29.698Z
"2161 PALM BEACH LAKES BLVD 105, WEST PALM BEACH, 33409",26.712575159966,-80.09531718876,Exact/R,census,2026-08-24T03:02:29.698Z
"21659 ST RD 7, BOCA RATON, 33428",26.354227545809,-80.203395725676,Exact/R,census,2026-08-24T03:02:29.698Z
"2166 N DIXIE, BOCA RATON, 33431",26.369240237034,-80.084611371787,Non_Exact/R,census,2026-08-24T03:02:29.698Z
"21667 SR 7, BOCA RATON, 33428",26.354121716253,-80.203394343576,Exact/R,census,2026-08-24T03:02:29.698Z
"21669 STATE ROAD 7, BOCA RATON, 33428",26.354095258864,-80.203393998052,Exact/R,census,2026-08-24T03:02:29.698Z
"21699 SR 7, BOCA RATON, 33428",26.353698398027,-80.203388815179,Exact/R,census,2026-08-24T03:02:29.698Z
"217 E PALMETTO PARK RD, BOCA RATON, 33432",26.350588774077,-80.083302146524,Exact/L,census,2026-08-24T03:02:29.698Z
"217 SOUTHERN BLVD, WEST PALM BEACH, 33405",26.67566783126,-80.05054576997,Exact/R,census,2026-08-24T03:02:29.698Z
"21747 SR 7, BOCA RATON, 33428",26.353063420688,-80.203380522582,Exact/R,census,2026-08-24T03:02:29.698Z
"2175 PALM BEACH LAKES BLVD, WEST PALM BEACH, 33409",26.712268416434,-80.09558964186,Exact/R,census,2026-08-24T03:02:29.698Z
"2176 W ATLANTIC AVE, DELRAY BEACH, 33445",26.459535694207,-80.095327228224,Exact/L,census,2026-08-24T03:02:29.698Z
"21769 SR 7, BOCA RATON, 33428",26.352772389407,-80.203376721808,Exact/R,census,2026-08-24T03:02:29.698Z
"2178 JOG RD, GREEN ACRES, 33415",26.645768926024,-80.145526653034,Exact/L,census,2026-08-24T03:02:29.698Z
"2178 JOG RD, GREENACRES, 33415",26.645768926024,-80.145526653034,Exact/L,census,2026-08-24T03:02:29.698Z
"2178 S JOG RD, GREENACRES, 33415",26.645768926024,-80.145526653034,Non_Exact/L,census,2026-08-24T03:02:29.698Z
"218 CLEMATIS STREET, WEST PALM BEACH, 33401",26.713232623381,-80.050943182452,Exact/L,census,2026-08-24T03:02:29.698Z
"218 S OCEAN AVE, MANALAPAN, 33462",26.583352219812,-80.039160347949,Non_Exact/R,census,2026-08-24T03:02:29.698Z
"21852 S SR 7, BOCA RATON, 33428",26.352355461193,-80.203243385173,Non_Exact/L,census,2026-08-24T03:02:29.698Z
"219 CLEMATIS ST, WEST PALM BEACH, 33401",26.71334715178,-80.050938929632,Exact/R,census,2026-08-24T03:02:29.698Z
"22 COUNTRY RD, VILLAGE OF GOLF, 33436",26.505576831237,-80.104050800504,Exact/R,census,2026-08-24T03:02:29.698Z
"22 W ATLANTIC AVE STE 130, DELRAY BEACH, 33444",26.461575841607,-80.073477514874,Exact/L,census,2026-08-24T03:02:29.698Z
"22 W ATLANTIC AVE STE 140, DELRAY BEACH, 33444",26.461575841607,-80.073477514874,Exact/L,census,2026-08-24T03:02:29.698Z
"22 W ATLANTIC AVE, DELRAY BEACH, 33444",26.461575841607,-80.073477514874,Exact/L,census,2026-08-24T03:02:29.698Z
"220 LAKE SHORE DR STE 101, LAKE PARK, 33403",26.793604585946,-80.053054891896,Exact/L,census,2026-08-24T03:02:29.698Z
"220 LAKE SHORE DR STE 102, LAKE PARK, 33403",26.793604585946,-80.053054891896,Exact/L,census,2026-08-24T03:02:29.698Z
"220 N CONGRESS AVE, BOYNTON BEACH, 33426",26.526413832212,-80.090401258963,Exact/L,census,2026-08-24T03:02:29.698Z
"2200 GLADES RD 102A, BOCA RATON, 33431",26.368129754235,-80.12633048143,Exact/L,census,2026-08-24T03:02:29.698Z
"2200 GLADES RD STE 502, BOCA RATON, 33431",26.368129754235,-80.12633048143,Exact/L,census,2026-08-24T03:02:29.698Z
"2200 HIGHLAND AVE, DELRAY BEACH, 33445",26.452259609745,-80.099839414715,Exact/L,census,2026-08-24T03:02:29.698Z
"2200 LAKE IDA RD 2-F, DELRAY BEACH, 33445",26.473087689123,-80.096580891072,Exact/L,census,2026-08-24T03:02:29.698Z
"2200 N DIXIE HWY, LAKE WORTH, 33460",26.640725385253,-80.056425070622,Exact/R,census,2026-08-24T03:02:29.698Z
"2200 S DIXIE HWY, WEST PALM BEACH, 33401",26.694376798994,-80.054143504208,Exact/L,census,2026-08-24T03:02:29.698Z
"2200 W GLADES RD 1200B, BOCA RATON, 33431",26.368129754235,-80.12633048143,Non_Exact/L,census,2026-08-24T03:02:29.698Z
"2200 W GLADES RD 201-202, BOCA RATON, 33431",26.368129754235,-80.12633048143,Non_Exact/L,census,2026-08-24T03:02:29.698Z
"2200 YAMATO RD, BOCA RATON, 33431",26.394078344907,-80.131829931202,Exact/R,census,2026-08-24T03:02:29.698Z
"2201 N FEDERAL HWY, BOCA RATON, 33431",26.369756608635,-80.077254578244,Exact/L,census,2026-08-24T03:02:29.698Z
"2201 PALM BEACH LAKES BLVD, WEST PALM BEACH, 33409",26.711652644118,-80.096136414319,Exact/R,census,2026-08-24T03:02:29.698Z
"2201 SEACREST BLVD UNIT D, DELRAY BEACH, 33444",26.485765913177,-80.071210369744,Non_Exact/R,census,2026-08-24T03:02:29.698Z
"2202 JOG RD, GREEN ACRES, 33415",26.645504275464,-80.14553536306,Exact/L,census,2026-08-24T03:02:29.698Z
"2202 N CONGRESS AVE, BOYNTON BEACH, 33426",26.546721078492,-80.090638487226,Exact/R,census,2026-08-24T03:02:29.698Z
"2202 N FEDERAL HWY, BOCA RATON, 33431",26.368900996445,-80.077450334641,Exact/R,census,2026-08-24T03:02:29.698Z
"2202 S JOG RD, GREENACRES, 33415",26.645504275464,-80.14553536306,Non_Exact/L,census,2026-08-24T03:02:29.698Z
"22041 BOCA RIO RD, BOCA RATON, 33433",26.3478997,-80.1731834,google:ROOFTOP,google,2026-08-24T12:15:59.167Z
"2206 N CONGRESS AVE, BOYNTON BEACH, 33426",26.546864256358,-80.090635930474,Exact/R,census,2026-08-24T03:02:29.698Z
"221 S US HWY 1, TEQUESTA, 33469",26.956640837937,-80.084790386433,Exact/L,census,2026-08-24T03:02:29.698Z
"22107 POWERLINE RD, BOCA RATON, 33433",26.349752721371,-80.153917125215,Exact/R,census,2026-08-24T03:02:29.698Z
"2211 N DIXIE HWY, LAKE WORTH, 33460",26.640777330157,-80.056551350233,Exact/L,census,2026-08-24T03:02:29.698Z
"2212 N CONGRESS AVE, BOYNTON BEACH, 33426",26.547079023158,-80.090632095347,Exact/R,census,2026-08-24T03:02:29.698Z
"2215 PALM BEACH LAKES BLVD, WEST PALM BEACH, 33409",26.711266765071,-80.096477768864,Exact/R,census,2026-08-24T03:02:29.698Z
"22161 POWERLINE RD, BOCA RATON, 33433",26.348102854436,-80.153884597625,Exact/R,census,2026-08-24T03:02:29.698Z
"22191 POWERLINE RD 24C, BOCA RATON, 33433",26.346772254506,-80.153857985664,Exact/R,census,2026-08-24T03:02:29.698Z
"22191 POWERLINE RD 28-C, BOCA RATON, 33433",26.346772254506,-80.153857985664,Exact/R,census,2026-08-24T03:02:29.698Z
"22191 POWERLINE RD BUILDING 26C, BOCA RATON, 33433",26.346772254506,-80.153857985664,Exact/R,census,2026-08-24T03:02:29.698Z
"22191 POWERLINE RD, BOCA RATON, 33433",26.346772254506,-80.153857985664,Exact/R,census,2026-08-24T03:02:29.698Z
"222 W YAMATO RD, BOCA RATON, 33431",26.3933478,-80.0844406,google:ROOFTOP,google,2026-08-24T12:15:59.167Z
"222 YAMATO RD, BOCA RATON, 33431",26.3933478,-80.0844406,google:ROOFTOP,google,2026-08-24T12:15:59.167Z
"2222 WEST ATLANTIC AVE, DELRAY BEACH, 33445",26.459351943255,-80.095804709768,Exact/L,census,2026-08-24T03:02:29.698Z
"2224 PALM BEACH LAKES BLVD, WEST PALM BEACH, 33409",26.710933321026,-80.096609240415,Exact/L,census,2026-08-24T03:02:29.698Z
"223 CENTER ST, JUPITER, 33458",26.941533578391,-80.096444730747,Exact/R,census,2026-08-24T03:02:29.698Z
"223 CLEMATIS ST, WEST PALM BEACH, 33401",26.713348466111,-80.050983288274,Exact/R,census,2026-08-24T03:02:29.698Z
"223 ROYAL POINCIANA WAY, PALM BEACH, 33480",26.718415545553,-80.038585852842,Exact/R,census,2026-08-24T03:02:29.698Z
"223 SUNSET AVE, PALM BEACH, 33480",26.719160144531,-80.038179148713,Exact/R,census,2026-08-24T03:02:29.698Z
"2230 4TH AVE, LAKE WORTH, 33461",26.62072501434,-80.078148628533,Non_Exact/L,census,2026-08-24T03:02:29.698Z
"2235 N SEACREST BLVD, DELRAY BEACH, 33444",26.486054015493,-80.071213113567,Non_Exact/R,census,2026-08-24T03:02:29.698Z
"224 CLEMATIS ST, WEST PALM BEACH, 33401",26.713234594878,-80.051009720414,Exact/L,census,2026-08-24T03:02:29.698Z
"224 E CANAL ST S, BELLE GLADE, 33430",26.684811506528,-80.665421639913,Exact/L,census,2026-08-24T03:02:29.698Z
"2240 NW 19 ST STE 900, BOCA RATON, 33431",26.366500827624,-80.127748733266,Exact/R,census,2026-08-24T03:02:29.698Z
"225 CHIMNEY CORNER LN 1001, JUPITER, 33458",26.888637652102,-80.102754564366,Exact/L,census,2026-08-24T03:02:29.698Z
"225 CLEMATIS ST, WEST PALM BEACH, 33401",26.713349123277,-80.051005467595,Exact/R,census,2026-08-24T03:02:29.698Z
"225 SW 2 AVE, SOUTH BAY, 33493",26.662719248108,-80.71363946411,Exact/R,census,2026-08-24T03:02:29.698Z
"2250 BALSAN WAY, WELLINGTON, 33414",26.646930809143,-80.184344588883,Exact/L,census,2026-08-24T03:02:29.698Z
"2250 N FEDERAL HWY, BOCA RATON, 33431",26.369307169668,-80.077283482237,Exact/R,census,2026-08-24T03:02:29.698Z
"2255 GLADES RD UNIT 224A, BOCA RATON, 33431",26.368254131449,-80.126625513042,Exact/R,census,2026-08-24T03:02:29.698Z
"2258 N CONGRESS AVE, BOYNTON BEACH, 33426",26.548390517878,-80.0906081691,Exact/R,census,2026-08-24T03:02:29.698Z
"2260 PALM BEACH LAKES BLVD 200, WEST PALM BEACH, 33409",26.709960905828,-80.097469453867,Exact/L,census,2026-08-24T03:02:29.698Z
"2260 WOOLBRIGHT RD, BOYNTON BEACH, 33426",26.513213375691,-80.087851420451,Non_Exact/L,census,2026-08-24T03:02:29.698Z
"227 SW 6 ST, BELLE GLADE, 33430",26.684489391499,-80.673816629856,Exact/R,census,2026-08-24T03:02:29.698Z
"227-77 SR 7, BOCA RATON, 33428",26.3376273,-80.20387199999999,google:ROOFTOP,google,2026-08-24T12:15:59.167Z
"2270 S MILITARY TRL, WEST PALM BEACH, 33406",26.643655873101,-80.112385582851,Exact/L,census,2026-08-24T03:02:29.698Z
"22749 STATE RD 7 STE 15 A, BOCA RATON, 33428",26.33791549482,-80.20321577527,Non_Exact/R,census,2026-08-24T03:02:29.698Z
"2275 S FEDERAL HWY 150, DELRAY BEACH, 33483",26.431724461513,-80.072296021114,Exact/L,census,2026-08-24T03:02:29.698Z
"2275 S FEDERAL HWY STE 110, DELRAY BEACH, 33483",26.431724461513,-80.072296021114,Exact/L,census,2026-08-24T03:02:29.698Z
"2275 S FEDERAL HWY, DELRAY BEACH, 33483",26.431724461513,-80.072296021114,Exact/L,census,2026-08-24T03:02:29.698Z
"22771 SR 7, BOCA RATON, 33428",26.337636461015,-80.203214423406,Exact/R,census,2026-08-24T03:02:29.698Z
"22779 SR 7, BOCA RATON, 33428",26.337535061127,-80.203213627075,Exact/R,census,2026-08-24T03:02:29.698Z
"22783 SR7, BOCA RATON, 33428",26.337484361183,-80.203213228909,Non_Exact/R,census,2026-08-24T03:02:29.698Z
"22797 SR 7, BOCA RATON, 33428",26.33730691138,-80.203211835329,Exact/R,census,2026-08-24T03:02:29.698Z
"2282 N CONGRESS AVE, BOYNTON BEACH, 33426",26.548871595446,-80.090599126275,Exact/R,census,2026-08-24T03:02:29.698Z
"22829 SR 7, BOCA RATON, 33428",26.336901311828,-80.203208650004,Exact/R,census,2026-08-24T03:02:29.698Z
"229 ROYAL POINCIANA WAY, PALM BEACH, 33480",26.718421466302,-80.038773836452,Exact/R,census,2026-08-24T03:02:29.698Z
"229 SE 2 AVE STE 1, DELRAY BEACH, 33483",26.457445236705,-80.070685973676,Exact/L,census,2026-08-24T03:02:29.698Z
"229 SUNRISE AVE, PALM BEACH, 33480",26.720245550718,-80.038792315748,Exact/R,census,2026-08-24T03:02:29.698Z
"2291 N DIXIE HWY, POMPANO BEACH, 33060",26.258936105084,-80.118478083138,Exact/L,census,2026-08-24T03:02:29.698Z
"2295 N MILITARY TRAIL, WEST PALM BEACH, 33409",26.711154990538,-80.111069666344,Exact/L,census,2026-08-24T03:02:29.698Z
"22953 SANDALFOOT PLAZA DR, BOCA RATON, 33428",26.334309051788,-80.201856891006,Exact/R,census,2026-08-24T03:02:29.698Z
"2298 N CONGRESS AVE, BOYNTON BEACH, 33426",26.550071762104,-80.090574483563,Exact/R,census,2026-08-24T03:02:29.698Z
"2298 N DIXIE HWY, BOCA RATON, 33431",26.370946747901,-80.084315461618,Exact/R,census,2026-08-24T03:02:29.698Z
"230 CLEMATIS ST, WEST PALM BEACH, 33401",26.713236566375,-80.051076258377,Exact/L,census,2026-08-24T03:02:29.698Z
"230 SUNRISE AVE, PALM BEACH, 33480",26.720132406445,-80.038857004601,Exact/L,census,2026-08-24T03:02:29.698Z
"2300 NW 52 ST, BOCA RATON, 33496",26.3952001,-80.1364823,google:ROOFTOP,google,2026-08-24T12:15:59.167Z
"2300 NW EXECUTIVE CENTER DR, BOCA RATON, 33431",26.3696098,-80.1246747,google:ROOFTOP,google,2026-08-24T12:15:59.167Z
"2300 PALM BEACH LAKES BLVD, WEST PALM BEACH, 33409",26.708880433396,-80.098426598974,Exact/L,census,2026-08-24T03:02:29.698Z
"2300 PGA BLVD, PALM BEACH GARDENS, 33410",26.844548489921,-80.067925097602,Exact/L,census,2026-08-24T03:02:29.698Z
"23001B SR 7, BOCA RATON, 33428",26.334565080382,-80.203153495204,Non_Exact/R,census,2026-08-24T03:02:29.698Z
"23003 STATE RD 7, BOCA RATON, 33428",26.334538419149,-80.203152580359,Exact/R,census,2026-08-24T03:02:29.698Z
"23004 SANDALFOOT PLAZA, BOCA RATON, 33428",26.3345365874,-80.201731132388,Non_Exact/L,census,2026-08-24T03:02:29.698Z
"2301 GLADES RD STE C, BOCA RATON, 33431",26.368297857913,-80.127954310747,Non_Exact/R,census,2026-08-24T03:02:29.698Z
"23011 SR 7, BOCA RATON, 33428",26.334431774216,-80.203148920977,Exact/R,census,2026-08-24T03:02:29.698Z
"23013 SANDALFOOT PLAZA DR, BOCA RATON, 33428",26.333659013622,-80.201850872152,Exact/R,census,2026-08-24T03:02:29.698Z
"23013 SANDLEFOOT PLAZA, BOCA RATON, 33428",26.333659013622,-80.201850872152,Non_Exact/R,census,2026-08-24T03:02:29.698Z
"23034 SANDALFOOT PLAZA DR, BOCA RATON, 33428",26.33396083931,-80.201725801403,Exact/L,census,2026-08-24T03:02:29.698Z
"23049 STATE ROAD 7, BOCA RATON, 33428",26.333925210785,-80.203131538913,Exact/R,census,2026-08-24T03:02:29.698Z
"23062 SANDALFOOT PLAZA DR, BOCA RATON, 33428",26.333423474426,-80.201720825817,Exact/L,census,2026-08-24T03:02:29.698Z
"23064 SANDALFOOT PLAZA DR, BOCA RATON, 33428",26.33338509122,-80.201720470418,Exact/L,census,2026-08-24T03:02:29.698Z
"23072 SANDALFOOT PLAZA DR, BOCA RATON, 33428",26.333157284267,-80.201716294486,Exact/L,census,2026-08-24T03:02:29.698Z
"23073 SANDALFOOT PLAZA DR, BOCA RATON, 33428",26.332936802111,-80.201834125293,Exact/R,census,2026-08-24T03:02:29.698Z
"231 N DIXIE HWY, LAKE WORTH, 33460",26.618257395876,-80.057332784863,Exact/L,census,2026-08-24T03:02:29.698Z
"2310 SE 2ND ST UNIT 5, BOYNTON BEACH, 33435",26.508111394885,-80.063515953881,Exact/L,census,2026-08-24T03:02:29.698Z
"23133 SANDALFOOT PLAZA DR STE 2, BOCA RATON, 33428",26.332348353976,-80.201807070223,Exact/R,census,2026-08-24T03:02:29.698Z
"23160 SANDALFOOT PLAZA DR, BOCA RATON, 33428",26.332143534464,-80.20166968533,Exact/L,census,2026-08-24T03:02:29.698Z
"2319 S FEDERAL HWY, BOYNTON BEACH, 33435",26.508145315496,-80.059616015805,Exact/R,census,2026-08-24T03:02:29.698Z
"23223 STATE RD 7, BOCA RATON, 33428",26.330648944951,-80.202990654592,Exact/R,census,2026-08-24T03:02:29.698Z
"23261 STATE RD 7, BOCA RATON, 33428",26.330268765586,-80.202991921867,Exact/R,census,2026-08-24T03:02:29.698Z
"23269 SR 7 STE 112, BOCA RATON, 33428",26.330188727826,-80.202992188661,Exact/R,census,2026-08-24T03:02:29.698Z
"23269 STATE RD 7 STE 105 106 107, BOCA RATON, 33428",26.330188727826,-80.202992188661,Non_Exact/R,census,2026-08-24T03:02:29.698Z
"233 NE 2 AVE, DELRAY BEACH, 33444",26.465916852231,-80.071111015978,Exact/R,census,2026-08-24T03:02:29.698Z
"233 S FEDERAL HWY, BOCA RATON, 33432",26.347552430925,-80.086454617717,Exact/R,census,2026-08-24T03:02:29.698Z
"233 S US HWY 1, TEQUESTA, 33469",26.957038288227,-80.084756756014,Exact/L,census,2026-08-24T03:02:29.698Z
"233 W LANTANA RD, LANTANA, 33462",26.586827356735,-80.052765316335,Exact/R,census,2026-08-24T03:02:29.698Z
"2335 S SR 7 SUITE 1100, WELLINGTON, 33414",26.6455338,-80.2048101,google:ROOFTOP,google,2026-08-24T12:15:59.167Z
"2335 SR 7 STE 100, VILLAGE OF WELLINGTO, 33414",26.6461644,-80.2047393,google:ROOFTOP,google,2026-08-24T12:15:59.167Z
"2345 SOUTH OCEAN BLVD, PALM BEACH, 33480",,,google:GEOMETRIC_CENTER-too-coarse,google,2026-08-24T12:15:59.167Z
"235 S US HIGHWAY 1, TEQUESTA, 33469",26.957104529942,-80.084751150944,Exact/L,census,2026-08-24T03:02:29.698Z
"235 US 1, TEQUESTA, 33469",26.957104529942,-80.084751150944,Exact/L,census,2026-08-24T03:02:29.698Z
"2350 EXECUTIVE DR, BOCA RATON, 33431",,,google:APPROXIMATE-too-coarse,google,2026-08-24T12:15:59.167Z
"236 US RTE 1, TEQUESTA, 33469",26.957170964532,-80.085052593336,Exact/R,census,2026-08-24T03:02:29.698Z
"237 E BLUE HERON BLVD, RIVIERA BEACH, 33404",26.783230849688,-80.05095083557,Exact/R,census,2026-08-24T03:02:29.698Z
"2373 PGA BLVD, PALM BEACH GARDENS, 33410",26.844673880896,-80.068673455722,Exact/R,census,2026-08-24T03:02:29.698Z
"2375 JAMES L TURNAGE BLVD, WEST PALM BEACH, 33406",26.687463441144,-80.077227239224,Exact/L,census,2026-08-24T03:02:29.698Z
"2380 PALM BEACH LAKES BLVD, WEST PALM BEACH, 33409",26.708133384176,-80.099088802162,Exact/L,census,2026-08-24T03:02:29.698Z
"2390 S MILITARY TRAIL, WEST PALM BEACH, 33462",26.641945034883,-80.112451348223,Non_Exact/L,census,2026-08-24T03:02:29.698Z
"2399 N FEDERAL HWY STE B, BOCA RATON, 33431",26.371740448386,-80.076715874553,Non_Exact/L,census,2026-08-24T03:02:29.698Z
"2399 N FEDERAL HWY UNIT A, BOCA RATON, 33431",26.371740448386,-80.076715874553,Non_Exact/L,census,2026-08-24T03:02:29.698Z
"2399 N FEDERAL HWY UNIT C, BOCA RATON, 33431",26.371740448386,-80.076715874553,Non_Exact/L,census,2026-08-24T03:02:29.698Z
"240 LINTON BLVD, DELRAY BEACH, 33444",26.43966809981,-80.075775591624,Exact/L,census,2026-08-24T03:02:29.698Z
"240 N CONGRESS AVE, BOYNTON BEACH, 33426",26.526725101504,-80.0904070232,Exact/L,census,2026-08-24T03:02:29.698Z
"240 SW 6TH ST, BELLE GLADE, 33430",26.684511696371,-80.673945055006,Exact/L,census,2026-08-24T03:02:29.698Z
"240 W INDIANTOWN RD STE 103, JUPITER, 33458",26.934064528658,-80.0966759775,Exact/L,census,2026-08-24T03:02:29.698Z
"240 WORTH AVE STE 118, PALM BEACH, 33480",26.70080051762,-80.038245641928,Exact/L,census,2026-08-24T03:02:29.698Z
"2400 HYPOLUXO RD, LANTANA, 33462",,,google:GEOMETRIC_CENTER-too-coarse,google,2026-08-24T12:15:59.167Z
"2400 OKEECHOBEE BLVD, WEST PALM BEACH, 33409",26.70637741461,-80.087823241409,Exact/L,census,2026-08-24T03:02:29.698Z
"2400 SOUTH DIXIE HWY, WEST PALM BEACH, 33401",26.692315799477,-80.054229005401,Exact/L,census,2026-08-24T03:02:29.698Z
"2401 10 AVE N, LAKE WORTH, 33461",26.628246358014,-80.07854014548,Exact/R,census,2026-08-24T03:02:29.698Z
"2401 MERCER AVE, WEST PALM BEACH, 33401",26.693102355779,-80.068992549322,Exact/R,census,2026-08-24T03:02:29.698Z
"2401 N FEDERAL HWY, BOCA RATON, 33431",26.371761926137,-80.076711801186,Exact/L,census,2026-08-24T03:02:29.698Z
"2401 N OCEAN AVE UNIT 2409, RIVIERA BEACH, 33404",26.782036532197,-80.034014817787,Non_Exact/R,census,2026-08-24T03:02:29.698Z
"2401 N OCEAN AVE, RIVIERA BEACH, 33404",26.782036532197,-80.034014817787,Non_Exact/R,census,2026-08-24T03:02:29.698Z
"2401 N OCEAN BLVD, GULF STREAM, 33483",26.48749425702,-80.054886875202,Exact/R,census,2026-08-24T03:02:29.698Z
"2401 PGA BLVD 194, PALM BEACH GARDENS, 33410",26.844668314685,-80.068974427669,Exact/R,census,2026-08-24T03:02:29.698Z
"2401 PGA BLVD STE 160, PALM BEACH GARDENS, 33410",26.844668314685,-80.068974427669,Exact/R,census,2026-08-24T03:02:29.698Z
"2401 PGA BLVD STE 172, PALM BEACH GARDENS, 33410",26.844668314685,-80.068974427669,Exact/R,census,2026-08-24T03:02:29.698Z
"2401 WILLOW SPRINGS DR, BOCA RATON, 33496",26.396809731458,-80.135470417812,Exact/R,census,2026-08-24T03:02:29.698Z
"2402 N DIXIE HWY STE 8, LAKE WORTH, 33460",26.642168583605,-80.056375134423,Exact/R,census,2026-08-24T03:02:29.698Z
"2405 10 AVE N, LAKE WORTH, 33461",26.628247598601,-80.078579844238,Exact/R,census,2026-08-24T03:02:29.698Z
"2409 N DIXIE HWY, WEST PALM BEACH, 33407",26.734723340861,-80.052932425157,Exact/L,census,2026-08-24T03:02:29.698Z
"241 NE 16 AVE, BOYNTON BEACH, 33435",26.543297378181,-80.063055763092,Non_Exact/L,census,2026-08-24T03:02:29.698Z
"241 S US HWY 1, TEQUESTA, 33469",26.957303160087,-80.084734129424,Exact/L,census,2026-08-24T03:02:29.698Z
"2411 METROCENTRE BLVD, WEST PALM BEACH, 33407",26.758288843381,-80.096564048232,Exact/R,census,2026-08-24T03:02:29.698Z
"2412 FLORAL RD, LANTANA, 33462",26.573063590844,-80.0810057349,Exact/L,census,2026-08-24T03:02:29.698Z
"2415 N OCEAN AVE, SINGER ISLAND, 33404",26.782194188307,-80.034014260694,Non_Exact/R,census,2026-08-24T03:02:29.698Z
"2419 N OCEAN DR, RIVIERA BEACH, 33404",26.784674754149,-80.035162657166,Exact/L,census,2026-08-24T03:02:29.698Z
"2421 OKEECHOBEE BLVD, WEST PALM BEACH, 33409",26.70652146109,-80.088993327439,Exact/R,census,2026-08-24T03:02:29.698Z
"2424 N FEDERAL HWY STE 153, BOCA RATON, 33431",26.371205820641,-80.076698602867,Exact/R,census,2026-08-24T03:02:29.698Z
"2425 MAYA PALM DR, BOCA RATON, 33432",26.3260489,-80.0881457,google:ROOFTOP,google,2026-08-24T12:15:59.167Z
"2429 PERIMETER RD, WEST PALM BEACH, 33406",26.6889813,-80.07791309999999,google:ROOFTOP,google,2026-08-24T12:15:59.167Z
"2433 N FEDERAL HWY, BOCA RATON, 33432",26.372104031457,-80.076648643936,Non_Exact/L,census,2026-08-24T03:02:29.698Z
"2437 METROCENTRE BLVD, WEST PALM BEACH, 33407",26.758561713425,-80.096551156727,Exact/R,census,2026-08-24T03:02:29.698Z
"244 N CONGRESS AVE BAY 2A, BOYNTON BEACH, 33425",26.526787355363,-80.090408176047,Non_Exact/L,census,2026-08-24T03:02:29.698Z
"2441 10 AVE N, LAKE WORTH, 33461",26.628259635037,-80.078936729844,Exact/R,census,2026-08-24T03:02:29.698Z
"245 TONEY PENNA DR, JUPITER, 33458",26.926350039009,-80.096988129394,Exact/R,census,2026-08-24T03:02:29.698Z
"2450 QUANTUM BLVD, BOYNTON BEACH, 33426",26.549064819943,-80.087398095898,Exact/R,census,2026-08-24T03:02:29.698Z
"2451 S MILITARY TRL, WEST PALM BEACH, 33415",26.640942342488,-80.112778438646,Exact/R,census,2026-08-24T03:02:29.698Z
"2455 METROCENTRE BLVD, WEST PALM BEACH, 33407",26.758750623456,-80.096542231838,Exact/R,census,2026-08-24T03:02:29.698Z
"245A AND 245B WORTH AVE, PALM BEACH, 33480",26.700898752476,-80.037556958955,Non_Exact/R,census,2026-08-24T03:02:29.698Z
"2460 PGA BLVD, PALM BEACH GARDENS, 33410",26.844582962615,-80.070879010059,Exact/L,census,2026-08-24T03:02:29.698Z
"2461 METROCENTRE BLVD, WEST PALM BEACH, 33407",26.758813593467,-80.096539256876,Exact/R,census,2026-08-24T03:02:29.698Z
"2461 N MAIN STREET, BELLE GLADE, 33430",26.7189352,-80.665483,google:ROOFTOP,google,2026-08-24T12:15:59.167Z
"2465 SR 7 STE 300, VILLAGE OF WELLINGTO, 33414",26.644996,-80.20477699999999,google:ROOFTOP,google,2026-08-24T12:15:59.167Z
"2465 STATE ROAD 7, WELLINGTON, 33414",26.6447762,-80.20483589999999,google:ROOFTOP,google,2026-08-24T12:15:59.167Z
"2466 PGA BLVD, PALM BEACH GARDENS, 33410",26.844585884849,-80.071069247218,Exact/L,census,2026-08-24T03:02:29.698Z
"247 SE 6 AVE, DELRAY BEACH, 33483",26.456382839755,-80.06685816394,Exact/L,census,2026-08-24T03:02:29.698Z
"2471 OKEECHOBEE BLVD, WEST PALM BEACH, 33409",26.706540869255,-80.089765494411,Exact/R,census,2026-08-24T03:02:29.698Z
"2480 S CONGRESS AVE STE D, PALM SPRINGS, 33406",26.6400959,-80.08783079999999,google:ROOFTOP,google,2026-08-24T12:15:59.167Z
"2485 METROCENTRE BLVD, WEST PALM BEACH, 33407",26.759065473508,-80.096527357024,Exact/R,census,2026-08-24T03:02:29.698Z
"249 E PALMETTO PARK RD, BOCA RATON, 33432",26.350594286148,-80.082672390788,Exact/L,census,2026-08-24T03:02:29.698Z
"2491 10 AVE N, LAKE WORTH, 33461",26.62827850947,-80.079432467681,Exact/R,census,2026-08-24T03:02:29.698Z
"2491 OKEECHOBEE BLV, WEST PALM BEACH, 33409",26.706548632521,-80.090074361199,Exact/R,census,2026-08-24T03:02:29.698Z
"2495 10 AVE N, LAKE WORTH, 33461",26.628280145794,-80.079472148508,Exact/R,census,2026-08-24T03:02:29.698Z
"2495 10TH AVE N, LAKE WORTH, 33461",26.628280145794,-80.079472148508,Exact/R,census,2026-08-24T03:02:29.698Z
"2499 N FEDERAL HWY, BOCA RATON, 33431",26.372815776382,-80.076546668929,Exact/L,census,2026-08-24T03:02:29.698Z
"25 DR MARTIN LUTHER KING JR BLVD, BELLE GLADE, 33430",26.6825148,-80.6671073,google:ROOFTOP,google,2026-08-24T12:15:59.167Z
"25 NE 2 AVE STE 110, DELRAY BEACH, 33444",26.462117605055,-80.071030241011,Exact/R,census,2026-08-24T03:02:29.698Z
"25 NE 2 AVE STE 114, DELRAY BEACH, 33444",26.462117605055,-80.071030241011,Exact/R,census,2026-08-24T03:02:29.698Z
"25 NE 2 AVE STE 208, DELRAY BEACH, 33444",26.462117605055,-80.071030241011,Exact/R,census,2026-08-24T03:02:29.698Z
"25 SE 6TH AVE, DELRAY BEACH, 33483",26.461185001934,-80.066961271258,Exact/L,census,2026-08-24T03:02:29.698Z
"25 SW 5 AVE, DELRAY BEACH, 33444",26.461148198422,-80.078109113401,Exact/L,census,2026-08-24T03:02:29.698Z
"250 BEARS CLUB DR, JUPITER, 33477",26.893792316326,-80.08617105651,Exact/L,census,2026-08-24T03:02:29.698Z
"250 S AUSTRALIAN AVE, WEST PALM BEACH, 33401",26.712522055124,-80.064827612169,Exact/R,census,2026-08-24T03:02:29.698Z
"250 S SR 7 STE 200, ROYAL PALM BEACH, 33414",26.675473995061,-80.202450943272,Non_Exact/R,census,2026-08-24T03:02:29.698Z
"250 S STATE RD 7 STE 300, ROYAL PALM BEACH, 33414",26.675473995061,-80.202450943272,Non_Exact/R,census,2026-08-24T03:02:29.698Z
"250 S STATE RD 7 SUITE 100, ROYAL PALM BEACH, 33414",26.675473995061,-80.202450943272,Non_Exact/R,census,2026-08-24T03:02:29.698Z
"250 SOUTHERN BLVD, WEST PALM BEACH, 33405",26.675573921499,-80.05129524777,Exact/L,census,2026-08-24T03:02:29.698Z
"250 W INDIANTOWN RD STE 101, JUPITER, 33458",26.9340619774,-80.096840108657,Exact/L,census,2026-08-24T03:02:29.698Z
"2500 N MILITARY TRL STE 115, BOCA RATON, 33431",26.372347236718,-80.12094362832,Exact/L,census,2026-08-24T03:02:29.698Z
"2501 N DIXIE HWY, LAKE WORTH, 33460",26.643601193339,-80.056453780029,Exact/L,census,2026-08-24T03:02:29.698Z
"2501 N DIXIE HWY, WEST PALM BEACH, 33407",26.735651767125,-80.052904377922,Exact/L,census,2026-08-24T03:02:29.698Z
"2501 N OCEAN AVE, RIVIERA BEACH, 33404",26.783162647273,-80.03401083855,Non_Exact/R,census,2026-08-24T03:02:29.698Z
"2501 WESTGATE AVE, WEST PALM BEACH, 33409",26.702982187817,-80.090429362102,Exact/R,census,2026-08-24T03:02:29.698Z
"2503 N OCEAN AVE, RIVIERA BEACH, 33404",26.783185169574,-80.034010758965,Non_Exact/R,census,2026-08-24T03:02:29.698Z
"2505 N DIXIE HWY, WEST PALM BEACH, 33407",26.735673540337,-80.05290377311,Exact/L,census,2026-08-24T03:02:29.698Z
"2506 PGA BLVD, PALM BEACH GARDENS, 33410",26.84461254907,-80.072385646851,Exact/L,census,2026-08-24T03:02:29.698Z
"2508 PGA BLVD, PALM BEACH GARDENS, 33410",26.844613954554,-80.072443271649,Exact/L,census,2026-08-24T03:02:29.698Z
"2509 OCEAN AVE, RIVIERA BEACH, 33404",26.783252736479,-80.034010520211,Exact/R,census,2026-08-24T03:02:29.698Z
"2509 OKEECHOBEE BLVD, WEST PALM BEACH, 33409",26.706558837675,-80.090516295225,Exact/R,census,2026-08-24T03:02:29.698Z
"251 N NARCISSUS AVE, WEST PALM BEACH, 33401",26.714772452747,-80.050693916316,Exact/L,census,2026-08-24T03:02:29.698Z
"251 ROYAL PALM BEACH BLVD, ROYAL PALM BEACH, 33411",26.682497384379,-80.230196809023,Exact/R,census,2026-08-24T03:02:29.698Z
"251 S US HWY 1, JUPITER, 33477",26.931671794073,-80.079426701753,Exact/R,census,2026-08-24T03:02:29.698Z
"251 SUNRISE AVE, PALM BEACH, 33480",26.720261053092,-80.039467637224,Exact/R,census,2026-08-24T03:02:29.698Z
"251 US HWY 1 SOUTH, TEQUESTA, 33469",26.95763433311,-80.084705580017,Non_Exact/L,census,2026-08-24T03:02:29.698Z
"2513 NORTH DIXIE HIGHWAY, LAKE WORTH, 33460",26.64370329085,-80.056448349473,Exact/L,census,2026-08-24T03:02:29.698Z
"2520 BROADWAY, RIVIERA BEACH, 33404",26.782889543217,-80.054745237306,Exact/R,census,2026-08-24T03:02:29.698Z
"2521 N FEDERAL HWY STE C, BOCA RATON, 33431",26.373108738723,-80.076515385069,Non_Exact/L,census,2026-08-24T03:02:29.698Z
"2525 MILITARY TRAIL 111, JUPITER, 33458",26.911142277484,-80.102381822964,Non_Exact/L,census,2026-08-24T03:02:29.698Z
"2525 MILITARY TRAIL STE 102, JUPITER, 33458",26.911142277484,-80.102381822964,Exact/L,census,2026-08-24T03:02:29.698Z
"2525 MILITARY TRL UNIT 105, JUPITER, 33458",26.911142277484,-80.102381822964,Exact/L,census,2026-08-24T03:02:29.698Z
"2525 S MILITARY TRAIL, WEST PALM BEACH, 33415",26.640102460526,-80.112832779564,Exact/R,census,2026-08-24T03:02:29.698Z
"2525 S SR 7, WELLINGTON, 33414",26.642926,-80.20470399999999,google:ROOFTOP,google,2026-08-24T12:15:59.167Z
"2527 BEACH CT, RIVIERA BEACH, 33404",26.783537671668,-80.035203760654,Exact/L,census,2026-08-24T03:02:29.698Z
"2529 OKECHOBEE BLVD, WEST PALM BEACH, 33409",26.706569084137,-80.090991047403,Non_Exact/R,census,2026-08-24T03:02:29.698Z
"253 ROYAL POINCIANA WAY, PALM BEACH, 33480",26.71844232552,-80.039526412604,Exact/R,census,2026-08-24T03:02:29.698Z
"253 SE 5 AVE, DELRAY BEACH, 33483",26.457041353807,-80.067885439492,Exact/L,census,2026-08-24T03:02:29.698Z
"2532 W INDIANTOWN RD, JUPITER, 33458",26.934442271117,-80.1347659909,Exact/R,census,2026-08-24T03:02:29.698Z
"2535 N SR 7, WELLINGTON, 33414",26.7078998,-80.2011003,google:RANGE_INTERPOLATED,google,2026-08-24T12:15:59.167Z
"2540 VILLAGEWALK CIR STE 3, WELLINGTON, 33414",26.640056665429,-80.184080409601,Exact/L,census,2026-08-24T03:02:29.698Z
"2543 N DIXIE HWY, LAKE WORTH, 33460",26.643951634547,-80.056427654159,Exact/L,census,2026-08-24T03:02:29.698Z
"255 NE SPANISH RIVER BLVD, BOCA RATON, 33431",26.386084483065,-80.080087020864,Exact/L,census,2026-08-24T03:02:29.698Z
"2550 OKEECHOBEE BLVD, WEST PALM BEACH, 33409",26.706521176111,-80.093722486245,Exact/L,census,2026-08-24T03:02:29.698Z
"2550 SW 14 TER 6, PAHOKEE, 33476",26.799912242822,-80.691794409125,Non_Exact/R,census,2026-08-24T03:02:29.698Z
"2551 N OCEAN AVE, RIVIERA BEACH, 33404",26.783725704811,-80.034008848931,Non_Exact/R,census,2026-08-24T03:02:29.698Z
"2557 SOUTH STATE ROAD 7, WELLINGTON, 33414",26.643181,-80.20587479999999,google:ROOFTOP,google,2026-08-24T12:15:59.167Z
"2561 NORTHLAKE BLVD, NORTH PALM BEACH, 33403",26.8081946797,-80.075128897989,Exact/R,census,2026-08-24T03:02:29.698Z
"2562 W INDIANTOWN RD BAY 2 ST, JUPITER, 33458",26.934432713048,-80.135248673911,Non_Exact/R,census,2026-08-24T03:02:29.698Z
"2562 W INDIANTOWN RD, JUPITER, 33458",26.934432713048,-80.135248673911,Exact/R,census,2026-08-24T03:02:29.698Z
"2565 WESTGATE AVE, WEST PALM BEACH, 33409",26.70302679887,-80.091979594902,Exact/R,census,2026-08-24T03:02:29.698Z
"257 ROYAL POINCIANA WAY, PALM BEACH, 33480",26.718445324456,-80.039651767977,Exact/R,census,2026-08-24T03:02:29.698Z
"257 S US HWY 1, TEQUESTA, 33469",26.957835743393,-80.084694943145,Exact/L,census,2026-08-24T03:02:29.698Z
"2576 PGA BLVD, PALM BEACH GARDENS, 33410",26.844661741019,-80.074402514776,Exact/L,census,2026-08-24T03:02:29.698Z
"2579 NORTHLAKE BLVD, NORTH PALM BEACH, 33403",26.808214867005,-80.07550438168,Exact/R,census,2026-08-24T03:02:29.698Z
"2582 PGA BLVD, PALM BEACH GARDENS, 33410",26.844665957472,-80.074575389169,Exact/L,census,2026-08-24T03:02:29.698Z
"2588 PGA BLVD, PALM BEACH GARDENS, 33410",26.844670173925,-80.074748263563,Exact/L,census,2026-08-24T03:02:29.698Z
"259 NE 2 AVE, DELRAY BEACH, 33444",26.466366395198,-80.07112108036,Exact/R,census,2026-08-24T03:02:29.698Z
"260 LINTON BLVD, DELRAY BEACH, 33444",26.439667225613,-80.075937537279,Exact/L,census,2026-08-24T03:02:29.698Z
"260 N CONGRESS AVE, LAKE PARK, 33403",26.798801143682,-80.084945727794,Non_Exact/R,census,2026-08-24T03:02:29.698Z
"260 S QUADRILLE PLAZA DR, WEST PALM BEACH, 33401",26.718342371022,-80.051188971488,Non_Exact/L,census,2026-08-24T03:02:29.698Z
"2600 BROADWAY, WEST PALM BEACH, 33407",26.736395671528,-80.056762838174,Exact/R,census,2026-08-24T03:02:29.698Z
"2600 OKEECHOBEE BLVD, WEST PALM BEACH, 33409",26.706532406585,-80.094244702725,Exact/L,census,2026-08-24T03:02:29.698Z
"2601 S MILITARY TRL STE 43, WEST PALM BEACH, 33415",26.638643529839,-80.112892799947,Exact/R,census,2026-08-24T03:02:29.698Z
"2602 S DIXIE HWY, WEST PALM BEACH, 33401",26.690947571427,-80.054287781631,Exact/L,census,2026-08-24T03:02:29.698Z
"2605 S MILITARY TRL, WEST PALM BEACH, 33415",26.638598613138,-80.112894297171,Exact/R,census,2026-08-24T03:02:29.698Z
"2605 S SR 7 A410, WELLINGTON, 33414",26.6421697,-80.20475119999999,google:ROOFTOP,google,2026-08-24T12:15:59.167Z
"2605 S SR 7 STE 400, WELLINGTON, 33414",26.6421697,-80.20475119999999,google:ROOFTOP,google,2026-08-24T12:15:59.167Z
"2608 N OCEAN BLVD STE 10, POMPANO BEACH, 33062",26.260422287387,-80.084748241441,Exact/R,census,2026-08-24T03:02:29.698Z
"2611 OKEECHOBEE BLVD, WEST PALM BEACH, 33409",26.706611207753,-80.092891316658,Exact/R,census,2026-08-24T03:02:29.698Z
"2620 N AUSTRALIAN AVE STE 109, WEST PALM BEACH, 33407",26.736385988601,-80.067543701793,Exact/R,census,2026-08-24T03:02:29.698Z
"2621 N FEDERAL HWY STE Y, BOCA RATON, 33431",26.374328340294,-80.07644991922,Non_Exact/L,census,2026-08-24T03:02:29.698Z
"2621 N FEDERAL HWY, BOCA RATON, 33431",26.374328340294,-80.07644991922,Exact/L,census,2026-08-24T03:02:29.698Z
"2625 10 AVE N, PALM SPRINGS, 33461",26.628377559151,-80.082155886803,Exact/R,census,2026-08-24T03:02:29.698Z
"2626 PGA BLVD, PALM BEACH GARDENS, 33410",26.844683262107,-80.075323117448,Exact/L,census,2026-08-24T03:02:29.698Z
"263 NE 2 AVE, DELRAY BEACH, 33444",26.466435555655,-80.071122628726,Exact/R,census,2026-08-24T03:02:29.698Z
"2632 PGA BLVD, PALM BEACH GARDENS, 33410",26.844684001686,-80.075359726553,Exact/L,census,2026-08-24T03:02:29.698Z
"2635 OLD OKEECHOBEE RD, WEST PALM BEACH, 33409",26.703409414292,-80.080076579003,Exact/R,census,2026-08-24T03:02:29.698Z
"264 S OCEAN BLVD, MANALAPAN, 33462",26.583501672615,-80.039156823114,Exact/R,census,2026-08-24T03:02:29.698Z
"264-270 S COUNTY RD, PALM BEACH, 33480",26.705902780443,-80.036440544484,Non_Exact/R,census,2026-08-24T03:02:29.698Z
"265 NE SPANISH RIVER BLVD, BOCA RATON, 33431",26.386085070797,-80.080026876132,Exact/L,census,2026-08-24T03:02:29.698Z
"2650 MILITARY TRL BLDG 17, WEST PALM BEACH, 33415",26.638333706072,-80.11259894814,Non_Exact/L,census,2026-08-24T03:02:29.698Z
"2650 N MILITARY TRL 145, BOCA RATON, 33431",26.374541291522,-80.120939371697,Exact/L,census,2026-08-24T03:02:29.698Z
"2650 S MILITARY TRL STE 18&19, WEST PALM BEACH, 33415",26.638333706072,-80.11259894814,Non_Exact/L,census,2026-08-24T03:02:29.698Z
"2660 PGA BLVD, PALM BEACH GARDENS, 33410",26.844687453054,-80.075530569042,Exact/L,census,2026-08-24T03:02:29.698Z
"2665 10 AVE N, PALM SPRINGS, 33461",26.628386854174,-80.082386713083,Exact/R,census,2026-08-24T03:02:29.698Z
"2676 FLORIDA AVE, WEST PALM BEACH, 33401",26.690537447602,-80.056404852672,Exact/L,census,2026-08-24T03:02:29.698Z
"2677 FOREST HILL BLVD 111, WEST PALM BEACH, 33406",26.650773215095,-80.083071144193,Exact/R,census,2026-08-24T03:02:29.698Z
"2677 FOREST HILL BLVD STE 117-118, WEST PALM BEACH, 33406",26.650773215095,-80.083071144193,Exact/R,census,2026-08-24T03:02:29.698Z
"2677 FOREST HILL BLVD STE 123, WEST PALM BEACH, 33406",26.650773215095,-80.083071144193,Exact/R,census,2026-08-24T03:02:29.698Z
"2677 FOREST HILL BLVD, WEST PALM BEACH, 33406",26.650773215095,-80.083071144193,Exact/R,census,2026-08-24T03:02:29.698Z
"2680 PGA BLVD, PALM BEACH GARDENS, 33410",26.844689918316,-80.075652599392,Exact/L,census,2026-08-24T03:02:29.698Z
"2695 N MILITARY TRAIL STE 16, WEST PALM BEACH, 33409",26.716516231265,-80.110903075956,Exact/L,census,2026-08-24T03:02:29.698Z
"2695 N MILITARY TRL STE 25, WEST PALM BEACH, 33409",26.716516231265,-80.110903075956,Exact/L,census,2026-08-24T03:02:29.698Z
"2695 N MILITARY TRL, WEST PALM BEACH, 33409",26.716516231265,-80.110903075956,Exact/L,census,2026-08-24T03:02:29.698Z
"270 E ATLANTIC AVE, DELRAY BEACH, 33444",26.461591448753,-80.070493091487,Exact/R,census,2026-08-24T03:02:29.698Z
"2700 BROADWAY AVE, RIVIERA BEACH, 33404",26.784275990216,-80.05472016107,Non_Exact/R,census,2026-08-24T03:02:29.698Z
"2700 BROADWAY, RIVIERA BEACH, 33404",26.784275990216,-80.05472016107,Exact/R,census,2026-08-24T03:02:29.698Z
"2700 N OCEAN DR, RIVIERA BEACH, 33404",26.785053643517,-80.034914934184,Exact/R,census,2026-08-24T03:02:29.698Z
"2701 PRESIDENT BARACK OBAMA HWY, RIVIERA BEACH, 33404",26.784901645026,-80.068017429943,Exact/L,census,2026-08-24T03:02:29.698Z
"2705 OKEECHOBEE BLVD, WEST PALM BEACH, 33409",26.706668976511,-80.095265159861,Exact/R,census,2026-08-24T03:02:29.698Z
"271 SE MIZNER BLVD, BOCA RATON, 33432",26.347035998139,-80.084119882905,Exact/R,census,2026-08-24T03:02:29.698Z
"2711 N OCEAN BLVD, BOCA RATON, 33431",26.375289231562,-80.067940298235,Exact/L,census,2026-08-24T03:02:29.698Z
"2717 N FEDERAL HWY, DELRAY BEACH, 33483",26.489752706002,-80.063797865763,Exact/R,census,2026-08-24T03:02:29.698Z
"2741 SR 7, WELLINGTON, 33414",26.6401579,-80.20495679999999,google:ROOFTOP,google,2026-08-24T12:15:59.167Z
"2746 S DIXIE HWY, WEST PALM BEACH, 33405",26.688990585574,-80.054346130299,Exact/L,census,2026-08-24T03:02:29.698Z
"275 NORTHEAST SPANISH RIVER BLVD, BOCA RATON, 33431",26.38608565853,-80.079966731399,Exact/L,census,2026-08-24T03:02:29.698Z
"2755 PRESIDENT BARACK OBAMA HWY, RIVIERA BEACH, 33404",26.785363219532,-80.068210851618,Exact/L,census,2026-08-24T03:02:29.698Z
"2755 S SR 7, WELLINGTON, 33414",26.6393185,-80.2048544,google:ROOFTOP,google,2026-08-24T12:15:59.167Z
"2765 10 AVE N, PALM SPRINGS, 33461",26.628430385559,-80.083538131739,Exact/R,census,2026-08-24T03:02:29.698Z
"2777 S DIXIE HWY STE 1B, WEST PALM BEACH, 33405",26.688610078529,-80.054482132371,Exact/R,census,2026-08-24T03:02:29.698Z
"278 S OCEAN BLVD, MANALAPAN, 33462",26.582156597391,-80.039188546623,Exact/R,census,2026-08-24T03:02:29.698Z
"2781 S SR 7, WELLINGTON, 33414",26.6387647,-80.2047771,google:ROOFTOP,google,2026-08-24T12:15:59.167Z
"279 NE 2 AVE, DELRAY BEACH, 33444",26.466712197481,-80.071128822192,Exact/R,census,2026-08-24T03:02:29.698Z
"279 US HWY 1, TEQUESTA, 33469",26.958564258942,-80.084660576169,Exact/L,census,2026-08-24T03:02:29.698Z
"2792 DONNELLY DR, LANTANA, 33462",,,google:GEOMETRIC_CENTER-too-coarse,google,2026-08-24T12:15:59.167Z
"2793-300 S SR 7, WELLINGTON, 33414",26.674644993262,-80.202473509246,Non_Exact/R,census,2026-08-24T03:02:29.698Z
"280 CORTONA BLVD, JUPITER, 33478",26.924678458682,-80.159255656835,Exact/L,census,2026-08-24T03:02:29.698Z
"280 LINTON BLVD, DELRAY BEACH, 33444",26.439666351416,-80.076099482933,Exact/L,census,2026-08-24T03:02:29.698Z
"280 N CONGRESS AVE, LAKE PARK, 33403",26.799193299485,-80.084892123755,Non_Exact/R,census,2026-08-24T03:02:29.698Z
"280 S SR 7 100, ROYAL PALM BEACH, 33411",26.682769538994,-80.202188184491,Non_Exact/L,census,2026-08-24T03:02:29.698Z
"280 S SR7 STE 300, ROYAL PALM BEACH, 33414",26.674976593981,-80.202464482857,Non_Exact/R,census,2026-08-24T03:02:29.698Z
"2800 MILITARY TRL STE 113, WEST PALM BEACH, 33409",26.718764828189,-80.110483992124,Non_Exact/L,census,2026-08-24T03:02:29.698Z
"2800 N MILITARY TRAIL 103, WEST PALM BEACH, 33409",26.718764828189,-80.110483992124,Exact/L,census,2026-08-24T03:02:29.698Z
"2800 N MILITARY TRAIL STE 117, WEST PALM BEACH, 33409",26.718764828189,-80.110483992124,Exact/L,census,2026-08-24T03:02:29.698Z
"2800 N MILITARY TRL STE 109, WEST PALM BEACH, 33409",26.718764828189,-80.110483992124,Exact/L,census,2026-08-24T03:02:29.698Z
"2800 N MILITARY TRL, WEST PALM BEACH, 33409",26.718764828189,-80.110483992124,Exact/L,census,2026-08-24T03:02:29.698Z
"2800 S OCEAN BLVD, PALM BEACH, 33480",26.63569206541,-80.039203302218,Exact/L,census,2026-08-24T03:02:29.698Z
"2801 S SR 7, WELLINGTON, 33414",26.6380189,-80.20497759999999,google:ROOFTOP,google,2026-08-24T12:15:59.167Z
"2803 N SR 7 200, WELLINGTON, 33414",,,google:GEOMETRIC_CENTER-too-coarse,google,2026-08-24T12:15:59.167Z
"2803 STATE RD 7 UNIT 300, WELLINGTON, 33414",26.6379823,-80.2054836,google:ROOFTOP,google,2026-08-24T12:15:59.167Z
"2809 S OCEAN BOULEVARD, HIGHLAND BEACH, 33487",26.424001079944,-80.064019886961,Exact/L,census,2026-08-24T03:02:29.698Z
"281 N FEDERAL HWY STE 4, BOCA RATON, 33432",26.353028616678,-80.0865202017,Exact/L,census,2026-08-24T03:02:29.698Z
"2815 S SEACREST BLVD, BOYNTON BEACH, 33435",26.503650663662,-80.069024306748,Exact/R,census,2026-08-24T03:02:29.698Z
"2815-100 S SR 7, WELLINGTON, 33414",26.6785104174,-80.202341245154,Non_Exact/R,census,2026-08-24T03:02:29.698Z
"2820 E TAMARIND AVE UNIT B, WEST PALM BEACH, 33407",26.739023971519,-80.061213654389,Non_Exact/R,census,2026-08-24T03:02:29.698Z
"2825 N MILITARY TRL, WEST PALM BEACH, 33409",26.71850028977,-80.11082996248,Exact/L,census,2026-08-24T03:02:29.698Z
"2831 N FEDERAL HWY UNIT 8 & 9, BOCA RATON, 33431",26.376965488916,-80.076475108613,Non_Exact/L,census,2026-08-24T03:02:29.698Z
"2837 SOUTH SR 7, WELLINGTON, 33414",26.6372936,-80.20483399999999,google:ROOFTOP,google,2026-08-24T12:15:59.167Z
"2842 S OCEAN BLVD, PALM BEACH, 33480",26.63569206541,-80.039203302218,Exact/L,census,2026-08-24T03:02:29.698Z
"2845 N MILITARY TRAIL ST 28, WEST PALM BEACH, 33409",26.718933300522,-80.110824069196,Non_Exact/L,census,2026-08-24T03:02:29.698Z
"2845 N MILITARY TRL 11, WEST PALM BEACH, 33409",26.718933300522,-80.110824069196,Exact/L,census,2026-08-24T03:02:29.698Z
"2845 N MILITARY TRL STE 2, WEST PALM BEACH, 33409",26.718933300522,-80.110824069196,Exact/L,census,2026-08-24T03:02:29.698Z
"2845 N MILITARY TRL STE 6-7, PALM BEACH, 33409",26.718933300522,-80.110824069196,Non_Exact/L,census,2026-08-24T03:02:29.698Z
"2854 OKEECHOBEE BLVD, WEST PALM BEACH, 33409",26.7066484113,-80.099269481061,Exact/L,census,2026-08-24T03:02:29.698Z
"2863 NORTHLAKE BLVD 2-3, LAKE PARK, 33403",26.808250924756,-80.079588399872,Exact/R,census,2026-08-24T03:02:29.698Z
"2863 NORTHLAKE BLVD STE 10, LAKE PARK, 33403",26.808250924756,-80.079588399872,Exact/R,census,2026-08-24T03:02:29.698Z
"2863 NORTHLAKE BLVD, LAKE PARK, 33403",26.808250924756,-80.079588399872,Exact/R,census,2026-08-24T03:02:29.698Z
"287 E INDIANTOWN RD 2B, JUPITER, 33477",26.9340635759,-80.088727232967,Exact/R,census,2026-08-24T03:02:29.698Z
"287 E INDIANTOWN ROAD B10-A, JUPITER, 33477",26.9340635759,-80.088727232967,Non_Exact/R,census,2026-08-24T03:02:29.698Z
"287 S US HWY 1, TEQUESTA, 33469",26.958829472783,-80.084642195005,Exact/L,census,2026-08-24T03:02:29.698Z
"2870 S OCEAN BLVD, PALM BEACH, 33480",26.620624160906,-80.038810668855,Exact/R,census,2026-08-24T03:02:29.698Z
"2875 S OCEAN BLVD, PALM BEACH, 33480",26.629498237343,-80.038826449666,Exact/L,census,2026-08-24T03:02:29.698Z
"288 S COUNTY RD, PALM BEACH, 33480",26.705433642777,-80.03644849428,Exact/R,census,2026-08-24T03:02:29.698Z
"2885 S FEDERAL HWY, DELRAY BEACH, 33483",26.428739506702,-80.072770290377,Exact/L,census,2026-08-24T03:02:29.698Z
"2888 SHAWNEE AVE, WEST PALM BEACH, 33409",26.651751688314,-80.086237061276,Non_Exact/L,census,2026-08-24T03:02:29.698Z
"289 SOUTH US HWY 1, TEQUESTA, 33469",26.958895776243,-80.084637599714,Exact/L,census,2026-08-24T03:02:29.698Z
"29 S DIXIE HWY, GREENACRES, 33460",26.615533365915,-80.057427268064,Non_Exact/R,census,2026-08-24T03:02:29.698Z
"29 S DIXIE HWY, LAKE WORTH, 33460",26.615533365915,-80.057427268064,Exact/R,census,2026-08-24T03:02:29.698Z
"29 SE 2 AVE, DELRAY BEACH, 33444",26.46109930082,-80.071008730275,Exact/L,census,2026-08-24T03:02:29.698Z
"290 E ATLANTIC AVE, DELRAY BEACH, 33444",26.461593130954,-80.070342534158,Exact/R,census,2026-08-24T03:02:29.698Z
"290 SUNSET AVE, PALM BEACH, 33480",26.719104671128,-80.040787467329,Exact/L,census,2026-08-24T03:02:29.698Z
"2901 CLINT MOORE RD 4, BOCA RATON, 33496",26.406688108836,-80.136367249116,Exact/R,census,2026-08-24T03:02:29.698Z
"2901 CLINT MOORE RD, BOCA RATON, 33496",26.406688108836,-80.136367249116,Exact/R,census,2026-08-24T03:02:29.698Z
"2901 COMMERCE PARK DR UNIT 6, BOYNTON BEACH, 33426",26.554715059388,-80.071467651991,Non_Exact/L,census,2026-08-24T03:02:29.698Z
"2901 NORTH FEDERAL HWY, BOCA RATON, 33431",26.377782783687,-80.076482031533,Exact/L,census,2026-08-24T03:02:29.698Z
"2905 N MILITARY TRL H, WEST PALM BEACH, 33409",26.720205524316,-80.110786155665,Non_Exact/L,census,2026-08-24T03:02:29.698Z
"2905 N MILITARY TRL STE E, WEST PALM BEACH, 33409",26.720205524316,-80.110786155665,Non_Exact/L,census,2026-08-24T03:02:29.698Z
"2905 W 45 ST, WEST PALM BEACH, 33407",26.759294338712,-80.095806833154,Non_Exact/R,census,2026-08-24T03:02:29.698Z
"2911 CLINT MOORE RD, BOCA RATON, 33496",26.406718692038,-80.137388672382,Exact/R,census,2026-08-24T03:02:29.698Z
"2916 E TAMARIND AVE, WEST PALM BEACH, 33407",26.739413602851,-80.061203180418,Exact/R,census,2026-08-24T03:02:29.698Z
"2919 N MILITARY TRAIL B, WEST PALM BEACH, 33409",26.720479339991,-80.110775913722,Non_Exact/L,census,2026-08-24T03:02:29.698Z
"2919 NORTH MILITARY TRAIL D, WEST PALM BEACH, 33409",26.720479339991,-80.110775913722,Non_Exact/L,census,2026-08-24T03:02:29.698Z
"2924 AVE S, RIVIERA BEACH, 33404",26.786815564638,-80.080554312916,Exact/R,census,2026-08-24T03:02:29.698Z
"2931 NORTHLAKE BLVD, PALM BEACH GARDENS, 33403",26.808306630228,-80.081377009878,Exact/R,census,2026-08-24T03:02:29.698Z
"2944 S JOG RD, GREENACRES, 33467",26.633331630852,-80.145952455676,Non_Exact/L,census,2026-08-24T03:02:29.698Z
"2949 N MILITARY TRAIL, WEST PALM BEACH, 33409",26.72066221825,-80.110767158907,Exact/L,census,2026-08-24T03:02:29.698Z
"295 LAKEVIEW AVE, WEST PALM BEACH, 33401",26.706279745147,-80.051945293766,Exact/R,census,2026-08-24T03:02:29.698Z
"2968 S JOG RD, GREENACRES, 33467",26.632957887208,-80.145969585602,Non_Exact/L,census,2026-08-24T03:02:29.698Z
"297 E PALMETTO PARK RD, BOCA RATON, 33432",26.350602554255,-80.081727757182,Exact/L,census,2026-08-24T03:02:29.698Z
"2998 S FEDERAL HWY, DELRAY BEACH, 33483",26.427467149554,-80.073102185041,Exact/R,census,2026-08-24T03:02:29.698Z
"300 CIVIC CENTER WAY, ROYAL PALM BEACH, 33411",26.705103497888,-80.230658943996,Exact/R,census,2026-08-24T03:02:29.698Z
"300 E OCEAN AVE, LANTANA, 33462",26.584279823975,-80.049279071352,Exact/R,census,2026-08-24T03:02:29.698Z
"300 MARSALA CT, JUPITER, 33478",26.940369991927,-80.160932229174,Exact/L,census,2026-08-24T03:02:29.698Z
"300 OLD DIXIE HWY 101, JUPITER, 33458",26.9372101,-80.09430329999999,google:ROOFTOP,google,2026-08-24T12:15:59.167Z
"300 S DIXIE HWY, WEST PALM BEACH, 33401",26.711288400061,-80.053521775452,Exact/L,census,2026-08-24T03:02:29.698Z
"300 SWAIN BLVD, GREENACRES, 33463",26.623760270112,-80.125067934796,Exact/R,census,2026-08-24T03:02:29.698Z
"3000 OLD BOYNTON RD STE 382, BOYNTON BEACH, 33436",26.531740048589,-80.093451117795,Exact/R,census,2026-08-24T03:02:29.698Z
"3000 S CONGRESS AVE 100, BOYNTON BEACH, 33426",26.49932183249,-80.089898308305,Exact/L,census,2026-08-24T03:02:29.698Z
"3000 S CONGRESS AVE, PALM SPRINGS, 33461",26.632169061066,-80.088500735946,Exact/L,census,2026-08-24T03:02:29.698Z
"3000 S JOG RD, GREENACRES, 33467",26.631835364162,-80.146025060775,Non_Exact/L,census,2026-08-24T03:02:29.698Z
"3001 OLD BOYNTON RD, BOYNTON BEACH, 33436",26.531854639075,-80.093450617687,Exact/L,census,2026-08-24T03:02:29.698Z
"3003 YAMATO RD STE C8, BOCA RATON, 33434",26.394189814448,-80.146281236816,Exact/R,census,2026-08-24T03:02:29.698Z
"301 AUSTRALIAN AVE, PALM BEACH, 33480",26.703404840375,-80.038787788144,Exact/R,census,2026-08-24T03:02:29.698Z
"301 E ATLANTIC AVE, DELRAY BEACH, 33483",26.461708432898,-80.070215336105,Exact/L,census,2026-08-24T03:02:29.698Z
"301 E BOYNTON BEACH BLVD, BOYNTON BEACH, 33435",26.528965415805,-80.061557299316,Exact/L,census,2026-08-24T03:02:29.698Z
"301 FEDERAL HWY, LAKE PARK, 33403",26.794505834371,-80.054344597873,Exact/R,census,2026-08-24T03:02:29.698Z
"301 LAMBERTON DR, WEST PALM BEACH, 33401",26.716828054943,-80.083668231373,Exact/L,census,2026-08-24T03:02:29.698Z
"301 N DIXIE HWY, LAKE WORTH, 33460",26.619129074323,-80.057300487737,Exact/L,census,2026-08-24T03:02:29.698Z
"301 NE 3 AVE, DELRAY BEACH, 33444",26.467181526054,-80.070131079435,Exact/R,census,2026-08-24T03:02:29.698Z
"301 ORANGE TREE DR, ATLANTIS, 33462",26.595596402431,-80.097529635228,Exact/R,census,2026-08-24T03:02:29.698Z
"301 PLAZA REAL, BOCA RATON, 33432",26.354539888512,-80.086486275572,Exact/R,census,2026-08-24T03:02:29.698Z
"301 VIA DE PALMAS STE 99, BOCA RATON, 33432",26.346884792016,-80.085225364489,Exact/R,census,2026-08-24T03:02:29.698Z
"301 W ATLANTIC AVE STE R3A, DELRAY BEACH, 33444",26.461681433039,-80.076202336129,Exact/R,census,2026-08-24T03:02:29.698Z
"301 W ATLANTIC AVE UNIT 1, DELRAY BEACH, 33444",26.461681433039,-80.076202336129,Exact/R,census,2026-08-24T03:02:29.698Z
"301 W AVE A, BELLE GLADE, 33430",26.68581680976,-80.670904924718,Exact/R,census,2026-08-24T03:02:29.698Z
"301 W CANAL ST N, BELLE GLADE, 33430",26.687968942092,-80.670875501329,Exact/R,census,2026-08-24T03:02:29.698Z
"301 YAMATO RD STE 100, BOCA RATON, 33431",26.3954961,-80.07956829999999,google:ROOFTOP,google,2026-08-24T12:15:59.167Z
"3010 S DIXIE HWY, WEST PALM BEACH, 33405",26.68669071452,-80.054399879327,Exact/L,census,2026-08-24T03:02:29.698Z
"3011 W YAMATO RD A3, BOCA RATON, 33434",26.39418839087,-80.146605814248,Non_Exact/R,census,2026-08-24T03:02:29.698Z
"3011 W YAMATO RD STE A11, BOCA RATON, 33434",26.39418839087,-80.146605814248,Non_Exact/R,census,2026-08-24T03:02:29.698Z
"3011 YAMATO RD STE A7, BOCA RATON, 33434",26.39418839087,-80.146605814248,Exact/R,census,2026-08-24T03:02:29.698Z
"3011 YAMATO RD SUITE A20, BOCA RATON, 33434",26.39418839087,-80.146605814248,Exact/R,census,2026-08-24T03:02:29.698Z
"3011 YAMATO RD, BOCA RATON, 33496",26.39418839087,-80.146605814248,Non_Exact/R,census,2026-08-24T03:02:29.698Z
"3013 YAMATO RD B1-2, BOCA RATON, 33434",26.394188034976,-80.146686958605,Non_Exact/R,census,2026-08-24T03:02:29.698Z
"3013 YAMATO RD B9, BOCA RATON, 33434",26.394188034976,-80.146686958605,Non_Exact/R,census,2026-08-24T03:02:29.698Z
"3013 YAMATO RD UNIT B8, BOCA RATON, 33434",26.394188034976,-80.146686958605,Exact/R,census,2026-08-24T03:02:29.698Z
"3015 FOREST HILL BLVD STE, WEST PALM BEACH, 33406",26.650955025702,-80.088405930665,Non_Exact/R,census,2026-08-24T03:02:29.698Z
"302 NE 6 AVE, DELRAY BEACH, 33483",26.467237589667,-80.067208932335,Exact/L,census,2026-08-24T03:02:29.698Z
"302 W MANGO ST, LANTANA, 33462",26.583620029284,-80.05256658185,Exact/L,census,2026-08-24T03:02:29.698Z
"3022 SOUTH JOG RD, LAKE WORTH, 33467",26.631631152996,-80.146035000262,Non_Exact/L,census,2026-08-24T03:02:29.698Z
"3024 S JOG RD, GREENACRES, 33467",26.631612588344,-80.146035903852,Non_Exact/L,census,2026-08-24T03:02:29.698Z
"3025 S FEDERAL HWY BAY 04, DELRAY BEACH, 33483",26.427365331942,-80.072989140461,Exact/L,census,2026-08-24T03:02:29.698Z
"3027 FOREST HILL BLVD, PALM SPRINGS, 33406",26.650963831925,-80.088639295424,Exact/R,census,2026-08-24T03:02:29.698Z
"303 BALLENISLES CIR, PALM BEACH GARDENS, 33418",26.831149806844,-80.118781940002,Non_Exact/R,census,2026-08-24T03:02:29.698Z
"303 CLEMATIS ST, WEST PALM BEACH, 33401",26.71337794558,-80.051985384169,Exact/R,census,2026-08-24T03:02:29.698Z
"303 SE MIZNER BLVD STE 59, BOCA RATON, 33432",26.346859466322,-80.084197005393,Exact/R,census,2026-08-24T03:02:29.698Z
"3034 JOG RD, GREENACRES, 33467",26.631519765087,-80.1460404218,Exact/L,census,2026-08-24T03:02:29.698Z
"3034 S JOG RD, GREENACRES, 33467",26.631519765087,-80.1460404218,Non_Exact/L,census,2026-08-24T03:02:29.698Z
"3034 S JOG ROAD, GREEN ACRES, 33467",26.631519765087,-80.1460404218,Non_Exact/L,census,2026-08-24T03:02:29.698Z
"3035 S FEDERAL HWY STE 5, DELRAY BEACH, 33483",26.427267176602,-80.07300477261,Exact/L,census,2026-08-24T03:02:29.698Z
"3040 JOG RD, GREENACRES, 33467",26.631464071133,-80.146043132569,Exact/L,census,2026-08-24T03:02:29.698Z
"3040 S MILITARY TRAIL STE G-H, LAKE WORTH, 33463",26.632465964599,-80.112824387698,Non_Exact/L,census,2026-08-24T03:02:29.698Z
"3040 S MILITARY TRAIL SUITE A, LAKE WORTH, 33463",26.632465964599,-80.112824387698,Non_Exact/L,census,2026-08-24T03:02:29.698Z
"3045 N MILITARY TRAIL, WEST PALM BEACH, 33409",26.721932186136,-80.110711825017,Exact/L,census,2026-08-24T03:02:29.698Z
"305 E WOOLBRIGHT RD, BOYNTON BEACH, 33435",26.514606185417,-80.06109565113,Exact/L,census,2026-08-24T03:02:29.698Z
"305 PLAZA REAL 1305, BOCA RATON, 33432",26.354540540692,-80.086445025102,Exact/R,census,2026-08-24T03:02:29.698Z
"306 SW 10 ST, BELLE GLADE, 33430",26.6836110166,-80.677964450773,Exact/L,census,2026-08-24T03:02:29.698Z
"3060 S CONGRESS AVE, PALM SPRINGS, 33461",26.630991400527,-80.088545277879,Exact/L,census,2026-08-24T03:02:29.698Z
"3061 NORTHLAKE BLVD, PALM BEACH GARDENS, 33403",26.808364694169,-80.08326438934,Exact/R,census,2026-08-24T03:02:29.698Z
"3064 MILITARY TRL, WEST PALM BEACH, 33463",26.721754465815,-80.110398368045,Non_Exact/L,census,2026-08-24T03:02:29.698Z
"3064 S MILIATRY TRAIL, LAKE WORTH, 33463",26.632180105153,-80.112838103184,Non_Exact/L,census,2026-08-24T03:02:29.698Z
"3064 S MILITARY TRL STE 4, LAKE WORTH, 33463",26.632180105153,-80.112838103184,Exact/L,census,2026-08-24T03:02:29.698Z
"3068 LAKE WORTH RD 1, PALM SPRINGS, 33461",26.617461150451,-80.090319543139,Exact/L,census,2026-08-24T03:02:29.698Z
"3068 LAKE WORTH RD STE 1, PALM SPRING, 33461",26.617461150451,-80.090319543139,Exact/L,census,2026-08-24T03:02:29.698Z
"307 E ATLANTIC AVE, DELRAY BEACH, 33483",26.46170843289,-80.069843838004,Exact/L,census,2026-08-24T03:02:29.698Z
"307 E WOOLBRIGHT RD, BOYNTON BEACH, 33435",26.514606272686,-80.061081818939,Exact/L,census,2026-08-24T03:02:29.698Z
"3073 S DIXIE HWY, WEST PALM BEACH, 33405",26.685233145079,-80.054564757102,Exact/R,census,2026-08-24T03:02:29.698Z
"3075 45 ST, WEST PALM BEACH, 33407",26.759454320424,-80.099775969462,Exact/R,census,2026-08-24T03:02:29.698Z
"308 CLEMATIS ST, WEST PALM BEACH, 33401",26.713265948074,-80.052082027683,Exact/L,census,2026-08-24T03:02:29.698Z
"308 N FEDERAL HWY CU9, BOYNTON BEACH, 33435",26.529014931185,-80.058070428992,Non_Exact/R,census,2026-08-24T03:02:29.698Z
"3081 S DIXIE HWY, WEST PALM BEACH, 33405",26.68515556653,-80.054566704682,Exact/R,census,2026-08-24T03:02:29.698Z
"3085 45 ST, WEST PALM BEACH, 33407",26.759461129304,-80.099941510279,Exact/R,census,2026-08-24T03:02:29.698Z
"309 CLEMATIS ST, WEST PALM BEACH, 33401",26.713380485604,-80.052078094965,Exact/R,census,2026-08-24T03:02:29.698Z
"309 E WOOLBRIGHT ROAD, BOYNTON BEACH, 33435",26.514606359955,-80.061067986748,Exact/L,census,2026-08-24T03:02:29.698Z
"309 VIA DE PALMAS BLDG 90, BOCA RATON, 33432",26.346868329026,-80.0852284513,Exact/R,census,2026-08-24T03:02:29.698Z
"309 W AVE UNIT A, BELLE GLADE, 33430",,,google:APPROXIMATE-too-coarse,google,2026-08-24T12:15:59.167Z
"3090 S JOG RD, GREENACRES, 33467",26.630999954846,-80.146065722312,Non_Exact/L,census,2026-08-24T03:02:29.698Z
"3090 S MILITARY TRAIL, LAKE WORTH, 33463",26.631870424087,-80.112852961627,Exact/L,census,2026-08-24T03:02:29.698Z
"3092 JOG RD, GREENACRES, 33467",26.630981390195,-80.146066625902,Exact/L,census,2026-08-24T03:02:29.698Z
"3095 FOREST HILL BLVD, WEST PALM BEACH, 33406",26.65100810721,-80.089961394229,Exact/R,census,2026-08-24T03:02:29.698Z
"3095 S MILITARY TRAIL STE 15, LAKE WORTH, 33463",26.631714794868,-80.113157432562,Exact/R,census,2026-08-24T03:02:29.698Z
"3095 S MILITARY TRL STE 8, LAKE WORTH, 33463",26.631714794868,-80.113157432562,Exact/R,census,2026-08-24T03:02:29.698Z
"3098 S JOG RD, GREENACRES, 33463",26.630925696241,-80.146069336671,Non_Exact/L,census,2026-08-24T03:02:29.698Z
"31 OCEAN AVE, PALM BEACH SHORES, 33404",26.774446376105,-80.033295447545,Exact/R,census,2026-08-24T03:02:29.698Z
"310 E OCEAN AVE, LANTANA, 33462",26.58425417195,-80.048466757856,Exact/R,census,2026-08-24T03:02:29.698Z
"310 E PALMETTO PARK RD, BOCA RATON, 33432",26.350492312715,-80.081366282204,Exact/R,census,2026-08-24T03:02:29.698Z
"3100 AIRPORT ROAD, BOCA RATON, 33431",26.37132405689,-80.116576953388,Exact/R,census,2026-08-24T03:02:29.698Z
"3100 JOG RD, GREEN ACRES, 33467",26.630907131589,-80.146070240261,Exact/L,census,2026-08-24T03:02:29.698Z
"3100 N OCEAN DR, RIVIERA BEACH, 33404",26.788081663755,-80.034752279771,Exact/R,census,2026-08-24T03:02:29.698Z
"3101 PGA BLVD L205, PALM BEACH GARDENS, 33410",26.845022579713,-80.084373991562,Non_Exact/R,census,2026-08-24T03:02:29.698Z
"3101 PGA BLVD L217, PALM BEACH GARDENS, 33410",26.845022579713,-80.084373991562,Exact/R,census,2026-08-24T03:02:29.698Z
"3101 PGA BLVD L225, PALM BEACH GARDENS, 33410",26.845022579713,-80.084373991562,Non_Exact/R,census,2026-08-24T03:02:29.698Z
"3101 PGA BLVD SPACE E135, PALM BEACH GARDENS, 33410",26.845022579713,-80.084373991562,Exact/R,census,2026-08-24T03:02:29.698Z
"3101 PGA BLVD SPACE L219 UPPER, PALM BEACH GARDENS, 33410",26.845022579713,-80.084373991562,Non_Exact/R,census,2026-08-24T03:02:29.698Z
"3101 PGA BLVD SPC J205, PALM BEACH GARDENS, 33410",26.845022579713,-80.084373991562,Exact/R,census,2026-08-24T03:02:29.698Z
"3101 PGA BLVD STE C101, PALM BEACH GARDENS, 33410",26.845022579713,-80.084373991562,Exact/R,census,2026-08-24T03:02:29.698Z
"3101 PGA BLVD STE L-223, PALM BEACH GARDENS, 33410",26.845022579713,-80.084373991562,Non_Exact/R,census,2026-08-24T03:02:29.698Z
"3101 PGA BLVD STE L209, PALM BEACH GARDENS, 33410",26.845022579713,-80.084373991562,Exact/R,census,2026-08-24T03:02:29.698Z
"3101 PGA BLVD STE L215, PALM BEACH GARDENS, 33410",26.845022579713,-80.084373991562,Exact/R,census,2026-08-24T03:02:29.698Z
"3101 PGA BLVD STE O-200, PALM BEACH GARDENS, 33410",26.845022579713,-80.084373991562,Non_Exact/R,census,2026-08-24T03:02:29.698Z
"3101 PGA BLVD STE P 201, PALM BEACH GARDENS, 33410",26.845022579713,-80.084373991562,Non_Exact/R,census,2026-08-24T03:02:29.698Z
"3101 PGA BLVD UNIT F142, PALM BEACH GARDENS, 33410",26.845022579713,-80.084373991562,Exact/R,census,2026-08-24T03:02:29.698Z
"3101 PGA BLVD, PALM BEACH GARDENS, 33410",26.845022579713,-80.084373991562,Exact/R,census,2026-08-24T03:02:29.698Z
"3105 PGA BLVD, PALM BEACH GARDENS, 33410",26.845024478039,-80.084441192245,Exact/R,census,2026-08-24T03:02:29.698Z
"3105 S FEDERAL HWY, DELRAY BEACH, 33483",26.426580089222,-80.073114197652,Exact/L,census,2026-08-24T03:02:29.698Z
"3111 45 ST STE 14 &15, WEST PALM BEACH, 33407",26.759477073651,-80.100332379819,Non_Exact/R,census,2026-08-24T03:02:29.698Z
"3111 45 ST STE 14 -15, WEST PALM BEACH, 33407",26.759477073651,-80.100332379819,Non_Exact/R,census,2026-08-24T03:02:29.698Z
"3111 45TH ST 9 & 10, WEST PALM BEACH, 33407",26.759477073651,-80.100332379819,Non_Exact/R,census,2026-08-24T03:02:29.698Z
"3111 PGA BLVD, PALM BEACH GARDENS, 33410",26.845027325528,-80.08454199327,Exact/R,census,2026-08-24T03:02:29.698Z
"3116 S MILITARY TRL, WEST PALM BEACH, 33415",26.6315636,-80.1127164,google:ROOFTOP,google,2026-08-24T12:15:59.167Z
"312 N FEDERAL HWY, BOYNTON BEACH, 33435",26.529044049951,-80.058070587245,Exact/R,census,2026-08-24T03:02:29.698Z
"312 US HWY 1, NORTH PALM BEACH, 33408",26.80758675941,-80.055782311495,Exact/L,census,2026-08-24T03:02:29.698Z
"3121 LAKE WORTH RD, LAKE WORTH, 33463",26.617620045828,-80.091378608073,Non_Exact/R,census,2026-08-24T03:02:29.698Z
"313 1/2 WORTH AVE, PALM BEACH, 33480",26.700944787155,-80.039473978143,Non_Exact/R,census,2026-08-24T03:02:29.698Z
"3133 LAKE WORTH RD, PALM SPRINGS, 33461",26.617630002431,-80.091600972072,Exact/R,census,2026-08-24T03:02:29.698Z
"314 S COUNTY RD, PALM BEACH, 33480",26.704858227791,-80.036475607497,Exact/R,census,2026-08-24T03:02:29.698Z
"315 PRES BARCK OBAMA HWY 101, RIVIERA BEACH, 33404",26.765734521552,-80.060217312809,Non_Exact/L,census,2026-08-24T03:02:29.698Z
"316 VALLETTE WAY, WEST PALM BEACH, 33401",26.697832617673,-80.052719711349,Exact/L,census,2026-08-24T03:02:29.698Z
"316 W MANGO ST STE B, LANTANA, 33462",26.583630459767,-80.052816913306,Non_Exact/L,census,2026-08-24T03:02:29.698Z
"316 W MANGO ST, LANTANA, 33462",26.583630459767,-80.052816913306,Exact/L,census,2026-08-24T03:02:29.698Z
"3165 FOREST HILL BLVD, WEST PALM BEACH, 33406",26.651037177254,-80.090766040206,Exact/R,census,2026-08-24T03:02:29.698Z
"317 W AVE A, BELLE GLADE, 33430",26.685815529008,-80.671047088604,Exact/R,census,2026-08-24T03:02:29.698Z
"3174 LAKE WORTH RD, PALM SPRINGS, 33461",26.617538993679,-80.092124974329,Exact/L,census,2026-08-24T03:02:29.698Z
"3176 NORTHLAKE BLVD, PALM BEACH GARDENS, 33403",26.808305675963,-80.085160070761,Exact/L,census,2026-08-24T03:02:29.698Z
"318 S US HWY 1 106, JUPITER, 33477",26.931275935114,-80.079606638472,Exact/R,census,2026-08-24T03:02:29.698Z
"318 US 1, JUPITER, 33477",26.931275935114,-80.079606638472,Exact/R,census,2026-08-24T03:02:29.698Z
"3186 NORTHLAKE BLVD, PALM BEACH GARDENS, 33403",26.808310821583,-80.085344884134,Exact/L,census,2026-08-24T03:02:29.698Z
"319 BELVEDERE RD STE 2, WEST PALM BEACH, 33405",26.690335690908,-80.05303008804,Exact/R,census,2026-08-24T03:02:29.698Z
"319 CLEMATIS ST STE 100, WEST PALM BEACH, 33401",26.713384718978,-80.052232612958,Exact/R,census,2026-08-24T03:02:29.698Z
"32 E ATLANTIC AVE, DELRAY BEACH, 33444",26.461578871216,-80.072761198841,Exact/R,census,2026-08-24T03:02:29.698Z
"32 SE 2 AVE, DELRAY BEACH, 33483",26.461051388331,-80.071135690114,Non_Exact/R,census,2026-08-24T03:02:29.698Z
"32 SE 2ND AVE STE E, DELRAY BEACH, 33444",26.461051388331,-80.071135690114,Non_Exact/R,census,2026-08-24T03:02:29.698Z
"320 N CONGRESS AVE STE D, BOYNTON BEACH, 33426",26.528341778701,-80.090436254108,Non_Exact/L,census,2026-08-24T03:02:29.698Z
"320 N CONGRESS AVE UNIT A, BOYNTON BEACH, 33426",26.528341778701,-80.090436254108,Non_Exact/L,census,2026-08-24T03:02:29.698Z
"320 NORTHLAKE BLVD, NORTH PALM BEACH, 33408",26.807265754581,-80.057679953743,Exact/L,census,2026-08-24T03:02:29.698Z
"3200 AIRPORT RD, BOCA RATON, 33431",26.373179287698,-80.116112656564,Exact/R,census,2026-08-24T03:02:29.698Z
"3200 N FEDERAL HWY STE 106, BOCA RATON, 33431",26.379863042229,-80.076381045806,Exact/R,census,2026-08-24T03:02:29.698Z
"3200 N OCEAN DR, RIVIERA BEACH, 33404",26.788510213671,-80.034730251493,Exact/R,census,2026-08-24T03:02:29.698Z
"3200 OLD BOYNTON RD, BOYNTON BEACH, 33436",26.531747097855,-80.095468956976,Exact/R,census,2026-08-24T03:02:29.698Z
"321 E WOOLBRIGHT RD, BOYNTON BEACH, 33435",26.514606883569,-80.0609849936,Exact/L,census,2026-08-24T03:02:29.698Z
"3210 LANTANA RD, LANTANA, 33462",26.58808226645,-80.093047888922,Non_Exact/L,census,2026-08-24T03:02:29.698Z
"322 CENTER ST, JUPITER, 33458",26.941419722007,-80.098103374694,Exact/L,census,2026-08-24T03:02:29.698Z
"323 E PALMETTO PARK RD, BOCA RATON, 33432",26.350609987727,-80.081136993017,Exact/L,census,2026-08-24T03:02:29.698Z
"3231 S DIXIE HWY, WEST PALM BEACH, 33405",26.68346967102,-80.054608138992,Exact/R,census,2026-08-24T03:02:29.698Z
"3238 CASSEEKEY ISLAND RD, JUPITER, 33477",26.917665525985,-80.082994586596,Exact/R,census,2026-08-24T03:02:29.698Z
"324 N FEDERAL HWY CU-7, BOYNTON BEACH, 33435",26.529131406251,-80.058071062005,Non_Exact/R,census,2026-08-24T03:02:29.698Z
"324 NE 3 AVE 1, DELRAY BEACH, 33444",26.467717523695,-80.070270662753,Exact/L,census,2026-08-24T03:02:29.698Z
"324 NE 3RD AVE, DELRAY BEACH, 33444",26.467717523695,-80.070270662753,Exact/L,census,2026-08-24T03:02:29.698Z
"3240 OLD BOYNTON RD, BOYNTON BEACH, 33436",26.531748507708,-80.095872524812,Exact/R,census,2026-08-24T03:02:29.698Z
"3244 S DIXIE HWY, WEST PALM BEACH, 33405",26.682534003691,-80.054503051308,Exact/L,census,2026-08-24T03:02:29.698Z
"3246 LANTANA RD, LANTANA, 33462",26.588036543506,-80.091333280066,Non_Exact/L,census,2026-08-24T03:02:29.698Z
"3246 S DIXIE HWY, WEST PALM BEACH, 33405",26.682525230045,-80.0545032653,Exact/L,census,2026-08-24T03:02:29.698Z
"3249 N FEDERAL HWY, BOCA RATON, 33431",26.380224682702,-80.076513132318,Exact/L,census,2026-08-24T03:02:29.698Z
"325 FERN ST, WEST PALM BEACH, 33401",26.710381262046,-80.052405215534,Exact/R,census,2026-08-24T03:02:29.698Z
"325 N SAPODILLA AVE, WEST PALM BEACH, 33401",26.71566180441,-80.058692405938,Exact/L,census,2026-08-24T03:02:29.698Z
"325 NE 2 AVE STE 104, DELRAY BEACH, 33444",26.467523349832,-80.071146564817,Exact/R,census,2026-08-24T03:02:29.698Z
"325 NE 3 AVE STE C, DELRAY BEACH, 33444",26.467664814894,-80.070141495129,Non_Exact/R,census,2026-08-24T03:02:29.698Z
"325 S DIXIE HWY STE 12, LAKE WORTH, 33460",26.611925252417,-80.057551792236,Exact/R,census,2026-08-24T03:02:29.698Z
"326 HIBISCUS ST, JUPITER, 33458",26.934935767709,-80.098225635793,Exact/R,census,2026-08-24T03:02:29.698Z
"326 N CONGRESS AVE, BOYNTON BEACH, 33426",26.527742303803,-80.090425798168,Exact/L,census,2026-08-24T03:02:29.698Z
"326 PERUVIAN AVE SUITE 4, PALM BEACH, 33480",26.70165682495,-80.039423833912,Exact/L,census,2026-08-24T03:02:29.698Z
"327 HIBISCUS ST, WEST PALM BEACH, 33401",26.708561565729,-80.052485926159,Exact/R,census,2026-08-24T03:02:29.698Z
"3273 LAKE WORTH RD STE E, PALM SPRINGS, 33461",26.617729040137,-80.094196849702,Non_Exact/R,census,2026-08-24T03:02:29.698Z
"3276 S CONGRESS AVE, PALM SPRINGS, 33461",26.627566631208,-80.08868091435,Exact/L,census,2026-08-24T03:02:29.698Z
"3277 LAKE WORTH RD UNIT H, PALM SPRINGS, 33461",26.617732394272,-80.094364413589,Non_Exact/R,census,2026-08-24T03:02:29.698Z
"328 FERN ST, WEST PALM BEACH, 33401",26.710268417768,-80.052470782514,Exact/L,census,2026-08-24T03:02:29.698Z
"329 B CLEMATIS ST, WEST PALM BEACH, 33401",26.713388952351,-80.052387130951,Non_Exact/R,census,2026-08-24T03:02:29.698Z
"329 PLAZA REAL, BOCA RATON, 33432",26.354544453775,-80.086197522282,Exact/R,census,2026-08-24T03:02:29.698Z
"329 WORTH AVE STE 5, PALM BEACH, 33480",26.700952882716,-80.039845070754,Exact/R,census,2026-08-24T03:02:29.698Z
"33 SE 3 AVE STE 105, DELRAY BEACH, 33483",26.461024445084,-80.069816697746,Exact/L,census,2026-08-24T03:02:29.698Z
"33 SE 3 AVE UNIT 101, DELRAY BEACH, 33483",26.461024445084,-80.069816697746,Exact/L,census,2026-08-24T03:02:29.698Z
"33 SE 3 AVE UNIT 102, DELRAY BEACH, 33483",26.461024445084,-80.069816697746,Exact/L,census,2026-08-24T03:02:29.698Z
"330 CLEMATIS ST, WEST PALM BEACH, 33401",26.713275261495,-80.052421967268,Exact/L,census,2026-08-24T03:02:29.698Z
"330 N DIXIE HWY, LAKE WORTH BEACH, 33460",26.61946253625,-80.057161137903,Exact/R,census,2026-08-24T03:02:29.698Z
"330 SOUTHERN BLVD, WEST PALM BEACH, 33405",26.675621914246,-80.053148549613,Exact/L,census,2026-08-24T03:02:29.698Z
"3300 W CANAL STREET N, BELLE GLADE, 33430",26.7038771,-80.7088746,google:ROOFTOP,google,2026-08-24T12:15:59.167Z
"3301 GUN CLUB DR BLDG B1, WEST PALM BEACH, 33406",26.67321593009,-80.092885489355,Non_Exact/R,census,2026-08-24T03:02:29.698Z
"3301 NORTHLAKE BLVD, PALM BEACH GARDENS, 33410",26.808496161554,-80.087664403802,Non_Exact/R,census,2026-08-24T03:02:29.698Z
"3301 S DIXIE HWY, WEST PALM BEACH, 33405",26.682554047669,-80.054630841766,Exact/R,census,2026-08-24T03:02:29.698Z
"3301 W BOYNTON BEACH BLVD 6&7, BOYNTON BEACH, 33436",26.527640244075,-80.093736705568,Non_Exact/L,census,2026-08-24T03:02:29.698Z
"3309 PRESIDENT BARACK OBAMA HWY, RIVIERA BEACH, 33404",26.789163675356,-80.069797866184,Exact/L,census,2026-08-24T03:02:29.698Z
"331 N DIXIE HWY, LAKE WORTH BEACH, 33460",26.61946594958,-80.057289258552,Exact/L,census,2026-08-24T03:02:29.698Z
"331 S COUNTY RD, PALM BEACH, 33480",26.704372779849,-80.036401782894,Exact/L,census,2026-08-24T03:02:29.698Z
"332 BANYAN BLVD, WEST PALM BEACH, 33401",26.714299034815,-80.052419412112,Exact/L,census,2026-08-24T03:02:29.698Z
"332 N DIXIE HWY, LAKE WORTH, 33460",26.6194849946,-80.057160389291,Exact/R,census,2026-08-24T03:02:29.698Z
"332 NORTH DIXIE HIGHWAY, LAKE WORTH, 33460",26.6194849946,-80.057160389291,Exact/R,census,2026-08-24T03:02:29.698Z
"3320 AIRPORT RD, BOCA RATON, 33431",26.375308908138,-80.115189983415,Exact/R,census,2026-08-24T03:02:29.698Z
"333 NE 3 AVE, DELRAY BEACH, 33444",26.467825911174,-80.070144967027,Exact/R,census,2026-08-24T03:02:29.698Z
"333 SW 4 AVE, BOCA RATON, 33432",26.346473550723,-80.0939485546,Exact/R,census,2026-08-24T03:02:29.698Z
"3330 S CONGRESS AVE, LAKE WORTH, 33461",26.626905681333,-80.08870644462,Exact/L,census,2026-08-24T03:02:29.698Z
"3331 NORTHLAKE BLVD STE2, PALM BEACH GARDENS, 33403",26.808514666283,-80.088257795477,Exact/R,census,2026-08-24T03:02:29.698Z
"3333 NORTHLAKE BLVD 3, PALM BEACH GARDENS, 33403",26.808515386265,-80.088279169943,Exact/R,census,2026-08-24T03:02:29.698Z
"3333 NORTHLAKE BLVD STE 7, PALM BEACH GARDENS, 33403",26.808515386265,-80.088279169943,Exact/R,census,2026-08-24T03:02:29.698Z
"3333 NORTHLAKE BLVD STE 8, PALM BEACH GARDENS, 33403",26.808515386265,-80.088279169943,Exact/R,census,2026-08-24T03:02:29.698Z
"3335 NORTHLAKE BLVD STE 10, PALM BEACH GARDENS, 33403",26.808516106248,-80.088300544408,Exact/R,census,2026-08-24T03:02:29.698Z
"3335 NORTHLAKE BLVD STE 9, PALM BEACH GARDENS, 33403",26.808516106248,-80.088300544408,Exact/R,census,2026-08-24T03:02:29.698Z
"3342 SHAWNEE AVE, WEST PALM BEACH, 33409",26.70592657785,-80.091742225585,Exact/R,census,2026-08-24T03:02:29.698Z
"3349 S CONGRESS AVE, PALM SPRINGS, 33461",26.627667105304,-80.088805297932,Exact/R,census,2026-08-24T03:02:29.698Z
"335 E LINTON BLVD STE B13, DELRAY BEACH, 33483",26.439795064919,-80.070414190215,Exact/L,census,2026-08-24T03:02:29.698Z
"335 E LINTON BLVD, DELRAY BEACH, 33483",26.439795064919,-80.070414190215,Exact/L,census,2026-08-24T03:02:29.698Z
"3350 NW 2 AVE, BOCA RATON, 33431",26.380348059744,-80.085620148023,Exact/R,census,2026-08-24T03:02:29.698Z
"3355 LAKE WORTH RD, PALM SPRINGS, 33461",26.617770449269,-80.09534263167,Exact/R,census,2026-08-24T03:02:29.698Z
"3358 S MILITARY TRL STE A, LAKE WORTH, 33463",26.62783962929,-80.113025759265,Non_Exact/L,census,2026-08-24T03:02:29.698Z
"3360 BURNS RD, PALM BEACH GARDENS, 33410",26.830626187392,-80.08747445392,Exact/L,census,2026-08-24T03:02:29.698Z
"3360 N FEDERAL HWY, BOCA RATON, 33431",26.380833498344,-80.076392232593,Exact/R,census,2026-08-24T03:02:29.698Z
"3365 S MILITARY TRAIL, LAKE WORTH, 33463",26.627817507287,-80.113309137188,Exact/R,census,2026-08-24T03:02:29.698Z
"337 EAST INDIANTOWN RD, JUPITER, 33477",26.934051744599,-80.087875282691,Exact/R,census,2026-08-24T03:02:29.698Z
"3370 GRANDE CORNICHE, PALM BEACH GARDENS, 33410",26.862134663831,-80.08559705796,Exact/R,census,2026-08-24T03:02:29.698Z
"34 FISHERMANS WHARF, JUPITER, 33477",26.934324744122,-80.086822585578,Non_Exact/L,census,2026-08-24T03:02:29.698Z
"34 S OCEAN BLVD, DELRAY BEACH, 33483",26.461026571442,-80.058480055155,Exact/R,census,2026-08-24T03:02:29.698Z
"340 CLEMATIS ST, WEST PALM BEACH, 33401",26.713279494868,-80.052576485261,Exact/L,census,2026-08-24T03:02:29.698Z
"340 ROYAL POINCIANA WAY 336, PALM BEACH, 33480",26.718094951271,-80.043334733621,Exact/L,census,2026-08-24T03:02:29.698Z
"340 ROYAL POINCIANA WAY STE M337, PALM BEACH, 33480",26.718094951271,-80.043334733621,Exact/L,census,2026-08-24T03:02:29.698Z
"340 ROYAL POINCIANA WAY SUITE 304, PALM BEACH, 33480",26.718094951271,-80.043334733621,Non_Exact/L,census,2026-08-24T03:02:29.698Z
"340 SEAVIEW AVE, PALM BEACH, 33480",26.707027524474,-80.039645286879,Exact/L,census,2026-08-24T03:02:29.698Z
"3400 120 AVE S, WELLINGTON, 33414",26.630606425367,-80.236508188112,Exact/L,census,2026-08-24T03:02:29.698Z
"3400 AIRPORT RD, BOCA RATON, 33431",26.376642225458,-80.114365330336,Exact/R,census,2026-08-24T03:02:29.698Z
"3400 N FEDERAL HWY, BOCA RATON, 33431",26.381076112372,-80.07639502929,Exact/R,census,2026-08-24T03:02:29.698Z
"3400 S DIXIE HWY, WEST PALM BEACH, 33405",26.681353987724,-80.054530289536,Exact/L,census,2026-08-24T03:02:29.698Z
"341 E YAMATO RD UNIT B, BOCA RATON, 33431",26.3949841,-80.078338,google:ROOFTOP,google,2026-08-24T12:15:59.167Z
"341 SE 2 AVE STE 7, DELRAY BEACH, 33483",26.455420534614,-80.070885316154,Exact/L,census,2026-08-24T03:02:29.698Z
"3410 120 AVE S, WELLINGTON, 33414",26.630471932431,-80.236508188116,Exact/L,census,2026-08-24T03:02:29.698Z
"3435 SOUTH MILITARY TRAIL, LAKE WORTH, 33463",26.626832788654,-80.113348647135,Exact/R,census,2026-08-24T03:02:29.698Z
"3438 LAKE WORTH RD, PALM SPRINGS, 33461",26.617691928017,-80.096313183953,Exact/L,census,2026-08-24T03:02:29.698Z
"344 N CONGRESS AVE, BOYNTON BEACH, 33426",26.528597713011,-80.090440733649,Exact/L,census,2026-08-24T03:02:29.698Z
"344 PLAZA REAL, BOCA RATON, 33432",26.353873547388,-80.084963506456,Non_Exact/R,census,2026-08-24T03:02:29.698Z
"3441 W WOOLBRIGHT RD, BOYNTON BEACH, 33436",26.513392904773,-80.101479451456,Exact/L,census,2026-08-24T03:02:29.698Z
"3458 NW FEDERAL HWY, JENSEN BEACH, 34957",27.240600870049,-80.270627912291,Exact/R,census,2026-08-24T03:02:29.698Z
"3469 W BOYNTON BEACH BLVD STE 1, BOYNTON BEACH, 33436",26.52750640947,-80.097751746278,Exact/L,census,2026-08-24T03:02:29.698Z
"347 E YAMATO RD, BOCA RATON, 33431",26.3953282,-80.07813569999999,google:ROOFTOP,google,2026-08-24T12:15:59.167Z
"3485 LAKE WORTH RD 1, LAKE WORTH, 33461",26.617831394933,-80.096978005921,Exact/R,census,2026-08-24T03:02:29.698Z
"3485 LAKEWORTH RD, LAKE WORTH, 33461",26.617831394933,-80.096978005921,Non_Exact/R,census,2026-08-24T03:02:29.698Z
"3493 S CONGRESS AVE, PALM SPRINGS, 33461",26.625166058285,-80.088901882122,Exact/R,census,2026-08-24T03:02:29.698Z
"3495 S CONGRESS AVE, PALM SPRINGS, 33461",26.62513132203,-80.088903271573,Exact/R,census,2026-08-24T03:02:29.698Z
"3499 S CONGRESS AVE, PALM SPRINGS, 33461",26.625061849518,-80.088906050475,Exact/R,census,2026-08-24T03:02:29.698Z
"350 MAPLEWOOD DR, JUPITER, 33458",26.932487285669,-80.125105205372,Exact/R,census,2026-08-24T03:02:29.698Z
"350 NE 5 AVE, DELRAY BEACH, 33483",26.468195277814,-80.068239972285,Exact/L,census,2026-08-24T03:02:29.698Z
"350 S COUNTY RD, PALM BEACH, 33480",26.702886336493,-80.036661865451,Exact/R,census,2026-08-24T03:02:29.698Z
"3500 CLUBHOUSE LANE, BOYNTON BEACH, 33436",26.4916069,-80.1028599,google:ROOFTOP,google,2026-08-24T12:15:59.167Z
"3500 CLUBHOUSE LN, BOYNTON BEACH, 33436",26.4916069,-80.1028599,google:ROOFTOP,google,2026-08-24T12:15:59.167Z
"3501 S CONGRESS AVE, PALM SPRINGS, 33461",26.625027113262,-80.088907439927,Exact/R,census,2026-08-24T03:02:29.698Z
"3501 S DIXIE HWY, WEST PALM BEACH, 33405",26.680376131083,-80.054684929221,Exact/R,census,2026-08-24T03:02:29.698Z
"3501 W BOYNTON BEACH BLVD, BOYNTON BEACH, 33436",26.527478602944,-80.098596329667,Exact/L,census,2026-08-24T03:02:29.698Z
"3505 KYOTO GARDENS DRIVE, PALM BEACH GARDENS, 33410",26.847686784654,-80.089805232502,Exact/R,census,2026-08-24T03:02:29.698Z
"3505 SUMMIT BLVD, WEST PALM BEACH, 33406",26.664512039049,-80.096437688803,Exact/R,census,2026-08-24T03:02:29.698Z
"351 PLAZA REAL, BOCA RATON, 33432",26.354548040767,-80.085970644697,Exact/R,census,2026-08-24T03:02:29.698Z
"351 S US HWY 1, JUPITER, 33477",26.93078063292,-80.078939229039,Exact/R,census,2026-08-24T03:02:29.698Z
"3515 S DIXIE HWY, WEST PALM BEACH, 33405",26.680293496897,-80.054687075565,Exact/R,census,2026-08-24T03:02:29.698Z
"3518 BROADWAY BLVD UNIT E, RIVIERA BEACH, 33404",26.79102932345,-80.054257150094,Non_Exact/R,census,2026-08-24T03:02:29.698Z
"352 TALL PINE RD UNIT F, WEST PALM BEACH, 33413",26.682431674816,-80.149299438679,Non_Exact/L,census,2026-08-24T03:02:29.698Z
"352 TALL PINES RD STE F, WEST PALM BEACH, 33413",26.682431674816,-80.149299438679,Non_Exact/L,census,2026-08-24T03:02:29.698Z
"353 N FEDERAL HWY, BOCA RATON, 33432",26.353643590126,-80.086535088024,Exact/L,census,2026-08-24T03:02:29.698Z
"353 NW 20 ST 3, BOCA RATON, 33431",26.369234210646,-80.092529752164,Exact/R,census,2026-08-24T03:02:29.698Z
"353 S US HWY 1 BLDG R, JUPITER, 33477",26.930676497335,-80.078883341632,Non_Exact/R,census,2026-08-24T03:02:29.698Z
"3533 NORTH LAKE BLVD, WEST PALM BEACH, 33403",26.8091103,-80.0904608,google:ROOFTOP,google,2026-08-24T12:15:59.167Z
"3536 VIA POINCIANA DR, LAKE WORTH, 33467",26.624118777123,-80.152981734562,Exact/R,census,2026-08-24T03:02:29.698Z
"3539 NORTHLAKE BLVD, PALM BEACH GARDENS, 33403",26.8091813,-80.0907393,google:ROOFTOP,google,2026-08-24T12:15:59.167Z
"3551 BROADWAY, RIVIERA BEACH, 33404",26.790877407561,-80.054400986262,Exact/L,census,2026-08-24T03:02:29.698Z
"3551 N FEDERAL HWY, BOCA RATON, 33431",26.382507449071,-80.076539446564,Exact/L,census,2026-08-24T03:02:29.698Z
"356 WORTH AVE, PALM BEACH, 33480",26.701095429637,-80.041665208056,Exact/L,census,2026-08-24T03:02:29.698Z
"357 CYPRESS DR STE 14, TEQUESTA, 33469",26.957320313322,-80.089210062444,Exact/R,census,2026-08-24T03:02:29.698Z
"3571 N FEDERAL HWY, BOCA RATON, 33431",26.382658625651,-80.07654118923,Exact/L,census,2026-08-24T03:02:29.698Z
"3585 S CONGRESS AVE, LAKE WORTH, 33461",26.62278231436,-80.088993805527,Exact/R,census,2026-08-24T03:02:29.698Z
"3585 S CONGRESS AVE, PALM SPRINGS, 33461",26.62278231436,-80.088993805527,Exact/R,census,2026-08-24T03:02:29.698Z
"3585 S CONGRESS, PALM SPRINGS, 33461",26.62278231436,-80.088993805527,Non_Exact/R,census,2026-08-24T03:02:29.698Z
"360 LINTON BLVD, DELRAY BEACH, 33444",26.439662854628,-80.076747265552,Exact/L,census,2026-08-24T03:02:29.698Z
"360 N CONGRESS AVE, BOYNTON BEACH, 33426",26.52892332536,-80.090446453857,Exact/L,census,2026-08-24T03:02:29.698Z
"360 S CONGRESS AVE STE B, WEST PALM BEACH, 33406",26.67134215698,-80.087754926686,Non_Exact/L,census,2026-08-24T03:02:29.698Z
"3600 HAMLET DR, DELRAY BEACH, 33445",26.451271393073,-80.112959310071,Exact/L,census,2026-08-24T03:02:29.698Z
"3613 S MILITARY TRL BAY A, LAKE WORTH, 33463",26.624087707705,-80.113447406707,Non_Exact/R,census,2026-08-24T03:02:29.698Z
"3613 S MILITARY TRL STE CD, LAKE WORTH, 33461",26.624087707705,-80.113447406707,Non_Exact/R,census,2026-08-24T03:02:29.698Z
"3613 S MILITARY TRL, LAKE WORTH, 33463",26.624087707705,-80.113447406707,Exact/R,census,2026-08-24T03:02:29.698Z
"363 COCOANUT ROW, TOWN O F PALM BEACH, 33480",26.703341118361,-80.040989618497,Non_Exact/L,census,2026-08-24T03:02:29.698Z
"363 S COUNTY RD STE A, PALM BEACH, 33480",26.702851292849,-80.036534398639,Non_Exact/L,census,2026-08-24T03:02:29.698Z
"3630 CLUB PL, BOCA RATON, 33496",26.401219450086,-80.158837572642,Exact/R,census,2026-08-24T03:02:29.698Z
"364 E PALMETTO PARK RD, BOCA RATON, 33432",26.350506246634,-80.080325881224,Exact/R,census,2026-08-24T03:02:29.698Z
"365 N CONGRESS AVE, BOYNTON BEACH, 33426",26.529134349438,-80.090578256737,Exact/R,census,2026-08-24T03:02:29.698Z
"3650 CLUB PL, BOCA RATON, 33496",26.401219450101,-80.15951412326,Exact/R,census,2026-08-24T03:02:29.698Z
"3650 CLUB PLACE BLVD, BOCA RATON, 33496",26.401219450101,-80.15951412326,Non_Exact/R,census,2026-08-24T03:02:29.698Z
"366 S ROSEMARY AVE STE 101, WEST PALM BEACH, 33401",26.710797816478,-80.05703435394,Exact/L,census,2026-08-24T03:02:29.698Z
"3660 RCA BLVD, PALM BEACH GARDENS, 33410",26.837833308929,-80.09045613945,Exact/L,census,2026-08-24T03:02:29.698Z
"3667 120 AVE S, WELLINGTON, 33414",26.631269584855,-80.236635489965,Exact/R,census,2026-08-24T03:02:29.698Z
"367 TEQUESTA DR, TEQUESTA, 33469",26.9587754635,-80.093869626875,Exact/L,census,2026-08-24T03:02:29.698Z
"3671 S CONGRESS AVE, LAKE WORTH, 33461",26.622436834501,-80.089007265791,Exact/R,census,2026-08-24T03:02:29.698Z
"3676 COLLIN DR, WEST PALM BEACH, 33406",26.660832593366,-80.099637065026,Exact/L,census,2026-08-24T03:02:29.698Z
"3691 W BLUE HERON BLVD, WEST PALM BEACH, 33404",26.782967920975,-80.094492833054,Exact/L,census,2026-08-24T03:02:29.698Z
"37 SW 5 AVE, DELRAY BEACH, 33444",26.460942922212,-80.078105503021,Exact/L,census,2026-08-24T03:02:29.698Z
"370 US HWY 27 N, SOUTHBAY, 33493",26.668528863698,-80.718273990444,Non_Exact/R,census,2026-08-24T03:02:29.698Z
"3700 N OCEAN DR, RIVIERA BEACH, 33404",26.791078645888,-80.034603760473,Exact/R,census,2026-08-24T03:02:29.698Z
"3700 S DIXIE HWY, W PALM BEACH, 33405",26.678141581114,-80.054610591933,Exact/L,census,2026-08-24T03:02:29.698Z
"3715 GOLF RD, BOYNTON BEACH, 33436",26.506575071465,-80.099731527332,Exact/L,census,2026-08-24T03:02:29.698Z
"3715 S DIXIE HWY, WEST PALM BEACH, 33405",26.677804692665,-80.054746886039,Exact/R,census,2026-08-24T03:02:29.698Z
"3715 W WOOLBRIGHT ROAD, BOYNTON BEACH, 33436",26.511889672273,-80.121117131957,Non_Exact/L,census,2026-08-24T03:02:29.698Z
"3725 LAKE WORTH RD, LAKE WORTH, 33461",26.617968587079,-80.100634010363,Exact/R,census,2026-08-24T03:02:29.698Z
"3731 LAKE WORTH RD, PALM SPRING, 33461",26.617971948461,-80.100725607944,Exact/R,census,2026-08-24T03:02:29.698Z
"3741 W BLUE HERON BLVD, RIVIERA BEACH, 33404",26.78299271334,-80.095334257181,Exact/L,census,2026-08-24T03:02:29.698Z
"3745 S MILITARY TRAIL, GREENACRES, 33463",26.6221896515,-80.113531781986,Exact/R,census,2026-08-24T03:02:29.698Z
"375 S COUNTY RD UNIT 101, PALM BEACH, 33480",26.702435906769,-80.036498244516,Exact/L,census,2026-08-24T03:02:29.698Z
"375-381 TEQUESTA DR, TEQUESTA, 33469",26.958782052054,-80.094642132745,Non_Exact/L,census,2026-08-24T03:02:29.698Z
"3751 S MILITARY TRL, LAKE WORTH, 33463",26.622027881084,-80.113539428866,Exact/R,census,2026-08-24T03:02:29.698Z
"3755 MILITARY TRAIL B8, JUPITER, 33458",26.910955933023,-80.102387692086,Non_Exact/L,census,2026-08-24T03:02:29.698Z
"3755 MILITARY TRAIL, JUPITER, 33458",26.910955933023,-80.102387692086,Exact/L,census,2026-08-24T03:02:29.698Z
"3755 MILITARY TRL A11, JUPITER, 33458",26.910955933023,-80.102387692086,Exact/L,census,2026-08-24T03:02:29.698Z
"3755 MILITARY TRL, JUPITER, 33458",26.910955933023,-80.102387692086,Exact/L,census,2026-08-24T03:02:29.698Z
"3792 10 AVE N, PALM SPRINGS, 33461",26.628973213909,-80.101561278818,Exact/L,census,2026-08-24T03:02:29.698Z
"3796 S CONGRESS AVE, LAKE WORTH, 33461",26.620008315398,-80.088974112538,Exact/L,census,2026-08-24T03:02:29.698Z
"380 S COUNTY RD, PALM BEACH, 33480",26.702081501069,-80.03655736235,Exact/R,census,2026-08-24T03:02:29.698Z
"380 TRINITY PLACE, WEST PALM BEACH, 33401",26.706971295468,-80.053356159572,Exact/L,census,2026-08-24T03:02:29.698Z
"3800 N OCEAN DR, SINGER ISLAND, 33404",26.792383626431,-80.034536240153,Exact/R,census,2026-08-24T03:02:29.698Z
"3800 NORTH OCEAN DRIVE, RIVIERA BEACH, 33404",26.792383626431,-80.034536240153,Exact/R,census,2026-08-24T03:02:29.698Z
"3800 NORTHLAKE BLVD, PALM BEACH GARDENS, 33410",26.808590560914,-80.09431247727,Non_Exact/L,census,2026-08-24T03:02:29.698Z
"3800 S DIXIE HWY, WEST PALM BEACH, 33405",26.677052456032,-80.054637739272,Exact/L,census,2026-08-24T03:02:29.698Z
"3801 10 AVE N, PALM SPRINGS, 33461",26.629115079693,-80.102329242707,Exact/R,census,2026-08-24T03:02:29.698Z
"3801 PGA BLVD STE 103, PALM BEACH GARDENS, 33410",26.8453145,-80.0931992,google:ROOFTOP,google,2026-08-24T12:15:59.167Z
"3802 NORTHLAKE BLVD, PALM BEACH GARDENS, 33403",26.808591590374,-80.094349623599,Exact/L,census,2026-08-24T03:02:29.698Z
"3805 FAIRCHILD AVE, PALM BEACH GARDENS, 33410",26.841611433159,-80.09092620516,Exact/L,census,2026-08-24T03:02:29.698Z
"3805 NORTHLAKE BLVD, PALM BEACH GARDENS, 33403",26.808707156027,-80.094382785162,Exact/R,census,2026-08-24T03:02:29.698Z
"3815 S DIXIE HWY, WEST PALM BEACH, 33405",26.677012762596,-80.054767061986,Exact/R,census,2026-08-24T03:02:29.698Z
"3822 S JOG RD, GREEN ACRES, 33467",26.622386100323,-80.146483760671,Non_Exact/L,census,2026-08-24T03:02:29.698Z
"3824 SOUTH JOG RD, GREENACRES, 33467",26.622296253461,-80.146488191896,Non_Exact/L,census,2026-08-24T03:02:29.698Z
"383 TEQUESTA DR, TEQUESTA, 33469",26.958782993276,-80.094752490727,Exact/L,census,2026-08-24T03:02:29.698Z
"3837 W WOOLBRIGHT RD, BOYNTON BEACH, 33436",26.511858117744,-80.122380934419,Non_Exact/L,census,2026-08-24T03:02:29.698Z
"384 TEQUESTA DR, TEQUESTA, 33469",26.958670080446,-80.094949912793,Exact/R,census,2026-08-24T03:02:29.698Z
"3841 W WOOLBRIGHT RD, BOYNTON BEACH, 33436",26.511857436666,-80.12242248022,Non_Exact/L,census,2026-08-24T03:02:29.698Z
"3854 S MILITARY TRL, LAKE WORTH, 33463",26.620470431779,-80.113317202919,Exact/L,census,2026-08-24T03:02:29.698Z
"386 SE 2 AVE UNIT C, DELRAY BEACH, 33483",26.45461021909,-80.070996796076,Non_Exact/R,census,2026-08-24T03:02:29.698Z
"3861 W WOOLBRIGHT RD, BOYNTON BEACH, 33436",26.511854031277,-80.122630209221,Non_Exact/L,census,2026-08-24T03:02:29.698Z
"388 NORTHLAKE BLVD, NORTH PALM BEACH, 33408",26.807265754616,-80.059190502891,Exact/L,census,2026-08-24T03:02:29.698Z
"3881 CONGRESS AVENUE, PALM SPRINGS, 33461",26.618865374499,-80.089135904583,Non_Exact/R,census,2026-08-24T03:02:29.698Z
"3881 S CONGRESS AVE, LAKE WORTH, 33461",26.618865374499,-80.089135904583,Exact/R,census,2026-08-24T03:02:29.698Z
"3887 JOG RD, GEENACRES, 33467",26.62042898883,-80.146708591271,Non_Exact/R,census,2026-08-24T03:02:29.698Z
"389 WINCHESTER PARK BLVD, BOYNTON BEACH, 33436",26.531458717425,-80.093450868233,Exact/R,census,2026-08-24T03:02:29.698Z
"3896 NORTHLAKE BLVD, PALM BEACH GARDENS, 33403",26.808639975011,-80.096095501055,Exact/L,census,2026-08-24T03:02:29.698Z
"3897 JOG RD BAY 66, LAKE WORTH, 33467",26.620299344029,-80.14671498532,Exact/R,census,2026-08-24T03:02:29.698Z
"3897 N HAVERHILL RD STE 124, WEST PALM BEACH, 33417",26.734371456795,-80.118378541628,Non_Exact/L,census,2026-08-24T03:02:29.698Z
"3897 N HAVERHILL RD STE 126, WEST PALM BEACH, 33417",26.734371456795,-80.118378541628,Non_Exact/L,census,2026-08-24T03:02:29.698Z
"3897 N HAVERHILL RD, WEST PALM BEACH, 33417",26.734371456795,-80.118378541628,Non_Exact/L,census,2026-08-24T03:02:29.698Z
"39 SE 1 AVE, BOCA RATON, 33432",26.349237108008,-80.085705346905,Exact/R,census,2026-08-24T03:02:29.698Z
"390 E PALMETTO PARK RD, BOCA RATON, 33432",26.350512955558,-80.079824947419,Exact/R,census,2026-08-24T03:02:29.698Z
"390 N CONGRESS AVE UNIT B, BOYNTON BEACH, 33426",26.529533848515,-80.090457179246,Non_Exact/L,census,2026-08-24T03:02:29.698Z
"3900 E INDIANTOWN RD STE 603, JUPITER, 33477",26.933949723656,-80.088856585014,Exact/L,census,2026-08-24T03:02:29.698Z
"3900 INDIANTOWN RD BAY 601, JUPITER, 33477",26.933949723656,-80.088856585014,Non_Exact/L,census,2026-08-24T03:02:29.698Z
"3900 NORTHLAKE BLVD, PALM BEACH GARDENS, 33403",26.808645203043,-80.096261645509,Exact/L,census,2026-08-24T03:02:29.698Z
"3900 S CONGRESS AVE, LAKE WORTH, 33461",26.619318095403,-80.088999038816,Exact/L,census,2026-08-24T03:02:29.698Z
"3900 S DIXIE HWY, WEST PALM BEACH, 33405",26.676377521962,-80.054655662608,Exact/L,census,2026-08-24T03:02:29.698Z
"3900 S STATE RD 7, LAKE WORTH, 33449",26.618933960025,-80.204641220696,Non_Exact/L,census,2026-08-24T03:02:29.698Z
"3901 S JOG RD, GREENACRES, 33467",26.62024738254,-80.146717538095,Non_Exact/R,census,2026-08-24T03:02:29.698Z
"3908 NORTHLAKE BLVD, PALM BEACH GARDENS, 33403",26.808648309993,-80.096344756363,Exact/L,census,2026-08-24T03:02:29.698Z
"3919 S JOG RD SPACE 20A, LAKE WORTH, 33467",26.620014003717,-80.146728576289,Non_Exact/R,census,2026-08-24T03:02:29.698Z
"3921 10 AVE N, LAKE WORTH, 33461",26.629165217987,-80.10369642974,Exact/R,census,2026-08-24T03:02:29.698Z
"3927 HADJES DR, LAKE WORTH, 33467",26.620963613369,-80.170313135174,Exact/R,census,2026-08-24T03:02:29.698Z
"3929 S DIXIE HWY, WEST PALM BEACH, 33405",26.676216108642,-80.05478797188,Exact/R,census,2026-08-24T03:02:29.698Z
"3930 HYPOLUXO RD, BOYNTON BEACH, 33436",26.57193827984,-80.10384301439,Exact/L,census,2026-08-24T03:02:29.698Z
"3936 HYPOLUXO RD, BOYNTON BEACH, 33436",26.57193639575,-80.103952560894,Exact/L,census,2026-08-24T03:02:29.698Z
"3950 GEORGIA AVE, WEST PALM BEACH, 33405",26.676238712903,-80.058707023356,Exact/L,census,2026-08-24T03:02:29.698Z
"3950 RCA BLVD STE 5004, PALM BEACH GARDENS, 33410",26.83791992012,-80.095359270705,Exact/L,census,2026-08-24T03:02:29.698Z
"3951 N HAVERHILL RD STE 111, WEST PALM BEACH, 33417",26.735336769147,-80.118340499736,Non_Exact/L,census,2026-08-24T03:02:29.698Z
"3957 FLORIDA BLVD, PALM BEACH GARDENS, 33410",26.857011293248,-80.095370443409,Exact/R,census,2026-08-24T03:02:29.698Z
"3973 JOG RD, GREENACRES, 33467",26.619313867245,-80.14676169087,Exact/R,census,2026-08-24T03:02:29.698Z
"3974 LAKE WORTH RD, LAKE WORTH, 33461",26.617947405548,-80.104624437219,Exact/L,census,2026-08-24T03:02:29.698Z
"3974 NORTH LAKE BLVD, PALM BEACH GARDENS, 33403",26.8075415,-80.09660509999999,google:ROOFTOP,google,2026-08-24T12:15:59.167Z
"3976 NORTHLAKE BLVD, PALM BEACH GARDENS, 33403",26.8076098,-80.09660509999999,google:ROOFTOP,google,2026-08-24T12:15:59.167Z
"3979 S JOG RD, GREENACRES, 33467",26.619236074304,-80.146765370268,Non_Exact/R,census,2026-08-24T03:02:29.698Z
"398 N CONGRESS AVE STE 101, BOYNTON BEACH, 33426",26.52969665469,-80.09046003935,Exact/L,census,2026-08-24T03:02:29.698Z
"399 SE MIZNER BLVD, BOCA RATON, 33432",26.346257433573,-80.084514124974,Exact/R,census,2026-08-24T03:02:29.698Z
"4 - 8 E ATLANTIC AVE, DELRAY BEACH, 33444",26.461576906925,-80.072981199924,Non_Exact/R,census,2026-08-24T03:02:29.698Z
"40 NE 7 AVE STE 100, DELRAY BEACH, 33483",26.46239424864,-80.066105314297,Exact/L,census,2026-08-24T03:02:29.698Z
"40 NE 7 AVE STE 160, DELRAY BEACH, 33483",26.46239424864,-80.066105314297,Exact/L,census,2026-08-24T03:02:29.698Z
"40 S OCEAN BLVD, DELRAY BEACH, 33483",26.460909463897,-80.058501431932,Exact/R,census,2026-08-24T03:02:29.698Z
"400 AVE OF THE CHAMPIONS, PALM BEACH GARDENS, 33418",,,google:GEOMETRIC_CENTER-too-coarse,google,2026-08-24T12:15:59.167Z
"400 AVENUE OF THE CHAMPIONS, PALM BEACH GARDENS, 33418",,,google:GEOMETRIC_CENTER-too-coarse,google,2026-08-24T12:15:59.167Z
"400 BINKS FOREST DR, WELLINGTON, 33414",26.678595683278,-80.292901210894,Exact/L,census,2026-08-24T03:02:29.698Z
"400 CELESTIAL WAY, JUNO BEACH, 33408",26.872571318601,-80.052008885571,Exact/R,census,2026-08-24T03:02:29.698Z
"400 CLEMATIS STREET, WEST PALM BEACH, 33401",26.713307424179,-80.053600768015,Exact/L,census,2026-08-24T03:02:29.698Z
"400 S DIXIE HWY 16, LAKE WORTH, 33460",26.610983110031,-80.057455204412,Exact/L,census,2026-08-24T03:02:29.698Z
"400 S DIXIE HWY STE 11, LAKE WORTH, 33460",26.610983110031,-80.057455204412,Exact/L,census,2026-08-24T03:02:29.698Z
"400 US HWY 1, NORTH PALM BEACH, 33408",26.808784453143,-80.056029804503,Exact/R,census,2026-08-24T03:02:29.698Z
"4000 RCA BLVD, PALM BEACH GARDENS, 33410",26.8380468,-80.0993623,google:ROOFTOP,google,2026-08-24T12:15:59.167Z
"4001 RCA BLVD, PALM BEACH GARDENS, 33410",26.838043863058,-80.096046938527,Exact/R,census,2026-08-24T03:02:29.698Z
"4002 MORIKAMI PARK RD, DELRAY BEACH, 33446",26.427807378151,-80.15291359997,Exact/L,census,2026-08-24T03:02:29.698Z
"4003 BROADWAY, RIVIERA BEACH, 33407",26.748439620508,-80.056573212415,Exact/L,census,2026-08-24T03:02:29.698Z
"401 E LINTON BLVD, DELRAY BEACH, 33483",26.439797982452,-80.068904349705,Exact/L,census,2026-08-24T03:02:29.698Z
"401 MAPLEWOOD DR, JUPITER, 33458",26.930728178127,-80.124635867492,Exact/L,census,2026-08-24T03:02:29.698Z
"401 N DIXIE HWY, LAKE WORTH BEACH, 33460",26.620344086344,-80.057259973737,Exact/L,census,2026-08-24T03:02:29.698Z
"401 N DIXIE HWY, LAKE WORTH, 33460",26.620344086344,-80.057259973737,Exact/L,census,2026-08-24T03:02:29.698Z
"401 NORTHWOOD RD, WEST PALM BEACH, 33407",26.734995063314,-80.052922027424,Exact/R,census,2026-08-24T03:02:29.698Z
"401 S DIXIE HWY 3, WEST PALM BEACH, 33401",26.710300998313,-80.053676811762,Exact/R,census,2026-08-24T03:02:29.698Z
"401 S MANGONIA CIRCLE, WEST PALM BEACH, 33401",26.71647113753,-80.077014986166,Exact/L,census,2026-08-24T03:02:29.698Z
"401 S OCEAN BLVD, DELRAY BEACH, 33483",26.45427471209,-80.059210366862,Exact/L,census,2026-08-24T03:02:29.698Z
"401 SW DR MLK JR BLVD, BELLE GLADE, 33430",26.682298955892,-80.671929641034,Exact/L,census,2026-08-24T03:02:29.698Z
"401 W ATLANTIC AVE R-7, DELRAY BEACH, 33444",26.461680863909,-80.07722896533,Exact/R,census,2026-08-24T03:02:29.698Z
"401 W ATLANTIC AVE R11, DELRAY BEACH, 33444",26.461680863909,-80.07722896533,Non_Exact/R,census,2026-08-24T03:02:29.698Z
"4013 BROADWAY AVE STE A, WEST PALM BEACH, 33407",26.74852610249,-80.056577994543,Non_Exact/L,census,2026-08-24T03:02:29.698Z
"4013 BROADWAY STE B, WEST PALM BEACH, 33407",26.74852610249,-80.056577994543,Non_Exact/L,census,2026-08-24T03:02:29.698Z
"402 PLAZA REAL, BOCA RATON, 33432",26.354699693463,-80.085001728731,Non_Exact/R,census,2026-08-24T03:02:29.698Z
"4033 QUAIL RIDGE DR S, BOYNTON BEACH, 33436",26.5078311,-80.10708819999999,google:ROOFTOP,google,2026-08-24T12:15:59.167Z
"404 PLAZA REAL, BOCA RATON, 33432",26.354725642509,-80.085002908232,Non_Exact/R,census,2026-08-24T03:02:29.698Z
"404 W ATLANTIC AVE, DELRAY BEACH, 33444",26.46156595703,-80.077263985959,Exact/L,census,2026-08-24T03:02:29.698Z
"4047 HOOD RD, PALM BEACH GARDENS, 33410",26.864207261731,-80.096896459259,Exact/L,census,2026-08-24T03:02:29.698Z
"4047 OKEECHOBEE BLVD 101, WEST PALM BEACH, 33409",26.706874103273,-80.104200165478,Non_Exact/R,census,2026-08-24T03:02:29.698Z
"4049 N HAVERHILL RD, WEST PALM BEACH, 33417",26.736877894313,-80.118281252215,Non_Exact/L,census,2026-08-24T03:02:29.698Z
"405 FEDERAL HWY, LAKE PARK, 33403",26.795519477303,-80.05443727692,Exact/R,census,2026-08-24T03:02:29.698Z
"405 SE MIZNER BLVD RPP 68, BOCA RATON, 33432",26.346221414929,-80.084537126713,Non_Exact/R,census,2026-08-24T03:02:29.698Z
"4050 NORTH FLAGLER DRIVE, WEST PALM BEACH, 33407",26.747969276194,-80.05240566827,Exact/R,census,2026-08-24T03:02:29.698Z
"4050 S US 1 307, JUPITER, 33477",26.895202266617,-80.060811566409,Exact/R,census,2026-08-24T03:02:29.698Z
"4050 US HWY 1 316, JUPITER, 33477",26.895202266617,-80.060811566409,Exact/R,census,2026-08-24T03:02:29.698Z
"4050 US HWY 1 S, JUPITER, 33477",26.895202266617,-80.060811566409,Non_Exact/R,census,2026-08-24T03:02:29.698Z
"4050 US HWY 1 STE 309, JUPITER, 33477",26.895202266617,-80.060811566409,Exact/R,census,2026-08-24T03:02:29.698Z
"4050 US HWY 1 STE 310, JUPITER, 33477",26.895202266617,-80.060811566409,Exact/R,census,2026-08-24T03:02:29.698Z
"4057 W ATLANTIC AVE, DELRAY BEACH, 33445",26.457914820014,-80.107404436302,Exact/L,census,2026-08-24T03:02:29.698Z
"4064 FOREST HILL BLVD STE 3, PALM SPRINGS, 33406",26.651391031382,-80.104915434835,Exact/L,census,2026-08-24T03:02:29.698Z
"4064 FOREST HILL BLVD STE 4, PALM SPRINGS, 33406",26.651391031382,-80.104915434835,Exact/L,census,2026-08-24T03:02:29.698Z
"4064 FOREST HILL BLVD STE 7, WEST PALM BEACH, 33406",26.651391031382,-80.104915434835,Exact/L,census,2026-08-24T03:02:29.698Z
"4064 FOREST HILL BLVD, PALM SPRINGS, 33406",26.651391031382,-80.104915434835,Exact/L,census,2026-08-24T03:02:29.698Z
"4065 N HAVERHILL RD STE B1, WEST PALM BEACH, 33417",26.737067449768,-80.118274231637,Non_Exact/L,census,2026-08-24T03:02:29.698Z
"4065 N HAVERHILL RD STE B5, WEST PALM BEACH, 33417",26.737067449768,-80.118274231637,Non_Exact/L,census,2026-08-24T03:02:29.698Z
"4065 N HAVERHILL RD, WEST PALM BEACH, 33417",26.737067449768,-80.118274231637,Non_Exact/L,census,2026-08-24T03:02:29.698Z
"4068 FORREST HILL BLVD, PALM SPRINGS, 33406",26.651391832555,-80.104952088458,Non_Exact/L,census,2026-08-24T03:02:29.698Z
"407 N ROSEMARY AVE, WEST PALM BEACH, 33401",26.716304721591,-80.057016326899,Exact/L,census,2026-08-24T03:02:29.698Z
"407 NORTHWOOD ROAD, WEST PALM BEACH, 33407",26.734998158173,-80.053037052918,Exact/R,census,2026-08-24T03:02:29.698Z
"407 S ROSEMARY AVE, WEST PALM BEACH, 33401",26.710351420409,-80.057174580134,Exact/R,census,2026-08-24T03:02:29.698Z
"4070 N DIXIE HWY, BOCA RATON, 33431",26.38657483554,-80.0815243972,Exact/R,census,2026-08-24T03:02:29.698Z
"4075 SR 7 STE A1, LAKE WORTH, 33449",26.618559402951,-80.204808459174,Exact/R,census,2026-08-24T03:02:29.698Z
"4081 S STATE RD 7, LAKE WORTH, 33449",26.618494806114,-80.204815102113,Non_Exact/R,census,2026-08-24T03:02:29.698Z
"4085 N HAVERHILL RD C3, WEST PALM BEACH, 33417",26.737304394087,-80.118265455916,Non_Exact/L,census,2026-08-24T03:02:29.698Z
"409 PLAZA REAL, BOCA RATON, 33432",26.354773158884,-80.085480951283,Non_Exact/L,census,2026-08-24T03:02:29.698Z
"409 SE MIZNER BLVD STE 71, BOCA RATON, 33432",26.346195614629,-80.08455631962,Exact/R,census,2026-08-24T03:02:29.698Z
"4095 HAVERHILL RD, WEST PALM BEACH, 33417",26.737422866247,-80.118261068055,Exact/L,census,2026-08-24T03:02:29.698Z
"4095 S SR 7 UNIT Q1, WELLINGTON, 33449",26.618344080161,-80.204830602303,Non_Exact/R,census,2026-08-24T03:02:29.698Z
"4095 SR 7 STE N, LAKE WORTH, 33467",26.618344080161,-80.204830602303,Non_Exact/R,census,2026-08-24T03:02:29.698Z
"4095-4075 STATE RD 7 S STE E, LAKE WORTH, 33449",26.618559402951,-80.204808459174,Non_Exact/R,census,2026-08-24T03:02:29.698Z
"4096 S MILITARY TRAIL, LAKE WORTH, 33463",26.617371098615,-80.113383663303,Exact/L,census,2026-08-24T03:02:29.698Z
"410 E LINTON BLVD UNIT 700, DELRAY BEACH, 33483",26.43968513878,-80.067999765954,Exact/R,census,2026-08-24T03:02:29.698Z
"410 EVERNIA ST 119, WEST PALM BEACH, 33401",26.711296004933,-80.05378408325,Exact/L,census,2026-08-24T03:02:29.698Z
"410 EVERNIA ST STE 108, WEST PALM BEACH, 33401",26.711296004933,-80.05378408325,Exact/L,census,2026-08-24T03:02:29.698Z
"410 EVERNIA ST STE 119, WEST PALM BEACH, 33401",26.711296004933,-80.05378408325,Exact/L,census,2026-08-24T03:02:29.698Z
"410 VIA DE PALMAS STE RRP 82, BOCA RATON, 33432",26.346507712869,-80.085239458986,Non_Exact/L,census,2026-08-24T03:02:29.698Z
"4100 N OCEAN DR SUITE102, SINGER ISLAND, 33404",26.796631648763,-80.034317874346,Exact/R,census,2026-08-24T03:02:29.698Z
"4102 W BLUE HERON BLVD, RIVIERA BEACH, 33404",26.783496637235,-80.100512943228,Non_Exact/L,census,2026-08-24T03:02:29.698Z
"411 E ATLANTIC AVE, DELRAY BEACH, 33483",26.461709803183,-80.068906681563,Exact/L,census,2026-08-24T03:02:29.698Z
"411 S FEDERAL HIGHWAY, BOYNTON BEACH, 33435",26.524138607896,-80.058057387113,Exact/R,census,2026-08-24T03:02:29.698Z
"411 S FEDERAL HWY, BOYNTON BEACH, 33435",26.524138607896,-80.058057387113,Exact/R,census,2026-08-24T03:02:29.698Z
"411 S FEDERAL HWY, BOYTON BEACH, 33435",26.524138607896,-80.058057387113,Non_Exact/R,census,2026-08-24T03:02:29.698Z
"411 SOUTH FEDERAL HIGHWAY, BOYNTON BEACH, 33435",26.524138607896,-80.058057387113,Exact/R,census,2026-08-24T03:02:29.698Z
"4112 W BLUE HERON BLVD, RIVIERA BEACH, 33404",26.783502245675,-80.100819303857,Non_Exact/L,census,2026-08-24T03:02:29.698Z
"4115 SOUTH STATE RD 7 STE Z, LAKE WORTH, 33449",26.618128757371,-80.204852745432,Non_Exact/R,census,2026-08-24T03:02:29.698Z
"412 CLEMATIS STREET, WEST PALM BEACH, 33401",26.713311434829,-80.05375918853,Exact/L,census,2026-08-24T03:02:29.698Z
"412 E OCEAN AVE, BOYNTON BEACH, 33435",26.527032824861,-80.060128375485,Exact/R,census,2026-08-24T03:02:29.698Z
"4120 10 AVE N, LAKE WORTH, 33461",26.62919375442,-80.107098282789,Exact/L,census,2026-08-24T03:02:29.698Z
"4131 N FEDERAL HWY, BOCA RATON, 33431",26.387075720325,-80.07658740594,Exact/L,census,2026-08-24T03:02:29.698Z
"4138 W BLUE HERON BLVD, RIVIERA BEACH, 33404",26.783516827619,-80.101615841494,Non_Exact/L,census,2026-08-24T03:02:29.698Z
"4140 OAK CIR, BOCA RATON, 33431",26.387313816859,-80.083597257683,Exact/R,census,2026-08-24T03:02:29.698Z
"4145 BLUE HERON BLVD, RIVIERA BEACH, 33404",26.78317390988,-80.101905606793,Non_Exact/L,census,2026-08-24T03:02:29.698Z
"416 VIA DE PALMAS 81, BOCA RATON, 33432",26.346486588899,-80.085254746069,Exact/L,census,2026-08-24T03:02:29.698Z
"4175 OKEECHOBEE BLVD, WEST PALM BEACH, 33409",26.706904372187,-80.105696761471,Exact/R,census,2026-08-24T03:02:29.698Z
"4177 W INDIANTOWN RD, JUPITER, 33487",26.9355303,-80.15949909999999,google:ROOFTOP,google,2026-08-24T12:15:59.167Z
"4186-4188 LAKE WORTH RD, PALM SPRINGS, 33461",26.618174402073,-80.108612602543,Non_Exact/L,census,2026-08-24T03:02:29.698Z
"4188 WESTROAD DR UNIT 108, RIVIERA BEACH, 33407",26.7731108,-80.10307250000001,google:ROOFTOP,google,2026-08-24T12:15:59.167Z
"4188 WESTROADS DR UNITS 108-109, RIVIERA BEACH, 33407",26.7739464,-80.1019434,google:ROOFTOP,google,2026-08-24T12:15:59.167Z
"419 LAKE AVE, LAKE WORTH, 33460",26.615724904125,-80.052646019131,Exact/L,census,2026-08-24T03:02:29.698Z
"4190 OAK CIRCLE, BOCA RATON, 33431",26.387569752142,-80.083661765783,Exact/R,census,2026-08-24T03:02:29.698Z
"4199 N FEDERAL HWY, BOCA RATON, 33431",26.387577276731,-80.076593138,Exact/L,census,2026-08-24T03:02:29.698Z
"42 SE 2 AVE, DELRAY BEACH, 33444",26.460873947607,-80.071131737232,Exact/R,census,2026-08-24T03:02:29.698Z
"420 E ATLANTIC AVE, DELRAY BEACH, 33483",26.46159601926,-80.06881560865,Exact/R,census,2026-08-24T03:02:29.698Z
"420 US HWY 1 STE 5, NORTH PALM BEACH, 33408",26.809081016704,-80.056088605888,Exact/R,census,2026-08-24T03:02:29.698Z
"420 US HWY ONE STE 3, NORTH PALM BEACH, 33408",26.809081016704,-80.056088605888,Exact/R,census,2026-08-24T03:02:29.698Z
"4201 OKEECHOBEE BLVD, WEST PALM BEACH, 33409",26.706905495918,-80.105986674694,Exact/R,census,2026-08-24T03:02:29.698Z
"4204 NORTHLAKE BLVD, PALM BEACH GARDENS, 33410",26.808785198368,-80.100841416064,Exact/L,census,2026-08-24T03:02:29.698Z
"421 NORTHLAKE BLVD STE A, NORTH PALM BEACH, 33408",26.80752581318,-80.059669956985,Non_Exact/L,census,2026-08-24T03:02:29.698Z
"421 NORTHLAKE BLVD, NORTH PALM BEACH, 33408",26.80752581318,-80.059669956985,Exact/L,census,2026-08-24T03:02:29.698Z
"4211 N SHORE DR, WEST PALM BEACH, 33407",26.751021640915,-80.078665708703,Exact/L,census,2026-08-24T03:02:29.698Z
"422 NORTH DIXIE HWY, LANTANA, 33462",26.586995256527,-80.051888032087,Exact/R,census,2026-08-24T03:02:29.698Z
"4220 NORTHLAKE BLVD, PALM BEACH GARDENS, 33410",26.808778392543,-80.100631286393,Exact/L,census,2026-08-24T03:02:29.698Z
"4225 45 ST, WEST PALM BEACH, 33407",26.759614654677,-80.103764259024,Exact/R,census,2026-08-24T03:02:29.698Z
"4225 URQUHART ST, LAKE WORTH, 33461",26.61135704903,-80.111297671296,Exact/R,census,2026-08-24T03:02:29.698Z
"4232 NORTHLAKE BLVD, PALM BEACH GARDENS, 33410",26.808773288175,-80.100473689139,Exact/L,census,2026-08-24T03:02:29.698Z
"4234 NORTHLAKE BLVD, PALM BEACH GARDENS, 33410",26.808772437447,-80.10044742293,Exact/L,census,2026-08-24T03:02:29.698Z
"4238 NORTHLAKE BLVD, PALM BEACH GARDENS, 33410",26.808770735991,-80.100394890512,Exact/L,census,2026-08-24T03:02:29.698Z
"424 PARK PL STE 101, WEST PALM BEACH, 33401",26.69785700963,-80.054479969061,Exact/L,census,2026-08-24T03:02:29.698Z
"4240 NORTHLAKE BLVD, PALM BEACH GARDENS, 33410",26.808769885263,-80.100368624303,Exact/L,census,2026-08-24T03:02:29.698Z
"425 25 ST, WEST PALM BEACH, 33407",26.736312442433,-80.053346129705,Exact/R,census,2026-08-24T03:02:29.698Z
"4250 DESIGN CENTER DR, PALM BEACH GARDENS, 33410",26.841084934941,-80.097276653731,Exact/L,census,2026-08-24T03:02:29.698Z
"4251 N FEDERAL HIGHWAY STE 1, BOCA RATON, 33431",26.388028287815,-80.076598371755,Exact/L,census,2026-08-24T03:02:29.698Z
"4251 N FEDERAL HWY STE 6, BOCA RATON, 33431",26.388028287815,-80.076598371755,Exact/L,census,2026-08-24T03:02:29.698Z
"4251 N FEDERAL HWY, BOCA RATON, 33431",26.388028287815,-80.076598371755,Exact/L,census,2026-08-24T03:02:29.698Z
"4252 OKEECHOBEE BLVD, WEST PALM BEACH, 33409",26.706803095226,-80.107146566185,Exact/L,census,2026-08-24T03:02:29.698Z
"4254 NORTHLAKE BLVD, PALM BEACH GARDENS, 33410",26.808763930166,-80.10018476084,Exact/L,census,2026-08-24T03:02:29.698Z
"4256 NORTHLAKE BLVD, PALM BEACH GARDENS, 33410",26.808763079438,-80.100158494631,Exact/L,census,2026-08-24T03:02:29.698Z
"4257 UP THE GROVE LANE, WEST PALM BEACH, 33407",26.763302267939,-80.104432514649,Exact/L,census,2026-08-24T03:02:29.698Z
"4258 NORTHLAKE BLVD, PALM BEACH GARDENS, 33410",26.80876222871,-80.100132228422,Exact/L,census,2026-08-24T03:02:29.698Z
"426 N DIXIE HWY, LAKE WORTH, 33460",26.620630218604,-80.057122128169,Exact/R,census,2026-08-24T03:02:29.698Z
"426 W LANTANA RD, LANTANA, 33462",26.586767067484,-80.054637041548,Exact/L,census,2026-08-24T03:02:29.698Z
"4260 NORTHLAKE BLVD, PALM BEACH GARDENS, 33410",26.808761377982,-80.100105962213,Exact/L,census,2026-08-24T03:02:29.698Z
"4268 NORTHLAKE BLVD, PALM BEACH GARDENS, 33410",26.80875797507,-80.100000897377,Exact/L,census,2026-08-24T03:02:29.698Z
"427 NORTHWOOD RD, WEST PALM BEACH, 33407",26.73500847437,-80.053420471232,Exact/R,census,2026-08-24T03:02:29.698Z
"4270 OKEECHOBEE BLVD, WEST PALM BEACH, 33409",26.706804777605,-80.10742499884,Exact/L,census,2026-08-24T03:02:29.698Z
"4275 45 ST, WEST PALM BEACH, 33407",26.759650692256,-80.104681577373,Exact/R,census,2026-08-24T03:02:29.698Z
"4276 NORTHLAKE BLVD, PALM BEACH GARDENS, 33410",26.808754572157,-80.099895832541,Exact/L,census,2026-08-24T03:02:29.698Z
"428 CLEMATIS ST, WEST PALM BEACH, 33401",26.713316782361,-80.053970415885,Exact/L,census,2026-08-24T03:02:29.698Z
"4280 NORTHLAKE BLVD, PALM BEACH GARDENS, 33410",26.808752870701,-80.099843300123,Exact/L,census,2026-08-24T03:02:29.698Z
"4285 W ATLANTIC AVE, DELRAY BEACH, 33445",26.457901187828,-80.10966009895,Exact/L,census,2026-08-24T03:02:29.698Z
"429 NORTHWOOD RD, WEST PALM BEACH, 33407",26.73500950599,-80.053458813064,Exact/R,census,2026-08-24T03:02:29.698Z
"430 8 ST, WEST PALM BEACH, 33401",26.720655142235,-80.053962584266,Exact/L,census,2026-08-24T03:02:29.698Z
"430 E LINTON BLVD STE 900, DELRAY BEACH, 33483",26.439685726202,-80.06769577122,Exact/R,census,2026-08-24T03:02:29.698Z
"430 E LINTON BLVD STE 904, DELRAY BEACH, 33483",26.439685726202,-80.06769577122,Exact/R,census,2026-08-24T03:02:29.698Z
"4300 KYOTO GARDENS DRIVE, PALM BEACH GARDENS, 33410",26.846412915349,-80.098541699565,Exact/L,census,2026-08-24T03:02:29.698Z
"4300 S US HWY 1 STE 202, JUPITER, 33477",26.89502743032,-80.060743679832,Exact/R,census,2026-08-24T03:02:29.698Z
"4300 S US HWY 1 STE 205, JUPITER, 33477",26.89502743032,-80.060743679832,Exact/R,census,2026-08-24T03:02:29.698Z
"431 PLAZA REAL, BOCA RATON, 33432",26.355056563718,-80.085488360552,Non_Exact/L,census,2026-08-24T03:02:29.698Z
"4311 HOOD RD, PALM BEACH GARDENS, 33410",26.864335973473,-80.100357567309,Exact/L,census,2026-08-24T03:02:29.698Z
"4311 N FEDERAL HWY, BOCA RATON, 33431",26.388533138786,-80.076604242529,Exact/L,census,2026-08-24T03:02:29.698Z
"4316 FOREST HILL BLVD, PALM SPRINGS, 33406",26.651493794794,-80.111212426717,Exact/L,census,2026-08-24T03:02:29.698Z
"4328 NORTH FLAGLER DR, WEST PALM BEACH, 33407",26.750991984856,-80.052751890574,Exact/R,census,2026-08-24T03:02:29.698Z
"4331 LAKE WORTH RD, LAKE WORTH, 33461",26.618410536686,-80.111308332959,Exact/R,census,2026-08-24T03:02:29.698Z
"4331 OKEECHOBEE BLVD, WEST PALM BEACH, 33409",26.706919937821,-80.10834804765,Exact/R,census,2026-08-24T03:02:29.698Z
"4335 LAKE WORTH RD, LAKE WORTH, 33461",26.618411845979,-80.111343683838,Exact/R,census,2026-08-24T03:02:29.698Z
"4340 N FLAGLER DR, WEST PALM BEACH, 33407",26.751028134812,-80.05275051779,Exact/R,census,2026-08-24T03:02:29.698Z
"4340 OKEECHOBEE BLVD, WEST PALM BEACH, 33409",26.706802082014,-80.108918917232,Exact/L,census,2026-08-24T03:02:29.698Z
"4350 PGA BLVD, PALM BEACH GARDENS, 33410",26.838368730317,-80.103879169293,Exact/L,census,2026-08-24T03:02:29.698Z
"4351 N FEDERAL HWY, BOCA RATON, 33431",26.388802287624,-80.07660737216,Exact/L,census,2026-08-24T03:02:29.698Z
"4352 OKEECHOBEE BLVD, WEST PALM BEACH, 33409",26.706800481954,-80.109198928712,Exact/L,census,2026-08-24T03:02:29.698Z
"4367 NORTHLAKE BLVD, PALM BEACH GARDENS, 33410",26.808901002994,-80.104839581567,Exact/L,census,2026-08-24T03:02:29.698Z
"437 PLAZA REAL, BOCA RATON, 33432",26.355133855946,-80.085490381261,Non_Exact/L,census,2026-08-24T03:02:29.698Z
"4373 NORTHLAKE BVLD, PALM BEACH GARDENS, 33410",26.808898325448,-80.104742018574,Non_Exact/L,census,2026-08-24T03:02:29.698Z
"4374 NORTHLAKE BLVD, PALM BEACH GARDENS, 33410",26.808897879191,-80.104725758075,Exact/L,census,2026-08-24T03:02:29.698Z
"4375 & 4377 NORTHLAKE BLVD, PALM BEACH GARDENS, 33418",26.809739,-80.105707,google:ROOFTOP,google,2026-08-24T12:15:59.167Z
"4375 BELVEDARE RD, WEST PALM BEACH, 33406",26.692155987714,-80.109051214051,Non_Exact/R,census,2026-08-24T03:02:29.698Z
"4379 NORTHLAKE BLVD, PALM BEACH GARDENS, 33410",26.808895647902,-80.10464445558,Exact/L,census,2026-08-24T03:02:29.698Z
"4385 45 ST, WEST PALM BEACH, 33407",26.759721457016,-80.106489615844,Exact/R,census,2026-08-24T03:02:29.698Z
"4388 NORTHLAKE BLVD, PALM BEACH GARDENS, 33410",26.808891631583,-80.10449811109,Exact/L,census,2026-08-24T03:02:29.698Z
"439 E ATLANTIC AVE, DELRAY BEACH, 33483",26.461712048086,-80.068655251759,Exact/L,census,2026-08-24T03:02:29.698Z
"439 NORTHWOOD RD, WEST PALM BEACH, 33407",26.735014664088,-80.053650522221,Exact/R,census,2026-08-24T03:02:29.698Z
"4391 NORTHLAKE BLVD, PALM BEACH GARDENS, 33410",26.808890292811,-80.104449329594,Exact/L,census,2026-08-24T03:02:29.698Z
"44 COCOANUT ROW SUITE T3A, PALM BEACH, 33480",26.714688752844,-80.041606017065,Exact/R,census,2026-08-24T03:02:29.698Z
"44 COCOANUT ROW, PALM BEACH, 33480",26.714688752844,-80.041606017065,Exact/R,census,2026-08-24T03:02:29.698Z
"44 E ATLANTIC AVE, DELRAY BEACH, 33444",26.461579853361,-80.072651198299,Exact/R,census,2026-08-24T03:02:29.698Z
"440 NE 5TH AVE, DELRAY BEACH, 33483",26.469885379104,-80.068273598105,Exact/L,census,2026-08-24T03:02:29.698Z
"440 S STATE RD 7 STE 200, ROYAL PALM BEACH, 33414",26.672323959883,-80.202532873275,Non_Exact/R,census,2026-08-24T03:02:29.698Z
"4400 HYPOLUXO RD, LAKE WORTH, 33462",26.571912778424,-80.111987706925,Exact/R,census,2026-08-24T03:02:29.698Z
"4400 N FEDERAL HWAY, BOCA RATON, 33431",26.388467045127,-80.076475546596,Exact/R,census,2026-08-24T03:02:29.698Z
"4400 N FEDERAL HWY STE 190, BOCA RATON, 33431",26.388467045127,-80.076475546596,Exact/R,census,2026-08-24T03:02:29.698Z
"4403 NORTLAKE BLVD, PALM BEACH GARDENS, 33418",26.8102748,-80.104582,google:ROOFTOP,google,2026-08-24T12:15:59.167Z
"4412 NORTHAKE BLVD, PALM BEACH GARDENS, 33410",26.8088809214,-80.104107859117,Non_Exact/L,census,2026-08-24T03:02:29.698Z
"4420 LAKE WORTH RD, LAKE WORTH, 33461",26.618319595863,-80.112216144294,Exact/L,census,2026-08-24T03:02:29.698Z
"4420 LAKE WORTH ROAD, PALM SPRINGS, 33461",26.618319595863,-80.112216144294,Exact/L,census,2026-08-24T03:02:29.698Z
"4422 FOREST HILL BLVD, WEST PALM BEACH, 33406",26.651493794808,-80.111845389799,Exact/L,census,2026-08-24T03:02:29.698Z
"4430 HYPOLUXO RD, LAKE WORTH, 33462",26.571918897904,-80.112358954899,Exact/R,census,2026-08-24T03:02:29.698Z
"4431 PGA BLVD, PALM BEACH GARDENS, 33410",26.838350485248,-80.10451999973,Exact/R,census,2026-08-24T03:02:29.698Z
"4435 W NORTHLAKE BLVD, PALM BEACH GARDENS, 33410",26.808870657474,-80.103733867642,Non_Exact/L,census,2026-08-24T03:02:29.698Z
"4437 FRANCINA ST, LAKE WORTH, 33463",26.612655007418,-80.127629710254,Non_Exact/R,census,2026-08-24T03:02:29.698Z
"444 24 ST, WEST PALM BEACH, 33407",26.735556141284,-80.05375109062,Exact/L,census,2026-08-24T03:02:29.698Z
"444 W RAILROAD AVE, WEST PALM BEACH, 33401",26.717836883098,-80.055931758313,Exact/R,census,2026-08-24T03:02:29.698Z
"4447 WESTROADS DR, RIVIERA BEACH, 33407",26.773469729192,-80.106984769999,Exact/R,census,2026-08-24T03:02:29.698Z
"445 LANTANA RD, LANTANA, 33462",26.586692100898,-80.050091257896,Exact/L,census,2026-08-24T03:02:29.698Z
"4455 S CONGRESS AVE, LAKE WORTH, 33461",26.610657586549,-80.08939592265,Exact/R,census,2026-08-24T03:02:29.698Z
"4466 FOREST HILL BLVD, WEST PALM BEACH, 33406",26.651493794814,-80.112108129192,Exact/L,census,2026-08-24T03:02:29.698Z
"4469 S CONGRESS AVE 117, PALM SPRINGS, 33461",26.610449270562,-80.089402642526,Exact/R,census,2026-08-24T03:02:29.698Z
"4469 S CONGRESS AVE STE 117, LAKE WORTH, 33461",26.610449270562,-80.089402642526,Exact/R,census,2026-08-24T03:02:29.698Z
"4469 S CONGRESS AVE STE 117, PALM SPRINGS, 33461",26.610449270562,-80.089402642526,Exact/R,census,2026-08-24T03:02:29.698Z
"4469 SOUTH CONGRESS AVE STE 110, PALM SPRINGS, 33461",26.610449270562,-80.089402642526,Exact/R,census,2026-08-24T03:02:29.698Z
"4475 N OCEAN BLVD, DELRAY BEACH, 33483",26.503405652188,-80.053251035463,Exact/R,census,2026-08-24T03:02:29.698Z
"4476 FOUNTAINS DR, LAKE WORTH, 33467",26.611232061677,-80.152431015644,Exact/R,census,2026-08-24T03:02:29.698Z
"4476 FOUNTAINS DRIVE, LAKE WORTH, 33467",26.611232061677,-80.152431015644,Exact/R,census,2026-08-24T03:02:29.698Z
"4480 S MILITARY TRL, LAKE WORTH, 33467",26.610416686509,-80.113700012261,Non_Exact/L,census,2026-08-24T03:02:29.698Z
"4483 S CONGRESS AVE, PALM SPRINGS, 33461",26.610240954575,-80.089409362402,Exact/R,census,2026-08-24T03:02:29.698Z
"449 PLAZA REAL, BOCA RATON, 33432",26.355288440401,-80.085494422681,Non_Exact/L,census,2026-08-24T03:02:29.698Z
"45 E BLUE HERON BLVD, PALM BEACH SHORES, 33404",26.783321203804,-80.054031343684,Exact/R,census,2026-08-24T03:02:29.698Z
"45 NE 2 AVE, DELRAY BEACH, 33444",26.46246524305,-80.071037124922,Exact/R,census,2026-08-24T03:02:29.698Z
"45 S FEDERAL HWY, BOCA RATON, 33432",26.349724258434,-80.086511067939,Exact/R,census,2026-08-24T03:02:29.698Z
"450 E ATLANTIC AVE, DELRAY BEACH, 33483",26.461598424514,-80.068546219575,Exact/R,census,2026-08-24T03:02:29.698Z
"450 N LAKE BLVD 2, NORTH PALM BEACH, 33408",26.807265754647,-80.060567768291,Exact/L,census,2026-08-24T03:02:29.698Z
"450 NE 29TH STREET, BOCA RATON, 33431",26.377652217629,-80.078393245813,Exact/R,census,2026-08-24T03:02:29.698Z
"450 NORTHLAKE BLVD, LAKE PARK, 33408",26.807265754647,-80.060567768291,Non_Exact/L,census,2026-08-24T03:02:29.698Z
"450 W ATLANTIC AVE, DELRAY BEACH, 33444",26.461562264227,-80.077681273663,Exact/L,census,2026-08-24T03:02:29.698Z
"4500 BELVEDERE RD STE 1, WEST PALM BEACH, 33415",26.691950769965,-80.111759095851,Exact/L,census,2026-08-24T03:02:29.698Z
"4500 RIVERSIDE DR, PALM BEACH GARDENS, 33410",26.8336409,-80.0967746,google:ROOFTOP,google,2026-08-24T12:15:59.167Z
"4507 LAKE WORTH RD, GREENACRES, 33463",26.618519882032,-80.114287721864,Exact/R,census,2026-08-24T03:02:29.698Z
"4509 PGA BLVD, PALM BEACH GARDENS, 33418",26.838300397621,-80.105481092761,Exact/R,census,2026-08-24T03:02:29.698Z
"451 E PALMETTO PARK RD, BOCA RATON, 33432",26.350639630055,-80.078590397455,Exact/L,census,2026-08-24T03:02:29.698Z
"451 UNIVERSITY BLVD STE 104, JUPITER, 33458",26.8914905,-80.10229989999999,google:ROOFTOP,google,2026-08-24T12:15:59.167Z
"4513 LAKE WORTH RD, GREENACRES, 33463",26.618522203806,-80.114355053262,Exact/R,census,2026-08-24T03:02:29.698Z
"4520 PGA BLVD STE 100, PALM BEACH GARDENS, 33418",26.838253697022,-80.108013306995,Exact/L,census,2026-08-24T03:02:29.698Z
"4522 S CONGRESS AVE, LAKE WORTH, 33461",26.608055406476,-80.089365903119,Exact/L,census,2026-08-24T03:02:29.698Z
"4530 DONALD ROSS RD STE 100, PALM BEACH GARDENS, 33418",26.8821648,-80.10530519999999,google:ROOFTOP,google,2026-08-24T12:15:59.167Z
"4533 PGA BLVD, PALM BEACH GARDENS, 33418",26.838310592908,-80.105869532841,Exact/R,census,2026-08-24T03:02:29.698Z
"454 INDIAN TOWN RD, JUPITER, 33458",26.933990566059,-80.100842801272,Non_Exact/R,census,2026-08-24T03:02:29.698Z
"4540 PGA BLVD, PALM BEACH GARDENS, 33418",26.838281720663,-80.109239164598,Exact/L,census,2026-08-24T03:02:29.698Z
"4541 HYPOLUXO RD, LAKE WORTH, 33463",26.572061839942,-80.114187096405,Exact/L,census,2026-08-24T03:02:29.698Z
"4545 HYPOLUXO RD, LAKE WORTH, 33463",26.572063063909,-80.114252054034,Exact/L,census,2026-08-24T03:02:29.698Z
"455 A NE 5 AVE, DELRAY BEACH, 33483",26.469815410361,-80.068144120407,Non_Exact/R,census,2026-08-24T03:02:29.698Z
"455 E PALMETTO PARK RD, BOCA RATON, 33432",26.350640317726,-80.07851406573,Exact/L,census,2026-08-24T03:02:29.698Z
"455 HIBISCUS ST, WEST PALM BEACH, 33401",26.70860558479,-80.054625509199,Exact/R,census,2026-08-24T03:02:29.698Z
"455 NE 5 AVE STE B, DELRAY BEACH, 33483",26.469815410361,-80.068144120407,Non_Exact/R,census,2026-08-24T03:02:29.698Z
"4554 LAKE WORTH RD, GREENACRES, 33463",26.618430369428,-80.114863215529,Exact/L,census,2026-08-24T03:02:29.698Z
"4556 CRESTHAVEN BLVD, WEST PALM BEACH, 33415",26.63747191934,-80.114064377864,Exact/L,census,2026-08-24T03:02:29.698Z
"4556 CRESTHAVEN DVD, WEST PALM BEACH, 33415",26.63747191934,-80.114064377864,Non_Exact/L,census,2026-08-24T03:02:29.698Z
"4560 PGA BLVD, PALM BEACH GARDENS, 33418",26.838308099816,-80.110111874224,Exact/L,census,2026-08-24T03:02:29.698Z
"4562 LAKE WORTH RD, LAKE WORTH, 33463",26.618433686904,-80.114957763543,Exact/L,census,2026-08-24T03:02:29.698Z
"4575 MILITARY TRL, JUPITER, 33458",26.910944518246,-80.102388051607,Exact/L,census,2026-08-24T03:02:29.698Z
"4576 CRESTHAVEN BLVD, WEST PALM BEACH, 33415",26.637487152672,-80.11446806091,Exact/L,census,2026-08-24T03:02:29.698Z
"4576 CRESTHEAVEN BLVD, WEST PALM BEACH, 33415",26.637487152672,-80.11446806091,Non_Exact/L,census,2026-08-24T03:02:29.698Z
"4576 OKEECHOBEE BLVD, WEST PALM BEACH, 33417",26.706821317073,-80.112301482522,Exact/L,census,2026-08-24T03:02:29.698Z
"4580 DONALD ROSS RD STE 100, PALM BEACH GARDENS, 33418",26.881665,-80.10594239999999,google:ROOFTOP,google,2026-08-24T12:15:59.167Z
"4580 DONALD ROSS RD STE 109, PALM BEACH GARDENS, 33410",26.881665,-80.10594239999999,google:ROOFTOP,google,2026-08-24T12:15:59.167Z
"4580 PGA BLVD, PALM BEACH GARDENS, 33418",26.8383351923,-80.111025105717,Exact/L,census,2026-08-24T03:02:29.698Z
"4587 OKEECHOBEE BLVD UNIT 131, WEST PALM BEACH, 33417",26.706937575995,-80.112438184495,Exact/R,census,2026-08-24T03:02:29.698Z
"4595 HYPOLUXO RD STE 7, LAKE WORTH, 33463",26.572078363504,-80.115064024388,Exact/L,census,2026-08-24T03:02:29.698Z
"4595 HYPOULUXO RD STE 9, LAKE WORTH, 33463",26.572078363504,-80.115064024388,Non_Exact/L,census,2026-08-24T03:02:29.698Z
"4595 NORTHLAKE BLVD STE 101, PALM BEACH GARDENS, 33418",26.809224188939,-80.107996647124,Exact/L,census,2026-08-24T03:02:29.698Z
"4595 NORTHLAKE BLVD, PALM BEACH GARDENS, 33418",26.809224188939,-80.107996647124,Exact/L,census,2026-08-24T03:02:29.698Z
"4595 OKEECHOBEE BLVD 126, WEST PALM BEACH, 33417",26.706938918469,-80.112548938387,Exact/R,census,2026-08-24T03:02:29.698Z
"4595 OKEECHOBEE BLVD 128, WEST PALM BEACH, 33417",26.706938918469,-80.112548938387,Exact/R,census,2026-08-24T03:02:29.698Z
"4595 OKEECHOBEE BLVD STE D129, WEST PALM BEACH, 33417",26.706938918469,-80.112548938387,Exact/R,census,2026-08-24T03:02:29.698Z
"460 S ROSEMARY AVE 186, WEST PALM BEACH, 33401",26.709911136609,-80.057057166673,Exact/L,census,2026-08-24T03:02:29.698Z
"4600 E PARK DR, PALM BEACH GARDENS, 33410",26.83502525561,-80.093919430902,Exact/L,census,2026-08-24T03:02:29.698Z
"4600 RIVERSIDE DR, PALM BEACH GARDENS, 33410",26.8329265,-80.09703060000001,google:ROOFTOP,google,2026-08-24T12:15:59.167Z
"4601 FOREST HILL BLVD, WEST PALM BEACH, 33415",26.651726907316,-80.113334677791,Exact/R,census,2026-08-24T03:02:29.698Z
"4601 MILITARY TRAIL SUITE 107, JUPITER, 33458",26.91087733284,-80.102390167684,Exact/L,census,2026-08-24T03:02:29.698Z
"4606 S JOG ROAD, GREENACRES, 33467",26.611591569773,-80.146762471067,Non_Exact/L,census,2026-08-24T03:02:29.698Z
"4607 N AUSTRALIAN AVE, WEST PALM BEACH, 33407",26.75334791548,-80.072493170559,Exact/L,census,2026-08-24T03:02:29.698Z
"4610 BROADWAY AVE, WEST PALM BEACH, 33407",26.752980172079,-80.056101756928,Non_Exact/R,census,2026-08-24T03:02:29.698Z
"4610 JOG RD, GREENACRES, 33467",26.61144489897,-80.146766031042,Exact/L,census,2026-08-24T03:02:29.698Z
"4610 PGA BLVD STE 100, PLAM BEACH GARDENS, 33418",26.83835386909,-80.111775840838,Non_Exact/L,census,2026-08-24T03:02:29.698Z
"4611 OKEECHOBEE BLVD BAY 108, WEST PALM BEACH, 33417",26.706943996767,-80.112878915129,Exact/R,census,2026-08-24T03:02:29.698Z
"4614 HYPOLUXO RD, LAKE WORTH, 33463",26.5712207,-80.1145043,google:ROOFTOP,google,2026-08-24T12:15:59.167Z
"4615 E FOUNTAINS DR, LAKE WORTH, 33467",26.610537733043,-80.152160077587,Non_Exact/L,census,2026-08-24T03:02:29.698Z
"4616 JOG RD, GREENACRES, 33467",26.611224892765,-80.146771371004,Exact/L,census,2026-08-24T03:02:29.698Z
"4619 OKEECHOBEE BLVD 102, WEST PALM BEACH, 33417",26.706946020341,-80.112996282247,Exact/R,census,2026-08-24T03:02:29.698Z
"4619 OKEECHOBEE BLVD STE 103, WEST PALM BEACH, 33417",26.706946020341,-80.112996282247,Exact/R,census,2026-08-24T03:02:29.698Z
"4622 SOUTH JOG RD, GREENACRES, 33467",26.611004886561,-80.146776710967,Non_Exact/L,census,2026-08-24T03:02:29.698Z
"4625 PGA BLVD, PALM BEACH GARDENS, 33418",26.838363594958,-80.107841957542,Exact/R,census,2026-08-24T03:02:29.698Z
"4631 GUN CLUB RD, WEST PALM BEACH, 33415",26.673768751698,-80.114497802481,Exact/R,census,2026-08-24T03:02:29.698Z
"4633 LAKE WORTH RD, GREENACRES, 33463",26.618576202551,-80.115700270505,Exact/R,census,2026-08-24T03:02:29.698Z
"4635 PGA BLVD, PALM BEACH GARDENS, 33418",26.838372555172,-80.108165271663,Exact/R,census,2026-08-24T03:02:29.698Z
"4636 JOG RD, GREENACRES, 33467",26.610491538751,-80.146789170879,Exact/L,census,2026-08-24T03:02:29.698Z
"4636 W FOREST HILL BLVD, WEST PALM BEACH, 33415",26.651635889811,-80.114316192511,Non_Exact/L,census,2026-08-24T03:02:29.698Z
"4640 HYPOLUXO RD STE 5, LAKE WORTH, 33463",26.570677,-80.1160191,google:ROOFTOP,google,2026-08-24T12:15:59.167Z
"4644 LAKE WORTH RD, LAKE WORTH, 33463",26.618472220772,-80.115927528295,Exact/L,census,2026-08-24T03:02:29.698Z
"4645 GUN CLUB RD STE 18, WEST PALM BEACH, 33415",26.673774643282,-80.114721455878,Exact/R,census,2026-08-24T03:02:29.698Z
"4645 GUN CLUB RD STE 2, WEST PALM BEACH, 33415",26.673774643282,-80.114721455878,Exact/R,census,2026-08-24T03:02:29.698Z
"4645 GUN CLUB RD STE 25, WEST PALM BEACH, 33415",26.673774643282,-80.114721455878,Exact/R,census,2026-08-24T03:02:29.698Z
"4645 GUN CLUB RD, WEST PALM BEACH, 33415",26.673774643282,-80.114721455878,Exact/R,census,2026-08-24T03:02:29.698Z
"4645 LAKE WORTH RD, GREENACRES, 33463",26.618582580471,-80.115834844555,Exact/R,census,2026-08-24T03:02:29.698Z
"4645 PGA BLVD BLDG M, PALM BEACH GARDENS, 33418",26.838381515387,-80.108488585784,Non_Exact/R,census,2026-08-24T03:02:29.698Z
"4645 WHITE CEDAR LN, DELRAY BEACH, 33445",26.42734088117,-80.115598794181,Exact/L,census,2026-08-24T03:02:29.698Z
"465-475 NE SPANISH RIVER BLVD, BOCA RATON, 33431",26.386097413174,-80.078763836757,Non_Exact/L,census,2026-08-24T03:02:29.698Z
"4650 DONALD ROSS RD STE 100, PALM BEACH GARDENS, 33418",26.8816182,-80.1068428,google:ROOFTOP,google,2026-08-24T12:15:59.167Z
"4650 DONALD ROSS RD STE 104, PALM BEACH GARDENS, 33418",26.8815931,-80.1074809,google:ROOFTOP,google,2026-08-24T12:15:59.167Z
"4650 DONALD ROSS ROAD, PALM BEACH GARDENS, 33418",26.8815931,-80.1074809,google:ROOFTOP,google,2026-08-24T12:15:59.167Z
"4650 JOG ROAD, GREENACRES, 33467",26.60997819094,-80.146801630791,Exact/L,census,2026-08-24T03:02:29.698Z
"4650 WYCLIFFE COUNTRY CLUB BLVD, WELLINGTON, 33449",26.613785834094,-80.211571294821,Exact/R,census,2026-08-24T03:02:29.698Z
"4654 GUN CLUB RD BAY 1, WEST PALM BEACH, 33415",26.673670058936,-80.115103229543,Exact/L,census,2026-08-24T03:02:29.698Z
"4655 PGA BLVD, PALM BEACH GARDENS, 33418",26.838390475601,-80.108811899905,Exact/R,census,2026-08-24T03:02:29.698Z
"4657 A ELMHURST RD, WEST PALM BEACH, 33409",26.703232830616,-80.113579918474,Non_Exact/R,census,2026-08-24T03:02:29.698Z
"4657 LAKE WORTH RD 3452, GREENACRES, 33463",26.618588958392,-80.115969418606,Exact/R,census,2026-08-24T03:02:29.698Z
"4657 LAKE WORTH RD, GREENACRES, 33463",26.618588958392,-80.115969418606,Exact/R,census,2026-08-24T03:02:29.698Z
"4661 OKEECHOBEE RD, WEST PALM BEACH, 33417",26.706956644104,-80.11361245962,Non_Exact/R,census,2026-08-24T03:02:29.698Z
"4663 LAKE WORTH RD, GREEN ACRES, 33463",26.618592147352,-80.116036705631,Exact/R,census,2026-08-24T03:02:29.698Z
"4665 PGA BLVD, PALM BEACH GARDENS, 33418",26.838396246365,-80.109234816615,Exact/R,census,2026-08-24T03:02:29.698Z
"4678 FOREST HILL BLVD, WEST PALM BEACH, 33415",26.651647656011,-80.114805224703,Exact/L,census,2026-08-24T03:02:29.698Z
"470 N FEDERAL HWY CU3, BOYNTON BEACH, 33435",26.530410080888,-80.058081040602,Non_Exact/R,census,2026-08-24T03:02:29.698Z
"4700 DONALD ROSS RD, PALM BEACH GARDENS, 33418",26.8816142,-80.10794820000001,google:ROOFTOP,google,2026-08-24T12:15:59.167Z
"4700 S DIXIE HWY, WEST PALM BEACH, 33405",26.6703772,-80.0548726,google:ROOFTOP,google,2026-08-24T12:15:59.167Z
"4705 N AUSTRALIAN AVE, MANGONIA PARK, 33407",26.754318116113,-80.072404350695,Exact/L,census,2026-08-24T03:02:29.698Z
"4705A BROADWAY, WEST PALM BEACH, 33407",26.75370844889,-80.056141213563,Non_Exact/L,census,2026-08-24T03:02:29.698Z
"4707 N CONGRESS AVE, BOYNTON BEACH, 33426",26.567717311263,-80.089867914745,Exact/R,census,2026-08-24T03:02:29.698Z
"4720 N BROADWAY, WEST PALM BEACH, 33407",26.753800742562,-80.056002276739,Non_Exact/R,census,2026-08-24T03:02:29.698Z
"4720 OKEECHOBEE BLVD, WEST PALM BEACH, 33417",26.706858939108,-80.114643833598,Exact/L,census,2026-08-24T03:02:29.698Z
"4722 45 ST, WEST PALM BEACH, 33407",26.759880684128,-80.112846040687,Exact/L,census,2026-08-24T03:02:29.698Z
"4725 LAKE WORTH RD, GREENACRES, 33463",26.618635616579,-80.117024565765,Exact/R,census,2026-08-24T03:02:29.698Z
"473 S ROSEMARY AVE, WEST PALM BEACH, 33401",26.70981639181,-80.05718782343,Exact/R,census,2026-08-24T03:02:29.698Z
"4735 NW 7 CT, BOYNTON BEACH, 33426",26.569425560665,-80.076025057642,Exact/R,census,2026-08-24T03:02:29.698Z
"4738 OKEECHOBEE BLVD, WEST PALM BEACH, 33417",26.706863602865,-80.114952806998,Exact/L,census,2026-08-24T03:02:29.698Z
"4745 W ATLANTIC AVE, DELRAY BEACH, 33445",26.457893145481,-80.118164018199,Exact/L,census,2026-08-24T03:02:29.698Z
"4746 N CONGRESS AVE, BOYNTON BEACH, 33426",26.571106432604,-80.089643292021,Exact/L,census,2026-08-24T03:02:29.698Z
"4747 N CONGRESS AVE, BOYNTON BEACH, 33426",26.570663559553,-80.089762752189,Exact/R,census,2026-08-24T03:02:29.698Z
"4747 PGA BLVD, PALM BEACH GARDENS, 33418",26.838736321342,-80.120297948035,Exact/R,census,2026-08-24T03:02:29.698Z
"475 NE 20TH STREET, BOCA RATON, 33431",26.368038956939,-80.079440590633,Exact/L,census,2026-08-24T03:02:29.698Z
"4751 MAIN ST, JUPITER, 33458",26.89011621397,-80.117087125856,Exact/L,census,2026-08-24T03:02:29.698Z
"4751 SEMINOLE PRATT WHITNEY RD, WESTLAKE, 33470",26.749336904086,-80.307644008153,Exact/R,census,2026-08-24T03:02:29.698Z
"4752 N CONGRESS AVE, BOYNTON BEACH, 33426",26.571221735444,-80.089645552857,Exact/L,census,2026-08-24T03:02:29.698Z
"4759 S CONGRESS AVE, LAKE WORTH, 33461",26.605833674335,-80.089581062831,Exact/R,census,2026-08-24T03:02:29.698Z
"4759 SOUTH CONGRESS AVE, LAKE WORTH, 33461",26.605833674335,-80.089581062831,Exact/R,census,2026-08-24T03:02:29.698Z
"4767 PGA BLVD, PALM BEACH GARDENS, 33418",26.838758850054,-80.120963349167,Exact/R,census,2026-08-24T03:02:29.698Z
"477 N FEDERAL HWY, BOCA RATON, 33432",26.354490150419,-80.086598670353,Exact/L,census,2026-08-24T03:02:29.698Z
"4774 N CONGRESS AVE, BOYNTON BEACH, 33426",26.57164353194,-80.089650765742,Exact/L,census,2026-08-24T03:02:29.698Z
"4775 SEMINOLE PRATT WHITNEY RD, LOXAHATCHEE, 33470",26.749628579194,-80.307633095131,Exact/R,census,2026-08-24T03:02:29.698Z
"4775 W ATLANTIC AVE, DELRAY BEACH, 33445",26.457904742581,-80.119309560708,Exact/L,census,2026-08-24T03:02:29.698Z
"4778 N CONGRESS AVE, BOYNTON BEACH, 33426",26.571720412319,-80.089650765739,Exact/L,census,2026-08-24T03:02:29.698Z
"4778 OKEECHOBEE BLVD, WEST PALM BEACH, 33417",26.706876572594,-80.115719919493,Exact/L,census,2026-08-24T03:02:29.698Z
"4782 N CONGRESS AVE, BOYNTON BEACH, 33426",26.571797292697,-80.089650765737,Exact/L,census,2026-08-24T03:02:29.698Z
"4783 PGA BLVD, PALM BEACH GARDENS, 33418",26.838776873024,-80.121495670072,Exact/R,census,2026-08-24T03:02:29.698Z
"4784 N CONGRESS AVE, BOYNTON BEACH, 33426",26.571835732887,-80.089650765736,Exact/L,census,2026-08-24T03:02:29.698Z
"4789 N CONGRESS AVE, BOYNTON BEACH, 33426",26.571827818733,-80.089778890733,Exact/R,census,2026-08-24T03:02:29.698Z
"4789 W ATLANTIC AVE, DELRAY BEACH, 33445",26.457906242455,-80.119492544854,Exact/L,census,2026-08-24T03:02:29.698Z
"4790 LAKE WORTH RD, GREENACRES, 33463",26.618580675537,-80.118294058535,Exact/L,census,2026-08-24T03:02:29.698Z
"4796 N CONGRESS AVE, BOYNTON BEACH, 33426",26.572066374023,-80.08965076573,Exact/L,census,2026-08-24T03:02:29.698Z
"48 NE 1 AVE STE A B, BOCA RATON, 33432",26.350946620243,-80.085615823664,Non_Exact/R,census,2026-08-24T03:02:29.698Z
"48 NE 1 AVE, BOCA RATON, 33432",26.350946620243,-80.085615823664,Exact/R,census,2026-08-24T03:02:29.698Z
"480 E OCEAN AVE, BOYNTON BEACH, 33435",26.527031672608,-80.059781115169,Exact/R,census,2026-08-24T03:02:29.698Z
"4800 MAIN ST SUITE R, JUPITER, 33458",26.891196403657,-80.11796526436,Non_Exact/R,census,2026-08-24T03:02:29.698Z
"4800 MAIN STREET, JUPITER, 33458",26.891196403657,-80.11796526436,Exact/R,census,2026-08-24T03:02:29.698Z
"4800 T REX AVE STE 150, BOCA RATON, 33431",26.393916469516,-80.107793119121,Exact/L,census,2026-08-24T03:02:29.698Z
"4801 LINTON BLVD 12A, DELRAY BEACH, 33445",26.439402385146,-80.11977181871,Exact/R,census,2026-08-24T03:02:29.698Z
"4801 LINTON BLVD 9A, DELRAY BEACH, 33445",26.439402385146,-80.11977181871,Exact/R,census,2026-08-24T03:02:29.698Z
"4801 LINTON BLVD STE A-4, DELRAY BEACH, 33445",26.439402385146,-80.11977181871,Exact/R,census,2026-08-24T03:02:29.698Z
"4801 LINTON BLVD STE A1, DELRAY BEACH, 33445",26.439402385146,-80.11977181871,Exact/R,census,2026-08-24T03:02:29.698Z
"4801 LINTON BLVD STE B-2, DELRAY BEACH, 33445",26.439402385146,-80.11977181871,Exact/R,census,2026-08-24T03:02:29.698Z
"4801 LINTON BLVD, DELRAY BEACH, 33445",26.439402385146,-80.11977181871,Exact/R,census,2026-08-24T03:02:29.698Z
"4801 S DIXIE HWY, WEST PALM BEACH, 33405",26.670244004375,-80.055199860037,Exact/R,census,2026-08-24T03:02:29.698Z
"4801 S MILITARY TRL, GREENACRES, 33463",26.607032081136,-80.114161147984,Exact/R,census,2026-08-24T03:02:29.698Z
"4802 S DIXIE HWY, WEST PALM BEACH, 33405",26.669781324733,-80.055100775823,Exact/L,census,2026-08-24T03:02:29.698Z
"4803 S MILITARY TRAIL, GREENACRES, 33463",26.60701151208,-80.114161471397,Exact/R,census,2026-08-24T03:02:29.698Z
"4810 NW 2 AVE, BOCA RATON, 33431",26.392092898805,-80.08371114433,Exact/R,census,2026-08-24T03:02:29.698Z
"4812 S DIXIE HWY, WEST PALM BEACH, 33405",26.669707583227,-80.055106326261,Exact/L,census,2026-08-24T03:02:29.698Z
"4815 S MILITARY TRL UNIT 8, GREENACRES, 33463",26.606888097743,-80.114163411877,Exact/R,census,2026-08-24T03:02:29.698Z
"4822 NW 2ND AVE, BOCA RATON, 33431",26.392188503553,-80.083681155103,Exact/R,census,2026-08-24T03:02:29.698Z
"4828 LAKE WORTH RD, GREENACRES, 33463",26.618614364926,-80.118998940905,Exact/L,census,2026-08-24T03:02:29.698Z
"4840 10 AVE N, GREENACRES, 33463",26.629779462823,-80.118281535304,Exact/L,census,2026-08-24T03:02:29.698Z
"4850 RYNA GREENBAUM DR, WEST PALM BEACH, 33417",26.7477362,-80.1147597,google:ROOFTOP,google,2026-08-24T12:15:59.167Z
"4860 WOOLBRIGHT RD, VILLAGE OF GOLF, 33436",26.511756869692,-80.121565817297,Exact/R,census,2026-08-24T03:02:29.698Z
"4869 OKEECHOBEE BLVD STE 2, WEST PALM BEACH, 33417",26.707012480724,-80.116790989098,Exact/R,census,2026-08-24T03:02:29.698Z
"4875 OKEECHOBEE BLVD, WEST PALM BEACH, 33417",26.707014761431,-80.116905737032,Exact/R,census,2026-08-24T03:02:29.698Z
"489 NE 20 STREET, BOCA RATON, 33431",26.368105881201,-80.079288337933,Exact/L,census,2026-08-24T03:02:29.698Z
"4895 WINDWARD PASSAGE DR BAY 1, BOYNTON BEACH, 33436",26.548660748318,-80.121788089084,Exact/R,census,2026-08-24T03:02:29.698Z
"4900 LINTON BLVD STE 14, DELRAY BEACH, 33445",26.439292726676,-80.119211306247,Exact/L,census,2026-08-24T03:02:29.698Z
"4900 LINTON BLVD, DELRAY BEACH, 33445",26.439292726676,-80.119211306247,Exact/L,census,2026-08-24T03:02:29.698Z
"4900 LINTONE BLVD STE 4, DELRAY BEACH, 33445",26.439292726676,-80.119211306247,Non_Exact/L,census,2026-08-24T03:02:29.698Z
"4901 SEMINOLE PRATT WHITNEY RD, WESTLAKE, 33470",26.751160053522,-80.307572544964,Exact/R,census,2026-08-24T03:02:29.698Z
"491 N US HWY 1, TEQUESTA, 33469",26.937757,-80.08281269999999,google:RANGE_INTERPOLATED,google,2026-08-24T12:15:59.167Z
"4910 COMMUNIOCATION AVE, BOCA RATON, 33431",26.389286827799,-80.110886128846,Non_Exact/L,census,2026-08-24T03:02:29.698Z
"4913 SOUTHERN BLVD UNIT A, WEST PALM BEACH, 33415",26.678685338533,-80.118268746725,Non_Exact/L,census,2026-08-24T03:02:29.698Z
"4917 SOUTHERN BLVD, WEST PALM BEACH, 33415",26.678688284056,-80.118359637078,Exact/L,census,2026-08-24T03:02:29.698Z
"4925 PARK RIDGE BLVD, BOYTON BEACH, 33426",26.541389256975,-80.079957376593,Non_Exact/R,census,2026-08-24T03:02:29.698Z
"493 N FEDERAL HWY, BOCA RATON, 33432",26.354743184483,-80.086612833479,Exact/L,census,2026-08-24T03:02:29.698Z
"4944 10 AVE N, GREEN ACRES, 33463",26.630723467134,-80.120111862082,Exact/L,census,2026-08-24T03:02:29.698Z
"4945 SARATOGA RD, WEST PALM BEACH, 33415",26.649302271691,-80.118714381987,Exact/L,census,2026-08-24T03:02:29.698Z
"495 NE 20 ST, BOCA RATON, 33432",26.368134563028,-80.079223086776,Non_Exact/L,census,2026-08-24T03:02:29.698Z
"4951 SEMINOLE PRATT WHITNEY RD 1000, WESTLAKE, 33470",26.751767598282,-80.307546331087,Non_Exact/R,census,2026-08-24T03:02:29.698Z
"4953 LE CHALET BLVD 5, BOYNTON BEACH, 33436",26.55480740415,-80.121917895107,Exact/L,census,2026-08-24T03:02:29.698Z
"4953 W ATLANTIC AVENUE, DELRAY BEACH, 33445",26.457840032778,-80.12163791559,Exact/L,census,2026-08-24T03:02:29.698Z
"4956 LE CHALET BLVD STE 18, BOYNTON BEACH, 33436",26.554671395919,-80.120911535669,Exact/R,census,2026-08-24T03:02:29.698Z
"4956 LE CHALET BLVD STE 5 AND 6, BOYNTON BEACH, 33436",26.554671395919,-80.120911535669,Non_Exact/R,census,2026-08-24T03:02:29.698Z
"4957 W ATLANTIC AVE, DELRAY BEACH, 33445",26.457837780032,-80.121690138359,Exact/L,census,2026-08-24T03:02:29.698Z
"4960 SOUTHARD ST, LAKE WORTH, 33463",26.572840406129,-80.120847417226,Exact/R,census,2026-08-24T03:02:29.698Z
"497 S BARFIELD HWY, PAHOKEE, 33476",26.816712422019,-80.661310805508,Exact/L,census,2026-08-24T03:02:29.698Z
"4975 W ATLANTIC AVE STE E, DELRAY BEACH, 33445",26.457827642676,-80.121925140815,Non_Exact/L,census,2026-08-24T03:02:29.698Z
"4979 W ATLANTIC AVE, DELRAY BEACH, 33445",26.45782538993,-80.121977363583,Exact/L,census,2026-08-24T03:02:29.698Z
"4989 BOCAIRE BLVD, BOCA RATON, 33487",26.421184518433,-80.120161492217,Exact/L,census,2026-08-24T03:02:29.698Z
"499 E PALMETTO PARK RD, BOCA RATON, 33432",26.350647882113,-80.07767441675,Exact/L,census,2026-08-24T03:02:29.698Z
"499 FEDERAL HWY, BOCA RATON, 33432",26.3456873,-80.0867514,google:ROOFTOP,google,2026-08-24T12:15:59.167Z
"499 NE 20 ST, BOCA RATON, 33431",26.368153684246,-80.079179586005,Exact/L,census,2026-08-24T03:02:29.698Z
"499 NE SPANISH RIVER BLVD 395, BOCA RATON, 33431",26.386098823732,-80.0786194894,Exact/L,census,2026-08-24T03:02:29.698Z
"499 NE SPANISH RIVER BLVD, BOCA RATON, 33431",26.386098823732,-80.0786194894,Exact/L,census,2026-08-24T03:02:29.698Z
"499 NE SPANISH RIVER DR STE 5, BOCA RATON, 33431",26.386098823732,-80.0786194894,Non_Exact/L,census,2026-08-24T03:02:29.698Z
"4992 10 AVE N, GREENACRES, 33463",26.630953053764,-80.121028367112,Exact/L,census,2026-08-24T03:02:29.698Z
"4995 W ATLANTIC AVE, DELRAY BEACH, 33445",26.457816378947,-80.122186254656,Exact/L,census,2026-08-24T03:02:29.698Z
"5 N A1A, JUPITER, 33477",26.9345584,-80.0697686,google:ROOFTOP,google,2026-08-24T12:15:59.167Z
"5 SW AVE D, BELLE GLADE, 33430",26.683206490169,-80.668006465242,Exact/R,census,2026-08-24T03:02:29.698Z
"50 SE 5 AVE, DELRAY BEACH, 33483",26.46073651167,-80.068095576193,Exact/R,census,2026-08-24T03:02:29.698Z
"500 E WOOLBRIGHT RD, BOYNTON BEACH, 33435",26.514501097953,-80.05958882418,Exact/R,census,2026-08-24T03:02:29.698Z
"500 NE 21 AVE, BOYNTON BEACH, 33435",26.548559669551,-80.058480600427,Exact/R,census,2026-08-24T03:02:29.698Z
"500 NE SPANISH RIVER BLVD 6, BOCA RATON, 33431",26.385985426985,-80.078490251793,Non_Exact/R,census,2026-08-24T03:02:29.698Z
"500 S AUSTRALIAN AVE, WEST PALM BEACH, 33401",26.709858072707,-80.06416799284,Exact/R,census,2026-08-24T03:02:29.698Z
"500 VIA DE PALMAS STE 79, BOCA RATON, 33432",26.346109153511,-80.085567586986,Exact/L,census,2026-08-24T03:02:29.698Z
"5000 T-REX AVE, BOCA RATON, 33431",26.393188688872,-80.10763990217,Exact/L,census,2026-08-24T03:02:29.698Z
"5009 SPRUCE AVE, WEST PALM BEACH, 33407",26.755826898173,-80.054286935389,Exact/L,census,2026-08-24T03:02:29.698Z
"501 DR MLK JR BLVD E, BELLE GLADE, 33430",26.6824382,-80.66269199999999,google:ROOFTOP,google,2026-08-24T12:15:59.167Z
"501 E ATLANTIC AVE, DELRAY BEACH, 33483",26.461717432846,-80.067987836752,Exact/L,census,2026-08-24T03:02:29.698Z
"501 E CAMINO REAL, BOCA RATON, 33432",26.339713817235,-80.078084486743,Exact/L,census,2026-08-24T03:02:29.698Z
"501 EAST CAMINO REAL, BOCA RATON, 33432",26.339713817235,-80.078084486743,Exact/L,census,2026-08-24T03:02:29.698Z
"501 FERN ST STE 104, WEST PALM BEACH, 33401",26.710469990513,-80.055415107778,Exact/R,census,2026-08-24T03:02:29.698Z
"501 N CONGRESS AVE, BOYNTON BEACH, 33426",26.531844391255,-80.090625996191,Exact/R,census,2026-08-24T03:02:29.698Z
"501 NE 20 ST, BOCA RATON, 33431",26.368163244855,-80.079157835619,Exact/L,census,2026-08-24T03:02:29.698Z
"501 S OLIVE AVE, WEST PALM BEACH, 33401",26.709274890033,-80.052070195006,Exact/R,census,2026-08-24T03:02:29.698Z
"5014 SEMINOLE PRATT WHITNEY RD, LOXAHATCHEE, 33470",26.753297868401,-80.307355106565,Exact/L,census,2026-08-24T03:02:29.698Z
"502 E ATLANTIC AVE, DELRAY BEACH, 33483",26.461602841477,-80.067969785777,Exact/R,census,2026-08-24T03:02:29.698Z
"502 NORTHWOOD RD, WEST PALM BEACH, 33407",26.73493556322,-80.054971057174,Exact/L,census,2026-08-24T03:02:29.698Z
"502 S MILITARY TRAIL, WEST PALM BEACH, 33415",26.669712208233,-80.112278208029,Exact/L,census,2026-08-24T03:02:29.698Z
"502 S MILITARY TRL, WEST PALM BEACH, 33415",26.669712208233,-80.112278208029,Exact/L,census,2026-08-24T03:02:29.698Z
"5020 ATLANTIC AVE, DELRAY BEACH, 33484",26.457705429602,-80.122950404508,Non_Exact/R,census,2026-08-24T03:02:29.698Z
"5022 CHAMPION BLVD, BOCA RATON, 33496",26.41185118603,-80.123015226769,Exact/R,census,2026-08-24T03:02:29.698Z
"5023 OKEECHOBEE BLVD, WEST PALM BEACH, 33417",26.707066345626,-80.11978176744,Exact/R,census,2026-08-24T03:02:29.698Z
"5028 W ATLANTIC AVE, DELRAY BEACH, 33484",26.457708208027,-80.123060325829,Exact/R,census,2026-08-24T03:02:29.698Z
"5029A OKEECHOBEE BLVD, WEST PALM BEACH, 33417",26.707068440036,-80.119884393377,Non_Exact/R,census,2026-08-24T03:02:29.698Z
"5030 CHAMPION BLVD BLDG J, BOCA RATON, 33496",26.411848206485,-80.123414486954,Non_Exact/R,census,2026-08-24T03:02:29.698Z
"5030 CHAMPION BLVD D3, BOCA RATON, 33496",26.411848206485,-80.123414486954,Exact/R,census,2026-08-24T03:02:29.698Z
"5030 CHAMPION BLVD G14, BOCA RATON, 33496",26.411848206485,-80.123414486954,Non_Exact/R,census,2026-08-24T03:02:29.698Z
"5030 CHAMPION BLVD G1A, BOCA RATON, 33496",26.411848206485,-80.123414486954,Exact/R,census,2026-08-24T03:02:29.698Z
"5030 CHAMPION BLVD G1B, BOCA RATON, 33496",26.411848206485,-80.123414486954,Non_Exact/R,census,2026-08-24T03:02:29.698Z
"5030 CHAMPION BLVD STE B4, BOCA RATON, 33496",26.411848206485,-80.123414486954,Exact/R,census,2026-08-24T03:02:29.698Z
"5030 CHAMPION BLVD STE B5, BOCA RATON, 33496",26.411848206485,-80.123414486954,Exact/R,census,2026-08-24T03:02:29.698Z
"5030 CHAMPION BLVD STE G1D, BOCA RATON, 33496",26.411848206485,-80.123414486954,Exact/R,census,2026-08-24T03:02:29.698Z
"5030 CHAMPION BLVD STE G8, BOCA RATON, 33496",26.411848206485,-80.123414486954,Exact/R,census,2026-08-24T03:02:29.698Z
"5030 CHAMPION BLVD, BOCA RATON, 33496",26.411848206485,-80.123414486954,Exact/R,census,2026-08-24T03:02:29.698Z
"5030 SEMINOLE PRATT WHITNEY RD, LOXAHATCHEE, 33470",26.753781926549,-80.307339492246,Exact/L,census,2026-08-24T03:02:29.698Z
"504 VIA DE PALMAS, BOCA RATON, 33432",26.346085130617,-80.085595453543,Exact/L,census,2026-08-24T03:02:29.698Z
"505 25 ST, WEST PALM BEACH, 33407",26.736355508744,-80.054969666284,Exact/R,census,2026-08-24T03:02:29.698Z
"505 N FEDERAL HWY, BOCA RATON, 33432",26.354878969048,-80.086610050836,Exact/L,census,2026-08-24T03:02:29.698Z
"505 S FLAGLER DR, WEST PALM BEACH, 33401",26.709257547748,-80.050507109959,Exact/R,census,2026-08-24T03:02:29.698Z
"5050 TOWN CENTER CIR 239, BOCA RATON, 33486",26.363066718632,-80.121983112092,Non_Exact/L,census,2026-08-24T03:02:29.698Z
"5050 TOWN CENTER CIR STE 221, BOCA RATON, 33486",26.363066718632,-80.121983112092,Exact/L,census,2026-08-24T03:02:29.698Z
"5050 TOWN CENTER CIRCLE 223, BOCA RATON, 33486",26.363066718632,-80.121983112092,Exact/L,census,2026-08-24T03:02:29.698Z
"5050 TOWN CENTER CIRCLE SUITE 247, BOCA RATON, 33486",26.363066718632,-80.121983112092,Exact/L,census,2026-08-24T03:02:29.698Z
"5054 W ATLANTIC AVE, DELRAY BEACH, 33484",26.457717237907,-80.123417570122,Exact/R,census,2026-08-24T03:02:29.698Z
"506 LUCERNE AVE UNIT 2, LAKE WORTH, 33460",26.616574566728,-80.053491640085,Exact/R,census,2026-08-24T03:02:29.698Z
"5060 SEMINOLE PRATT WHITNEY RD, WESTLAKE, 33470",26.754689337302,-80.307315421762,Exact/L,census,2026-08-24T03:02:29.698Z
"5064 W ATLANTIC AVE, DELRAY BEACH, 33484",26.457720710938,-80.123554971773,Exact/R,census,2026-08-24T03:02:29.698Z
"507 SE MIZNER BLVD, BOCA RATON, 33432",26.345628734167,-80.085081709149,Exact/R,census,2026-08-24T03:02:29.698Z
"5070 W ATLANTIC AVE, DELRAY BEACH, 33484",26.457722794756,-80.123637412763,Exact/R,census,2026-08-24T03:02:29.698Z
"5075 OKEECHOBEE BLVD UNIT B, WEST PALM BEACH, 33417",26.707084497174,-80.120671192233,Non_Exact/R,census,2026-08-24T03:02:29.698Z
"508 CLEMATIS ST, WEST PALM BEACH, 33401",26.713355854312,-80.055479224858,Exact/L,census,2026-08-24T03:02:29.698Z
"508 LAKE AVE SUITE C, LAKE WORTH, 33460",26.615864052499,-80.05353566896,Non_Exact/R,census,2026-08-24T03:02:29.698Z
"508 VIA DE PALMAS, BOCA RATON, 33432",26.346061107723,-80.085623320101,Exact/L,census,2026-08-24T03:02:29.698Z
"5080 PGA BLVD 105, PALM BEACH GARDENS, 33418",26.838421940474,-80.1140629138,Exact/L,census,2026-08-24T03:02:29.698Z
"5080 W ATLANTIC AVE, DELRAY BEACH, 33484",26.457726267787,-80.123774814414,Exact/R,census,2026-08-24T03:02:29.698Z
"5083 OKEECHOBEE BVLD, WEST PALM BEACH, 33417",26.707087289719,-80.120808026817,Non_Exact/R,census,2026-08-24T03:02:29.698Z
"5088 SEMINOLE PRATT WHITNEY RD, LOXAHATCHEE, 33470",26.75553575375,-80.307291297698,Exact/L,census,2026-08-24T03:02:29.698Z
"509 CLEMATIS ST, WEST PALM BEACH, 33401",26.71347039828,-80.055475534562,Exact/R,census,2026-08-24T03:02:29.698Z
"509 E BOYNTON BEACH BLVD, BOYNTON BEACH, 33435",26.528956415757,-80.059283040942,Exact/L,census,2026-08-24T03:02:29.698Z
"509 NORTHLAKE BLVD, NORTH PALM BEACH, 33408",26.807583784944,-80.062309523242,Exact/L,census,2026-08-24T03:02:29.698Z
"5090 PGA BLVD 100, PALM BEACH GARDENS, 33418",26.838424796697,-80.114142709464,Exact/L,census,2026-08-24T03:02:29.698Z
"5096 FOREST HILL BLVD STE 300, WEST PALM BEACH, 33415",26.651821412353,-80.121815297645,Exact/L,census,2026-08-24T03:02:29.698Z
"5096 FOREST HILL BLVD STE 400, WEST PALM BEACH, 33415",26.651821412353,-80.121815297645,Exact/L,census,2026-08-24T03:02:29.698Z
"5096 FOREST HILL BLVD STE 500, WEST PALM BEACH, 33415",26.651821412353,-80.121815297645,Exact/L,census,2026-08-24T03:02:29.698Z
"5096 FOREST HILL BLVD STE 900, WEST PALM BEACH, 33415",26.651821412353,-80.121815297645,Exact/L,census,2026-08-24T03:02:29.698Z
"5098 FOREST HILL BLVD 6, WEST PALM BEACH, 33415",26.651822016002,-80.121839184879,Exact/L,census,2026-08-24T03:02:29.698Z
"51 SE 1 AVE, BOCA RATON, 33432",26.349137628234,-80.085703898173,Exact/R,census,2026-08-24T03:02:29.698Z
"510 E OCEAN AVE UNIT 101, BOYNTON BEACH, 33435",26.527027696318,-80.059168687413,Exact/R,census,2026-08-24T03:02:29.698Z
"510 E OCEAN AVENUE, BOYNTON BEACH, 33435",26.527027696318,-80.059168687413,Exact/R,census,2026-08-24T03:02:29.698Z
"510 LANTANA RD, LANTANA, 33462",26.58663980968,-80.050452732804,Exact/R,census,2026-08-24T03:02:29.698Z
"510 US HWY 27 N, SOUTH BAY, 33493",26.671616279328,-80.719864878402,Exact/R,census,2026-08-24T03:02:29.698Z
"5101 CONGRESS AVENUE, BOCA RATON, 33431",26.394505197764,-80.102419573951,Non_Exact/L,census,2026-08-24T03:02:29.698Z
"5101 S DIXIE HWY, WEST PALM BEACH, 33405",26.66740990799,-80.055403250482,Exact/R,census,2026-08-24T03:02:29.698Z
"511 NE 4 S, BOYNTON BEACH, 33435",26.5308323,-80.0588933,google:ROOFTOP,google,2026-08-24T12:15:59.167Z
"511 NE 4TH ST, BOYNTON BEACH, 33435",26.530897044483,-80.058788581758,Exact/L,census,2026-08-24T03:02:29.698Z
"511 NORTHWOOD RD, WEST PALM BEACH, 33407",26.735054227391,-80.055119808744,Exact/R,census,2026-08-24T03:02:29.698Z
"5110 117TH COURT NORTH, PALM BEACH GARDENS, 33418",26.849208785957,-80.115726629229,Exact/R,census,2026-08-24T03:02:29.698Z
"512 E WOOLBRIGHT 290, BOYNTON BEACH, 33435",26.514501652534,-80.059500922835,Non_Exact/R,census,2026-08-24T03:02:29.698Z
"512 LUCERNE AVE, LAKE WORTH, 33460",26.616576003908,-80.053543857579,Exact/R,census,2026-08-24T03:02:29.698Z
"513 NORTHLAKE BLVD, NORTH PALM BEACH, 33408",26.807595191241,-80.062429289316,Exact/L,census,2026-08-24T03:02:29.698Z
"5130 LINTON BLVD STE I6, DELRAY BEACH, 33484",26.439231803103,-80.124101613634,Exact/L,census,2026-08-24T03:02:29.698Z
"5130 NW 8 AVE, BOCA RATON, 33487",26.394955955481,-80.098125982877,Exact/R,census,2026-08-24T03:02:29.698Z
"515 NE 20 ST, BOCA RATON, 33431",26.368225471793,-80.078982796962,Exact/L,census,2026-08-24T03:02:29.698Z
"5150 TOWN CENTER CIR, BOCA RATON, 33486",26.361683667087,-80.12196358379,Exact/L,census,2026-08-24T03:02:29.698Z
"5155 WEST ATLANTIC AVE STE A280, DELRAY BEACH, 33484",26.457877580296,-80.126126083589,Exact/L,census,2026-08-24T03:02:29.698Z
"516 LUCERNE AVE, LAKE WORTH, 33460",26.616576962028,-80.053578669241,Exact/R,census,2026-08-24T03:02:29.698Z
"516 N STATE RD 7, ROYAL PALM BEACH, 33411",26.684809010813,-80.202077441907,Exact/L,census,2026-08-24T03:02:29.698Z
"516 S DIXIE HWY STE 4, LAKE WORTH, 33460",26.609585619004,-80.057502479768,Exact/L,census,2026-08-24T03:02:29.698Z
"516 S DIXIE HWY, LAKE WORTH, 33460",26.609585619004,-80.057502479768,Exact/L,census,2026-08-24T03:02:29.698Z
"517 25 ST, WEST PALM BEACH, 33407",26.736360665205,-80.055198612913,Exact/R,census,2026-08-24T03:02:29.698Z
"517 CLEMATIS ST, WEST PALM BEACH, 33401",26.713473802657,-80.055607964684,Exact/R,census,2026-08-24T03:02:29.698Z
"517 LAKE AVE, LAKE WORTH, 33460",26.615751430797,-80.053608887203,Exact/L,census,2026-08-24T03:02:29.698Z
"517 N OLIVE AVE, WEST PALM BEACH, 33401",26.717158362518,-80.05187269045,Exact/L,census,2026-08-24T03:02:29.698Z
"518 INDUSTRIAL AVE 12, BOYNTON BEACH, 33426",26.530296761489,-80.07537794591,Non_Exact/R,census,2026-08-24T03:02:29.698Z
"518 N US HWY 1, TEQUESTA, 33469",26.966396279872,-80.086079108102,Exact/R,census,2026-08-24T03:02:29.698Z
"518 S DIXIE HWY, WEST PALM BEACH, 33401",26.709204910966,-80.05357579972,Exact/L,census,2026-08-24T03:02:29.698Z
"518 US1 SOUTH, TEQUESTA, 33469",26.966396279872,-80.086079108102,Non_Exact/R,census,2026-08-24T03:02:29.698Z
"519 CLEMATIS STREET, WEST PALM BEACH, 33401",26.713474653751,-80.055641072215,Exact/R,census,2026-08-24T03:02:29.698Z
"5195 W ATLANTIC AVE STE L, DELRAY BEACH, 33484",26.457875228879,-80.126394145782,Non_Exact/L,census,2026-08-24T03:02:29.698Z
"5199 W ATLANTIC AVENUE, DELRAY BEACH, 33484",26.457874993737,-80.126420952002,Exact/L,census,2026-08-24T03:02:29.698Z
"52 N SWINTON AVE, DELRAY BEACH, 33444",26.462581175883,-80.073185865233,Exact/L,census,2026-08-24T03:02:29.698Z
"520 LINTON BLVD STE 101, DELRAY BEACH, 33444",26.439656845024,-80.077576272916,Exact/L,census,2026-08-24T03:02:29.698Z
"520 LINTON BLVD STE 102, DELRAY BEACH, 33444",26.439656845024,-80.077576272916,Exact/L,census,2026-08-24T03:02:29.698Z
"5201 GEORGIA AVE, WEST PALM BEACH, 33405",26.667244822664,-80.058829085951,Exact/R,census,2026-08-24T03:02:29.698Z
"5201 N DIXIE HWY, BOCA RATON, 33487",26.395507038031,-80.080249649982,Exact/L,census,2026-08-24T03:02:29.698Z
"522 BELVEDERE RD, WEST PALM BEACH, 33405",26.69032153842,-80.056539368956,Exact/L,census,2026-08-24T03:02:29.698Z
"522 CLEMATIS ST, WEST PALM BEACH, 33401",26.713361811971,-80.055710977572,Exact/L,census,2026-08-24T03:02:29.698Z
"522 E ATLANTIC AVE, DELRAY BEACH, 33483",26.461602841473,-80.067789275993,Exact/R,census,2026-08-24T03:02:29.698Z
"522 E WOOLBRIGHT RD, BOYNTON BEACH, 33435",26.514502114684,-80.059427671715,Exact/R,census,2026-08-24T03:02:29.698Z
"522 LANTANA, LANTANA, 33462",26.58663980968,-80.050452057871,Non_Exact/R,census,2026-08-24T03:02:29.698Z
"522 LUCERNE AVE, LAKE WORTH, 33460",26.616578399208,-80.053630886735,Exact/R,census,2026-08-24T03:02:29.698Z
"523 25 ST, WEST PALM BEACH, 33407",26.736363243435,-80.055313086228,Exact/R,census,2026-08-24T03:02:29.698Z
"523 CLEMATIS STREET, WEST PLAM BEACH, 33401",26.713476355939,-80.055707287275,Non_Exact/R,census,2026-08-24T03:02:29.698Z
"5230 DONALD ROSS RD, PALM BEACH GARDENS, 33418",26.8825611,-80.1148785,google:ROOFTOP,google,2026-08-24T12:15:59.167Z
"524 E WOOLBRIGHT RD, BOYNTON BEACH, 33435",26.514502207114,-80.059413021491,Exact/R,census,2026-08-24T03:02:29.698Z
"524 S DIXIE HWY, LAKE WORTH, 33460",26.609489907635,-80.057505826322,Exact/L,census,2026-08-24T03:02:29.698Z
"524 W ATLANTIC AVE, DELRAY BEACH, 33444",26.461557841723,-80.078461947282,Exact/L,census,2026-08-24T03:02:29.698Z
"5240 DONALD ROSS RD BLG H7 UNIT 100, PALM BEACH GARDENS, 33418",26.8825406,-80.11547399999999,google:ROOFTOP,google,2026-08-24T12:15:59.167Z
"5240 DONALD ROSS ROAD, PALM BEACH GARDENS, 33418",26.8824763,-80.1153795,google:ROOFTOP,google,2026-08-24T12:15:59.167Z
"525 E ATLANTIC AVE, DELRAY BEACH, 33483",26.461717432841,-80.067771225012,Exact/L,census,2026-08-24T03:02:29.698Z
"525 GATOR DR, LANTANA, 33462",26.590547301043,-80.055837577539,Exact/L,census,2026-08-24T03:02:29.698Z
"525 NW 77TH ST, BOCA RATON, 33487",26.417905444397,-80.091952811514,Exact/L,census,2026-08-24T03:02:29.698Z
"525 US 1, NORTH PALM BEACH, 33408",26.811844496418,-80.05696469608,Exact/L,census,2026-08-24T03:02:29.698Z
"5250 DONALD ROSS RD 100, PALM BEACH GARDENS, 33418",26.8819135,-80.1157465,google:ROOFTOP,google,2026-08-24T12:15:59.167Z
"5250 DONALD ROSS RD BLDG L STE 105, PALM BEACH GARDENS, 33418",26.8819276,-80.115707,google:ROOFTOP,google,2026-08-24T12:15:59.167Z
"5250 TOWN CENTER CIR 131, BOCA RATON, 33486",26.361186973355,-80.124428956974,Non_Exact/L,census,2026-08-24T03:02:29.698Z
"5250 TOWN CENTER CIR STE 101, BOCA RATON, 33486",26.361186973355,-80.124428956974,Exact/L,census,2026-08-24T03:02:29.698Z
"5250 TOWN CENTER CIR STE 111, BOCA RATON, 33486",26.361186973355,-80.124428956974,Exact/L,census,2026-08-24T03:02:29.698Z
"5250 TOWN CENTER CIR, BOCA RATON, 33486",26.361186973355,-80.124428956974,Exact/L,census,2026-08-24T03:02:29.698Z
"5250 TOWN CENTER CIRCLE, BOCA RATON, 33486",26.361186973355,-80.124428956974,Exact/L,census,2026-08-24T03:02:29.698Z
"526 CLEMATIS STREET, WEST PALM BEACH, 33401",26.713363514159,-80.055777192632,Exact/L,census,2026-08-24T03:02:29.698Z
"5270 DONALD ROSS RD UNIT 125, PALM BEACH GARDENS, 33418",26.8806291,-80.115317,google:ROOFTOP,google,2026-08-24T12:15:59.167Z
"528 NE 2 ST, DELRAY BEACH, 33483",26.46525684055,-80.067603543267,Exact/R,census,2026-08-24T03:02:29.698Z
"5283 LAKE WORTH RD STE 1, GREENACRES, 33463",26.619024581228,-80.126251525716,Exact/L,census,2026-08-24T03:02:29.698Z
"5283 LAKE WORTH RD, GREEN ACRES, 33463",26.619024581228,-80.126251525716,Exact/L,census,2026-08-24T03:02:29.698Z
"5283 LAKE WORTH RD, GREENACRES, 33463",26.619024581228,-80.126251525716,Exact/L,census,2026-08-24T03:02:29.698Z
"529 E OCEAN AVE, BOYNTON BEACH, 33435",26.527146705991,-80.05896551759,Exact/L,census,2026-08-24T03:02:29.698Z
"529-535 25 ST, WEST PALM BEACH, 33407",26.736368399896,-80.055542032858,Non_Exact/R,census,2026-08-24T03:02:29.698Z
"5300 DONALD ROSS ROAD 130, PALM BEACH GARDENS, 33418",26.8825828,-80.116631,google:ROOFTOP,google,2026-08-24T12:15:59.167Z
"5300 GEORGIA AVE, WEST PALM BEACH, 33405",26.666682348188,-80.058712083307,Exact/L,census,2026-08-24T03:02:29.698Z
"5301 N FEDERAL HWY CAFE GROUND FLR, BOCA RATON, 33487",26.39584888948,-80.076518053516,Non_Exact/L,census,2026-08-24T03:02:29.698Z
"531 1/2 CLEMATIS ST, WEST PALM BEACH, 33401",26.713479760315,-80.055839717397,Non_Exact/R,census,2026-08-24T03:02:29.698Z
"531 S MAIN ST, BELLE GLADE, 33430",26.681632529172,-80.668075805712,Exact/L,census,2026-08-24T03:02:29.698Z
"5310 DONALD ROSS RD STE 100, PALM BEACH GARDENS, 33418",26.8817237,-80.1161054,google:ROOFTOP,google,2026-08-24T12:15:59.167Z
"532 NW 77 ST, BOCA RATON, 33487",26.417790853027,-80.091847220652,Exact/R,census,2026-08-24T03:02:29.698Z
"5320 DONALD ROSS RD BLDG R STE 105, PALM BEACH GARDENS, 33418",26.8815747,-80.1156395,google:ROOFTOP,google,2026-08-24T12:15:59.167Z
"5320 DONALD ROSS RD, PALM BEACH GARDENS, 33418",,,google:GEOMETRIC_CENTER-too-coarse,google,2026-08-24T12:15:59.167Z
"5320 DONALD ROSS ROAD, PALM BEACH GARDENS, 33418",,,google:GEOMETRIC_CENTER-too-coarse,google,2026-08-24T12:15:59.167Z
"533 CLEMATIS ST, WEST PALM BEACH, 33401",26.71348061141,-80.055872824928,Exact/R,census,2026-08-24T03:02:29.698Z
"5330 DONALD ROSS RD, PALM BEACH GARDENS, 33418",26.8808969,-80.1163808,google:ROOFTOP,google,2026-08-24T12:15:59.167Z
"5335 N MILITARY TRL STE 29, WEST PALM BEACH, 33407",26.758713533462,-80.108806902286,Exact/L,census,2026-08-24T03:02:29.698Z
"5335 N MILITARY TRL STE 49, WEST PALM BEACH, 33407",26.758713533462,-80.108806902286,Exact/L,census,2026-08-24T03:02:29.698Z
"534 E WOOLBRIGHT RD, BOYNTON BEACH, 33435",26.514502669265,-80.05933977037,Exact/R,census,2026-08-24T03:02:29.698Z
"5343 NORTHLAKE BLVD, PALM BEACH GARDENS, 33418",26.809455031491,-80.125086377023,Exact/L,census,2026-08-24T03:02:29.698Z
"5352 LINTON BLVD, DELRAY BEACH, 33484",26.439251653177,-80.127370622802,Exact/L,census,2026-08-24T03:02:29.698Z
"5355 TOWN CENTER RD, BOCA RATON, 33486",26.363671458824,-80.127079630883,Exact/L,census,2026-08-24T03:02:29.698Z
"5371 10 AVE N 6, GREENACRES, 33463",26.631292006136,-80.127351564787,Exact/R,census,2026-08-24T03:02:29.698Z
"5371 10 AVE N STE 6, GREENACRES, 33463",26.631292006136,-80.127351564787,Exact/R,census,2026-08-24T03:02:29.698Z
"5377 TOWN CENTER RD 300, BOCA RATON, 33486",26.363671458828,-80.127242753658,Exact/L,census,2026-08-24T03:02:29.698Z
"5377 TOWN CENTER RD STE 200, BOCA RATON, 33486",26.363671458828,-80.127242753658,Exact/L,census,2026-08-24T03:02:29.698Z
"5377 TOWN CENTER RD STE 400, BOCA RATON, 33486",26.363671458828,-80.127242753658,Exact/L,census,2026-08-24T03:02:29.698Z
"5377 TOWN CENTER RD, BOCA RATON, 33486",26.363671458828,-80.127242753658,Exact/L,census,2026-08-24T03:02:29.698Z
"538 NORTHWOOD RD, WEST PALM BEACH, 33407",26.734954126669,-80.055657904188,Exact/L,census,2026-08-24T03:02:29.698Z
"5380 10 AVE N, GREENACRES, 33463",26.63118556949,-80.127705261291,Exact/L,census,2026-08-24T03:02:29.698Z
"540 CLEMATIS ST, WEST PALM BEACH, 33401",26.713369471818,-80.056008945346,Exact/L,census,2026-08-24T03:02:29.698Z
"5400 CHAMPION BLVD, BOCA RATON, 33496",26.420648296436,-80.127294571494,Exact/R,census,2026-08-24T03:02:29.698Z
"5400 DONALD ROSS ROAD, PALM BEACH GARDENS, 33418",26.8825237,-80.1176524,google:ROOFTOP,google,2026-08-24T12:15:59.167Z
"541 SE 18 AVE, BOYNTON BEACH, 33435",26.512284652102,-80.059716047741,Exact/L,census,2026-08-24T03:02:29.698Z
"5420 DONALD ROSS RD C1-115, PALM BEACH GARDENS, 33410",26.8808012,-80.1180017,google:ROOFTOP,google,2026-08-24T12:15:59.167Z
"543 N STATE RD 7 STE 103, ROYAL PALM BEACH, 33411",26.685830282186,-80.20214330878,Exact/R,census,2026-08-24T03:02:29.698Z
"5430 DONALD ROSS ROAD, PALM BEACH GARDENS, 33418",26.8825753,-80.1183606,google:ROOFTOP,google,2026-08-24T12:15:59.167Z
"5430 MILITARY TRAIL, JUPITER, 33458",26.885788257364,-80.103633317206,Exact/R,census,2026-08-24T03:02:29.698Z
"5430 MILITARY TRL STE 78, JUPITER, 33458",26.885788257364,-80.103633317206,Exact/R,census,2026-08-24T03:02:29.698Z
"5430 MILITARY TRL, JUPITER, 33458",26.885788257364,-80.103633317206,Exact/R,census,2026-08-24T03:02:29.698Z
"5430 N MILITARY TRAIL STE 70, JUPITER, 33458",26.885788257364,-80.103633317206,Non_Exact/R,census,2026-08-24T03:02:29.698Z
"544 GATEWAY 4, BOYNTON BEACH, 33435",26.549065539637,-80.057924398479,Non_Exact/R,census,2026-08-24T03:02:29.698Z
"5440 MILITARY TRL STE 1, JUPITER, 33458",26.885621768756,-80.103639686827,Exact/R,census,2026-08-24T03:02:29.698Z
"5440 MILITARY TRL STE 5, JUPITER, 33458",26.885621768756,-80.103639686827,Exact/R,census,2026-08-24T03:02:29.698Z
"5444 HAVERHILL RD, WEST PALM BEACH, 33407",26.756646267749,-80.117039585926,Exact/R,census,2026-08-24T03:02:29.698Z
"5444 HAVERHILL ROAD, WEST PALM BEACH, 33407",26.756646267749,-80.117039585926,Exact/R,census,2026-08-24T03:02:29.698Z
"545 N CONGRESS AVE, BOYNTON BEACH, 33426",26.532393867019,-80.090636883224,Exact/R,census,2026-08-24T03:02:29.698Z
"5455 N FEDERAL HWY, BOCA RATON, 33487",26.397427449786,-80.076294340346,Exact/L,census,2026-08-24T03:02:29.698Z
"548 E WOOLBRIGHT RD, BOYNTON BEACH, 33435",26.514503316276,-80.059237218801,Exact/R,census,2026-08-24T03:02:29.698Z
"5480 MILITARY TRL, JUPITER, 33458",26.884955814325,-80.103665165313,Exact/R,census,2026-08-24T03:02:29.698Z
"5483 BOCA DELRAY BLVD, DELRAY BEACH, 33484",26.426907213585,-80.129539023659,Exact/R,census,2026-08-24T03:02:29.698Z
"5490 N MILITARY TRL, JUPITER, 33458",26.884789325717,-80.103671534934,Non_Exact/R,census,2026-08-24T03:02:29.698Z
"5500 N MILITARY TRL 48, JUPITER, 33458",26.884622837109,-80.103677904556,Non_Exact/R,census,2026-08-24T03:02:29.698Z
"5500 N MILITARY TRL, JUPITER, 33458",26.884622837109,-80.103677904556,Non_Exact/R,census,2026-08-24T03:02:29.698Z
"5500 S SR 7 STE 100, LAKE WORTH, 33449",26.595885839886,-80.205399971972,Non_Exact/L,census,2026-08-24T03:02:29.698Z
"5500 S SR 7 STE 116, LAKE WORTH, 33467",26.595885839886,-80.205399971972,Non_Exact/L,census,2026-08-24T03:02:29.698Z
"5501 CORPORATE WAY, WEST PALM BEACH, 33407",26.760858952127,-80.089341876533,Exact/L,census,2026-08-24T03:02:29.698Z
"551 LINTON BLVD UNIT C4, DELRAY BEACH, 33444",26.439762088009,-80.078644952854,Exact/R,census,2026-08-24T03:02:29.698Z
"5520 PGA BLVD 100 & 104, PALM BEACH GARDENS, 33418",26.838654478948,-80.121267649221,Non_Exact/L,census,2026-08-24T03:02:29.698Z
"5520 PGA BLVD STE 112, PALM BEACH GARDENS, 33418",26.838654478948,-80.121267649221,Exact/L,census,2026-08-24T03:02:29.698Z
"5530 GLADES RD, BOCA RATON, 33431",26.368246945389,-80.129823297727,Exact/L,census,2026-08-24T03:02:29.698Z
"5530 PGA BLVD 101, PALM BEACH GARDENS, 33418",26.838659547908,-80.121417364476,Exact/L,census,2026-08-24T03:02:29.698Z
"555 N FEDERAL HIGHWAY, BOCA RATON, 33432",26.35543617132,-80.086547866744,Exact/L,census,2026-08-24T03:02:29.698Z
"555 N FEDERAL HWY 7, BOCA RATON, 33432",26.35543617132,-80.086547866744,Non_Exact/L,census,2026-08-24T03:02:29.698Z
"555 N FEDERAL HWY, BOCA RATON, 33432",26.35543617132,-80.086547866744,Exact/L,census,2026-08-24T03:02:29.698Z
"555 NORTH FEDERAL HWY SUITE 11-12, BOCA RATON, 33432",26.35543617132,-80.086547866744,Exact/L,census,2026-08-24T03:02:29.698Z
"555 OKECHOBEE BLVD, WEST PALM BEACH, 33401",26.705724048947,-80.056523658657,Non_Exact/R,census,2026-08-24T03:02:29.698Z
"5550 N MILITARY TRAIL SUITE 214, BOCA RATON, 33496",26.398431710992,-80.121291096655,Exact/L,census,2026-08-24T03:02:29.698Z
"556 DR MLK JR BLVD W, BELLE GLADE, 33430",26.6821386,-80.67374389999999,google:ROOFTOP,google,2026-08-24T12:15:59.167Z
"556 E GATEWAY BLVD, BOYNTON BEACH, 33435",26.549060454971,-80.057585421291,Non_Exact/R,census,2026-08-24T03:02:29.698Z
"5560 MILITARY TRL STE 312, BOCA RATON, 33496",26.399194332844,-80.121306949372,Non_Exact/L,census,2026-08-24T03:02:29.698Z
"5560 N MILITARY TRL 316, BOCA RATON, 33496",26.399194332844,-80.121306949372,Exact/L,census,2026-08-24T03:02:29.698Z
"5560 N MILITARY TRL STE 300-302-304, BOCA RATON, 33496",26.399194332844,-80.121306949372,Exact/L,census,2026-08-24T03:02:29.698Z
"5560 N MILITARY TRL STE 324, BOCA RATON, 33487",26.399194332844,-80.121306949372,Non_Exact/L,census,2026-08-24T03:02:29.698Z
"5560 N MILITARY TRL STE C 326-328, BOCA RATON, 33496",26.399194332844,-80.121306949372,Non_Exact/L,census,2026-08-24T03:02:29.698Z
"5560 N MILITARY TRL, BOCA RATON, 33431",26.399194332844,-80.121306949372,Non_Exact/L,census,2026-08-24T03:02:29.698Z
"5570 N MILITARY TRL 400, BOCA RATON, 33496",26.399957768665,-80.121315895865,Non_Exact/L,census,2026-08-24T03:02:29.698Z
"5570 N MILITARY TRL BAY 402, BOCA RATON, 33496",26.399957768665,-80.121315895865,Exact/L,census,2026-08-24T03:02:29.698Z
"5580 N MILITARY TRL 500, BOCA RATON, 33496",26.40072109149,-80.121323270357,Exact/L,census,2026-08-24T03:02:29.698Z
"560 N SR 7, ROYAL PALM BEACH, 33411",26.686322278469,-80.201967381163,Exact/L,census,2026-08-24T03:02:29.698Z
"560 N US HWY, TEQUESTA, 33469",,,google:GEOMETRIC_CENTER-too-coarse,google,2026-08-24T12:15:59.167Z
"560 OKEECHOBEE BLVD, WEST PALM BEACH, 33401",26.705626399368,-80.056634062924,Exact/L,census,2026-08-24T03:02:29.698Z
"5607 DIXIE HWY, WEST PALM BEACH, 33405",26.663597884648,-80.055683937058,Non_Exact/R,census,2026-08-24T03:02:29.698Z
"5607 S DIXIE HIGHWAY, WEST PALM BEACH, 33405",26.663597884648,-80.055683937058,Exact/R,census,2026-08-24T03:02:29.698Z
"5607 S DIXIE HWY, WEST PALM BEACH, 33405",26.663597884648,-80.055683937058,Exact/R,census,2026-08-24T03:02:29.698Z
"5615 S DIXIE HWY, WEST PALM BEACH, 33405",26.663412615242,-80.055696619569,Exact/R,census,2026-08-24T03:02:29.698Z
"5615 S DIXIE RD, WEST PALM BEACH, 33405",26.663412615242,-80.055696619569,Non_Exact/R,census,2026-08-24T03:02:29.698Z
"5624 LINTON BLVD, DELRAY BEACH, 33484",26.439134194179,-80.131177595798,Exact/R,census,2026-08-24T03:02:29.698Z
"5640 CORPORATE WAY 1, WEST PALM BEACH, 33407",26.761444779516,-80.090326333133,Exact/R,census,2026-08-24T03:02:29.698Z
"5641 OKEECHOBEE BLVD, WEST PALM BEACH, 33417",26.70727859931,-80.129349057366,Exact/L,census,2026-08-24T03:02:29.698Z
"565 S ROSEMARY AVE, WEST PALM BEACH, 33401",26.708948685893,-80.057208735388,Exact/R,census,2026-08-24T03:02:29.698Z
"566 N US HWY 1, TEQUESTA, 33469",26.966506829665,-80.086117462107,Exact/R,census,2026-08-24T03:02:29.698Z
"5700 S DIXIE HWY, WEST PALM BEACH, 33405",26.6631971,-80.055404,google:ROOFTOP,google,2026-08-24T12:15:59.167Z
"5701 N AUSTRALIAN AVE, WEST PALM BEACH, 33407",26.761907895914,-80.071714975731,Exact/L,census,2026-08-24T03:02:29.698Z
"571 LINTON BLVD B2, DELRAY BEACH, 33444",26.439760382973,-80.078839753676,Exact/R,census,2026-08-24T03:02:29.698Z
"572 E CANAL ST S, BELLE GLADE, 33430",26.682875526728,-80.661505249881,Exact/L,census,2026-08-24T03:02:29.698Z
"5745 COLUMBIA CIR, MANGONIA PARK, 33407",26.761962538604,-80.07645256224,Exact/R,census,2026-08-24T03:02:29.698Z
"5751 N FEDERAL HWY, BOCA RATON, 33487",26.400508250879,-80.076301381348,Exact/L,census,2026-08-24T03:02:29.698Z
"5756 OKEECHOBEE BLVD, WEST PALM BEACH, 33417",26.707234946368,-80.131773183654,Exact/R,census,2026-08-24T03:02:29.698Z
"5770 OKEECHOBEE BLVD, WEST PALM BEACH, 33417",26.707240661347,-80.131989876397,Exact/R,census,2026-08-24T03:02:29.698Z
"5774 OKEECHOBEE BLVD, WEST PALM BEACH, 33417",26.707242294198,-80.132051788609,Exact/R,census,2026-08-24T03:02:29.698Z
"5776 S JOG ROAD, LAKE WORTH, 33467",26.592394983403,-80.147392133637,Non_Exact/L,census,2026-08-24T03:02:29.698Z
"5778 OKEECHOBEE BLVD, WEST PALM BEACH, 33417",26.707243927049,-80.132113700821,Exact/R,census,2026-08-24T03:02:29.698Z
"5780 OKEECHOBEE BLVD, WEST PALM BEACH, 33417",26.707244743475,-80.132144656927,Exact/R,census,2026-08-24T03:02:29.698Z
"5784 OKEECHOBEE BLVD, WEST PALM BEACH, 33417",26.707246376326,-80.132206569139,Exact/R,census,2026-08-24T03:02:29.698Z
"5792 JOG RD, LAKE WORTH, 33467",26.592198944779,-80.147395239888,Exact/L,census,2026-08-24T03:02:29.698Z
"5796 JOG RD, LAKE WORTH, 33467",26.592149935123,-80.147396016451,Exact/L,census,2026-08-24T03:02:29.698Z
"580 HIBISCUS ST, WEST PALM BEACH, 33401",26.878185159383,-80.054216492213,Non_Exact/L,census,2026-08-24T03:02:29.698Z
"580 HIBISCUS STREET, WEST PALM BEACH, 33401",26.878185159383,-80.054216492213,Non_Exact/L,census,2026-08-24T03:02:29.698Z
"5801 LAKE WORTH RD, GREENACRES CITY, 33463",26.619133369283,-80.134932137266,Non_Exact/R,census,2026-08-24T03:02:29.698Z
"5815 LAKE WORTH RD, GREENACRES, 33463",26.61913794835,-80.135166686953,Exact/R,census,2026-08-24T03:02:29.698Z
"5815 S DIXIE HWY, WEST PALM BEACH, 33405",26.662289566927,-80.055782377717,Exact/R,census,2026-08-24T03:02:29.698Z
"5817 S CONGRESS AVE, ATLANTIS, 33462",26.591063526699,-80.093991127309,Exact/R,census,2026-08-24T03:02:29.698Z
"5820 GLADES RD 2ND FLOOR, BOCA RATON, 33431",26.368477617677,-80.133092578497,Exact/L,census,2026-08-24T03:02:29.698Z
"5820 GLADES RD, BOCA RATON, 33431",26.368477617677,-80.133092578497,Exact/L,census,2026-08-24T03:02:29.698Z
"5837 N FEDERAL HWY, BOCA RATON, 33487",26.401317251762,-80.076307528947,Exact/L,census,2026-08-24T03:02:29.698Z
"5840 GLADES RD, BOCA RATON, 33431",26.368502601802,-80.133449082619,Exact/L,census,2026-08-24T03:02:29.698Z
"5841 LAKE WORTH ROAD, GREENACRES, 33463",26.61914645233,-80.135602279228,Exact/R,census,2026-08-24T03:02:29.698Z
"5848 W ATLANTIC AVE STE 142, DELRAY BEACH, 33484",26.456024643078,-80.136561712259,Exact/R,census,2026-08-24T03:02:29.698Z
"585 E MAIN ST, PAHOKEE, 33476",26.826807871063,-80.660632478003,Exact/L,census,2026-08-24T03:02:29.698Z
"585 FERN ST, WEST PALM BEACH, 33401",26.710505743779,-80.056809483857,Exact/R,census,2026-08-24T03:02:29.698Z
"5850 OKKEECHOBEE BLVD, WEST PALM BEACH, 33417",26.707273318368,-80.133228120638,Non_Exact/R,census,2026-08-24T03:02:29.698Z
"5857 A LAKE WORTH RD, GREEN ACRES, 33463",26.61915168555,-80.135870336013,Non_Exact/R,census,2026-08-24T03:02:29.698Z
"5860 GLADES RD, BOCA RATON, 33431",26.368527585928,-80.133805586741,Exact/L,census,2026-08-24T03:02:29.698Z
"5869 W ATLANTIC AVE, DELRAY BEACH, 33484",26.455806594463,-80.136968416524,Exact/L,census,2026-08-24T03:02:29.698Z
"5877 S CONGRESS AVE, LAKE WORTH, 33462",26.590125858516,-80.094008362248,Exact/R,census,2026-08-24T03:02:29.698Z
"5879 S CONGRESS AVE, ATLANTIS, 33462",26.590094647724,-80.094008728818,Exact/R,census,2026-08-24T03:02:29.698Z
"5880 LAKE WORTH RD, GREEN ACRES, 33463",26.619052483059,-80.136659989024,Exact/L,census,2026-08-24T03:02:29.698Z
"5885 LAKE WORTH RD, GREENACRES, 33463",26.619160843683,-80.136339435387,Exact/R,census,2026-08-24T03:02:29.698Z
"5891 S MILITARY TRL 8A, LAKE WORTH, 33463",26.59045942598,-80.114688744252,Non_Exact/R,census,2026-08-24T03:02:29.698Z
"5891 S MILITARY TRL STE A-6, LAKE WORTH, 33463",26.59045942598,-80.114688744252,Exact/R,census,2026-08-24T03:02:29.698Z
"5891 S MILITARY TRL SUITE A2, LAKE WORTH, 33463",26.59045942598,-80.114688744252,Exact/R,census,2026-08-24T03:02:29.698Z
"590 N SR-7, ROYAL PALM BEACH, 33411",26.68735249194,-80.201842215016,Exact/L,census,2026-08-24T03:02:29.698Z
"590 PLAZA REAL, BOCA RATON, 33432",26.3561652,-80.08528609999999,google:ROOFTOP,google,2026-08-24T12:15:59.167Z
"5901 S DIXIE HWY, WEST PALM BEACH, 33405",26.661694603929,-80.055825948243,Exact/R,census,2026-08-24T03:02:29.698Z
"5903 N FEDERAL HWY, BOCA RATON, 33487",26.401974336282,-80.076310655083,Exact/L,census,2026-08-24T03:02:29.698Z
"5905 STATE ROAD 7, LAKE WORTH, 33462",26.592742183972,-80.205592458915,Non_Exact/R,census,2026-08-24T03:02:29.698Z
"5908 S DIXIE HWY, WEST PALM BEACH, 33405",26.661635571772,-80.055701722905,Exact/L,census,2026-08-24T03:02:29.698Z
"5910 S JOG RD, LAKE WORTH, 33467",26.59075315993,-80.14741814849,Non_Exact/L,census,2026-08-24T03:02:29.698Z
"5911 N FEDERAL HWY, BOCA RATON, 33487",26.4020428595,-80.076310978304,Exact/L,census,2026-08-24T03:02:29.698Z
"5924 OKEECHOBEE BLVD, WEST PALM BEACH, 33417",26.707301233921,-80.134205833583,Exact/R,census,2026-08-24T03:02:29.698Z
"5925 S CONGRESS AVE, ATLANTIS, 33462",26.589376799517,-80.094017159941,Exact/R,census,2026-08-24T03:02:29.698Z
"5926 OKEECHOBEE BLVD, WEST PALM BEACH, 33417",26.707302440351,-80.134245645754,Exact/R,census,2026-08-24T03:02:29.698Z
"5949 S CONGRESS AVE, ATLANTIS, 33462",26.589002270018,-80.094021558788,Exact/R,census,2026-08-24T03:02:29.698Z
"5969 W ATLANTIC AVE STE A3, DELRAY BEACH, 33484",26.454820015343,-80.138145983597,Exact/L,census,2026-08-24T03:02:29.698Z
"5970 JOG RD STE 4, LAKE WORTH, 33467",26.590030642899,-80.147398028882,Exact/L,census,2026-08-24T03:02:29.698Z
"5970 S JOG RD STE D, LAKE WORTH, 33467",26.590030642899,-80.147398028882,Non_Exact/L,census,2026-08-24T03:02:29.698Z
"5970 SW 18 ST STE E4, BOCA RATON, 33433",26.331816116335,-80.136832532665,Exact/L,census,2026-08-24T03:02:29.698Z
"5970 SW 18 ST, BOCA RATON, 33433",26.331816116335,-80.136832532665,Exact/L,census,2026-08-24T03:02:29.698Z
"5999 N FEDERAL HWY, BOCA RATON, 33487",26.402796614892,-80.076314533733,Exact/L,census,2026-08-24T03:02:29.698Z
"6 S OCEAN BLVD, DELRAY BEACH, 33483",26.461572645732,-80.058368852488,Exact/R,census,2026-08-24T03:02:29.698Z
"60 NORTH FEDERAL HIGHWAY, BOCA RATON, 33432",26.351043099862,-80.086357920866,Exact/R,census,2026-08-24T03:02:29.698Z
"60 NW 5 AVE, DELRAY BEACH, 33444",26.462706004339,-80.078266840369,Exact/L,census,2026-08-24T03:02:29.698Z
"600 E WOOLBRIGHT RD, BOYNTON BEACH, 33435",26.514493280032,-80.058636661833,Exact/R,census,2026-08-24T03:02:29.698Z
"600 LAKE AVE, LAKE WORTH, 33460",26.615889129732,-80.054442921957,Exact/R,census,2026-08-24T03:02:29.698Z
"600 N CONGRESS AVE 160, DELRAY BEACH, 33445",26.470892109309,-80.092647094038,Exact/R,census,2026-08-24T03:02:29.698Z
"600 N CONGRESS AVE STE 110, DELRAY BEACH, 33445",26.470892109309,-80.092647094038,Exact/R,census,2026-08-24T03:02:29.698Z
"600 N CONGRESS AVE STE 160, DELRAY BEACH, 33445",26.470892109309,-80.092647094038,Exact/R,census,2026-08-24T03:02:29.698Z
"600 N CONGRESS AVE SUITE 160, DELRAY BEACH, 33445",26.470892109309,-80.092647094038,Exact/R,census,2026-08-24T03:02:29.698Z
"600 N CONGRESS AVE, DELRAY BEACH, 33445",26.470892109309,-80.092647094038,Exact/R,census,2026-08-24T03:02:29.698Z
"600 NORTH POINT PKWY, WEST PALM BEACH, 33407",26.7608976,-80.0936294,google:ROOFTOP,google,2026-08-24T12:15:59.167Z
"600 OKEECHOBEE BLVD, WEST PALM BEACH, 33401",26.705715780729,-80.057304049064,Exact/L,census,2026-08-24T03:02:29.698Z
"600 OKEEHOBEE BLVD, WEST PALM BEACH, 33401",26.705715780729,-80.057304049064,Non_Exact/L,census,2026-08-24T03:02:29.698Z
"600 VILLAGE BLVD, WEST PALM BEACH, 33409",26.713548109435,-80.098580712941,Exact/L,census,2026-08-24T03:02:29.698Z
"6000 BROKEN SOUND PKWY NW STE 201, BOCA RATON, 33487",26.4030747,-80.1150874,google:ROOFTOP,google,2026-08-24T12:15:59.167Z
"6000 GLADES RD 1015A, BOCA RATON, 33431",26.368643199259,-80.136088027767,Non_Exact/L,census,2026-08-24T03:02:29.698Z
"6000 GLADES RD 1161B, BOCA RATON, 33431",26.368643199259,-80.136088027767,Non_Exact/L,census,2026-08-24T03:02:29.698Z
"6000 GLADES RD 1162B, BOCA RATON, 33431",26.368643199259,-80.136088027767,Non_Exact/L,census,2026-08-24T03:02:29.698Z
"6000 GLADES RD SPACE 1008C, BOCA RATON, 33431",26.368643199259,-80.136088027767,Non_Exact/L,census,2026-08-24T03:02:29.698Z
"6000 GLADES RD SPC 1164C, BOCA RATON, 33431",26.368643199259,-80.136088027767,Non_Exact/L,census,2026-08-24T03:02:29.698Z
"6000 GLADES RD STE 1048A, BOCA RATON, 33431",26.368643199259,-80.136088027767,Non_Exact/L,census,2026-08-24T03:02:29.698Z
"6000 GLADES RD STE 1166C, BOCA RATON, 33431",26.368643199259,-80.136088027767,Non_Exact/L,census,2026-08-24T03:02:29.698Z
"6000 GLADES RD STE 1171C, BOCA RATON, 33431",26.368643199259,-80.136088027767,Non_Exact/L,census,2026-08-24T03:02:29.698Z
"6000 GLADES RD STE 1173, BOCA RATON, 33431",26.368643199259,-80.136088027767,Exact/L,census,2026-08-24T03:02:29.698Z
"6000 GLADES RD STE 1176, BOCA RATON, 33431",26.368643199259,-80.136088027767,Exact/L,census,2026-08-24T03:02:29.698Z
"6000 GLADES RD STE 1177A, BOCA RATON, 33431",26.368643199259,-80.136088027767,Non_Exact/L,census,2026-08-24T03:02:29.698Z
"6000 GLADES RD STE 1229, BOCA RATON, 33431",26.368643199259,-80.136088027767,Exact/L,census,2026-08-24T03:02:29.698Z
"6000 GLADES RD STE 1230, BOCA RATON, 33431",26.368643199259,-80.136088027767,Exact/L,census,2026-08-24T03:02:29.698Z
"6000 GLADES RD STE TT83, BOCA RATON, 33431",26.368643199259,-80.136088027767,Exact/L,census,2026-08-24T03:02:29.698Z
"6000 GLADES RD UNIT 1103, BOCA RATON, 33431",26.368643199259,-80.136088027767,Exact/L,census,2026-08-24T03:02:29.698Z
"6000 LAKE WORTH RD, GREENACRES, 33463",26.619086728029,-80.138380984183,Exact/L,census,2026-08-24T03:02:29.698Z
"6000 W GLADES RD 1164B, BOCA RATON, 33431",26.368643199259,-80.136088027767,Non_Exact/L,census,2026-08-24T03:02:29.698Z
"6000 W GLADES RD 1166C, BOCA RATON, 33431",26.368643199259,-80.136088027767,Non_Exact/L,census,2026-08-24T03:02:29.698Z
"6000 W GLADES RD 1174C, BOCA RATON, 33431",26.368643199259,-80.136088027767,Non_Exact/L,census,2026-08-24T03:02:29.698Z
"6000 W GLADES RD, BOCA RATON, 33431",26.368643199259,-80.136088027767,Non_Exact/L,census,2026-08-24T03:02:29.698Z
"6000 WEST GLADES RD K104B, BOCA RATON, 33431",26.368643199259,-80.136088027767,Non_Exact/L,census,2026-08-24T03:02:29.698Z
"6001 VILLAGE BLVD, WEST PALM BEACH, 33407",26.763328836757,-80.100082550608,Exact/L,census,2026-08-24T03:02:29.698Z
"6006 SW 18 ST BAY 4/5, BOCA RATON, 33433",26.33181105513,-80.137604768069,Exact/L,census,2026-08-24T03:02:29.698Z
"6006 SW 18 ST, BOCA RATON, 33433",26.33181105513,-80.137604768069,Exact/L,census,2026-08-24T03:02:29.698Z
"6006 SW 18TH ST B6, BOCA RATON, 33433",26.33181105513,-80.137604768069,Non_Exact/L,census,2026-08-24T03:02:29.698Z
"601 E ATLANTIC AVE 109, DELRAY BEACH, 33483",26.461717432823,-80.066975337049,Exact/L,census,2026-08-24T03:02:29.698Z
"601 E ATLANTIC AVE STE 100, DELRAY BEACH, 33483",26.461717432823,-80.066975337049,Exact/L,census,2026-08-24T03:02:29.698Z
"601 HERITAGE DR, JUPITER, 33458",26.888979105206,-80.104709885614,Exact/L,census,2026-08-24T03:02:29.698Z
"601 N CONGRESS AVE 406, DELRAY BEACH, 33445",26.469159024988,-80.093140261693,Exact/L,census,2026-08-24T03:02:29.698Z
"601 ROYAL PALM BEACH BLVD, ROYAL PALM BEACH, 33411",26.683035178336,-80.230053840613,Exact/L,census,2026-08-24T03:02:29.698Z
"601 SANSBURYS WAY 7, WEST PALM BEACH, 33411",26.686721197412,-80.184377804922,Exact/R,census,2026-08-24T03:02:29.698Z
"601-650 ROYAL PALM BEACH BLVD STE 200, ROYAL PALM BEACH, 33411",26.683694611504,-80.23003850494,Non_Exact/L,census,2026-08-24T03:02:29.698Z
"601-7 SANSBURY WAY, WEST PALM BEACH, 33411",26.686721197412,-80.184377804922,Non_Exact/R,census,2026-08-24T03:02:29.698Z
"6011 S DIXIE HWY, WEST PALM BEACH, 33405",26.660879880836,-80.055879577956,Exact/R,census,2026-08-24T03:02:29.698Z
"6014 S MILITARY TRL, LAKE WORTH, 33463",26.588388381754,-80.113791721722,Exact/R,census,2026-08-24T03:02:29.698Z
"6016 OLD CONGRESS RD, LAKE WORTH, 33462",26.587388446272,-80.089657398879,Exact/R,census,2026-08-24T03:02:29.698Z
"6017 S DIXIE HWY, WEST PALM BEACH, 33405",26.660840608451,-80.055880746778,Exact/R,census,2026-08-24T03:02:29.698Z
"6018 SW 18 ST STE C9, BOCA RATON, 33433",26.331809712483,-80.13784308874,Exact/L,census,2026-08-24T03:02:29.698Z
"602 S DIXIE HWY, LAKE WORTH, 33460",26.608469199487,-80.057541574675,Exact/L,census,2026-08-24T03:02:29.698Z
"6020 N FEDERAL HWY, BOCA RATON, 33487",26.403071735247,-80.076186868614,Exact/R,census,2026-08-24T03:02:29.698Z
"603 ROYAL PALM BLVD, ROYAL PALM BEACH, 33411",26.683694611504,-80.23003850494,Non_Exact/L,census,2026-08-24T03:02:29.698Z
"6030 SW 18 ST STE A5, BOCA RATON, 33433",26.331808369837,-80.13808140941,Exact/L,census,2026-08-24T03:02:29.698Z
"6030 SW 18TH ST STE A 2/3, BOCA RATON, 33433",26.331808369837,-80.13808140941,Non_Exact/L,census,2026-08-24T03:02:29.698Z
"6045 VERDE TRL S, BOCA RATON, 33433",26.358650617521,-80.141814958292,Non_Exact/R,census,2026-08-24T03:02:29.698Z
"6049 S MILITARY TRAIL, LAKE WORTH, 33463",26.587701701347,-80.113911339838,Exact/R,census,2026-08-24T03:02:29.698Z
"6060 OKEECHOBEE BLVD, WEST PALM BEACH, 33417",26.707385888166,-80.136881403412,Exact/R,census,2026-08-24T03:02:29.698Z
"6060 SW 18 ST, BOCA RATON, 33433",26.3322431,-80.1381234,google:ROOFTOP,google,2026-08-24T12:15:59.167Z
"6061 PALMETTO PARK CIR N, BOCA RATON, 33433",26.353606135934,-80.138229285987,Non_Exact/L,census,2026-08-24T03:02:29.698Z
"6063 SW 18 ST UNIT 108, BOCA RATON, 33433",26.331928105748,-80.137168650541,Exact/R,census,2026-08-24T03:02:29.698Z
"6063 SW 18 STE 103, BOCA RATON, 33433",26.331928105748,-80.137168650541,Non_Exact/R,census,2026-08-24T03:02:29.698Z
"6065 SW 18 ST, BOCA RATON, 33433",26.331927983989,-80.137190262955,Exact/R,census,2026-08-24T03:02:29.698Z
"607 RIDGE RD, LANTANA, 33462",26.589367736282,-80.067842425341,Non_Exact/L,census,2026-08-24T03:02:29.698Z
"6073 LAKE WORTH RD, LAKE WORTH, 33463",26.619241816916,-80.139900918186,Exact/R,census,2026-08-24T03:02:29.698Z
"608 LAKE AVENUE, LAKE WORTH, 33460",26.615891045974,-80.054512545345,Exact/R,census,2026-08-24T03:02:29.698Z
"6080 CONGRESS AVE, LANTANA, 33462",26.586852173528,-80.093925349142,Non_Exact/L,census,2026-08-24T03:02:29.698Z
"6080 OKEECHOBEE BLVD, WEST PALM BEACH, 33417",26.707416281893,-80.137559786003,Exact/R,census,2026-08-24T03:02:29.698Z
"609 8 ST, WEST PALM BEACH, 33401",26.720798407053,-80.057392565289,Exact/R,census,2026-08-24T03:02:29.698Z
"6093 LAKE WORTH RD, GREENACRES, 33463",26.619249580017,-80.140239906585,Exact/R,census,2026-08-24T03:02:29.698Z
"6095 LAKE WORTH RD, GREENACRES, 33463",26.619250356327,-80.140273805425,Exact/R,census,2026-08-24T03:02:29.698Z
"61 SE 1 AVE, BOCA RATON, 33432",26.349054728423,-80.085702690897,Exact/R,census,2026-08-24T03:02:29.698Z
"610 CLEMATIS ST STE CU1, WEST PALM BEACH, 33401",26.713401786929,-80.05725283776,Exact/L,census,2026-08-24T03:02:29.698Z
"610 LAKE AVE, LAKE WORTH, 33460",26.615891525034,-80.054529951192,Exact/R,census,2026-08-24T03:02:29.698Z
"6100 WINSTON TRAILS BLVD, LAKE WORTH, 33463",26.579865537455,-80.143313872022,Exact/R,census,2026-08-24T03:02:29.698Z
"6108 S DIXIE HWY 7A, WEST PALM BEACH, 33405",26.660134341381,-80.055774193227,Non_Exact/L,census,2026-08-24T03:02:29.698Z
"6108 S DIXIE HWY, WEST PALM BEACH, 33405",26.660134341381,-80.055774193227,Exact/L,census,2026-08-24T03:02:29.698Z
"611 25 ST, WEST PALM BEACH, 33407",26.736409782375,-80.057229259691,Exact/R,census,2026-08-24T03:02:29.698Z
"611 S DIXIE HWY, LAKE WORTH, 33460",26.608389634949,-80.057672647324,Exact/R,census,2026-08-24T03:02:29.698Z
"612 S MAIN ST, BELLE GLADE, 33430",26.680146406033,-80.669338978877,Exact/L,census,2026-08-24T03:02:29.698Z
"612 US HIGHWAY 1, LAKE PARK, 33403",26.797357765444,-80.054729751559,Exact/L,census,2026-08-24T03:02:29.698Z
"6126 LAKE WORTH RD, GREENACRES, 33463",26.619143210166,-80.140546711439,Exact/L,census,2026-08-24T03:02:29.698Z
"6145 LAKE WORTH RD STE B, LAKE WORTH, 33463",26.61927526651,-80.14109238993,Non_Exact/R,census,2026-08-24T03:02:29.698Z
"615 W LANTANA RD, LANTANA, 33462",26.586939541934,-80.056525380144,Exact/R,census,2026-08-24T03:02:29.698Z
"6150 S CONGRESS AVE, LANTANA, 33462",26.586594417871,-80.093883933422,Exact/L,census,2026-08-24T03:02:29.698Z
"6169 JOG RD A14, LAKE WORTH, 33467",26.587517176442,-80.146363433065,Non_Exact/R,census,2026-08-24T03:02:29.698Z
"6169 JOG RD STE A1, LAKE WORTH, 33467",26.587517176442,-80.146363433065,Exact/R,census,2026-08-24T03:02:29.698Z
"6169 JOG RD, LAKE WORTH, 33467",26.587517176442,-80.146363433065,Exact/R,census,2026-08-24T03:02:29.698Z
"6169 S JOG RD 6A, LAKE WORTH, 33467",26.587517176442,-80.146363433065,Non_Exact/R,census,2026-08-24T03:02:29.698Z
"6169 S JOG RD C3, LAKE WORTH, 33467",26.587517176442,-80.146363433065,Non_Exact/R,census,2026-08-24T03:02:29.698Z
"617 N A1A, JUPITER, 33477",,,google:GEOMETRIC_CENTER-too-coarse,google,2026-08-24T12:15:59.167Z
"6170 S CONGRESS AVE, LANTANA, 33462",26.586417617791,-80.09384734278,Exact/L,census,2026-08-24T03:02:29.698Z
"6175 REFLECTIONS BLVD, LANTANA, 33462",26.5860178231,-80.086872981403,Exact/L,census,2026-08-24T03:02:29.698Z
"6177 JOG RD D-13, LAKE WORTH, 33467",26.587418880598,-80.146323102235,Non_Exact/R,census,2026-08-24T03:02:29.698Z
"6177 JOG RD STE 15D, LAKE WORTH, 33467",26.587418880598,-80.146323102235,Exact/R,census,2026-08-24T03:02:29.698Z
"6177 JOG RD STE D05-D06, LAKE WORTH, 33463",26.587418880598,-80.146323102235,Non_Exact/R,census,2026-08-24T03:02:29.698Z
"6177 JOG RD STE D1-D4, LAKE WORTH, 33467",26.587418880598,-80.146323102235,Non_Exact/R,census,2026-08-24T03:02:29.698Z
"6177 JOG RD, LAKE WORTH, 33467",26.587418880598,-80.146323102235,Exact/R,census,2026-08-24T03:02:29.698Z
"6177 JOG ROAD D12, LAKE WORTH, 33467",26.587418880598,-80.146323102235,Exact/R,census,2026-08-24T03:02:29.698Z
"6177 S JOG RD SUITE D1-D4, LAKE WORTH, 33467",26.587418880598,-80.146323102235,Non_Exact/R,census,2026-08-24T03:02:29.698Z
"618 W LANTANA RD, LANTANA, 33462",26.586842668551,-80.057144612928,Exact/L,census,2026-08-24T03:02:29.698Z
"6195 S JOG RD, LAKE WORTH, 33467",26.586717589772,-80.146172882094,Non_Exact/R,census,2026-08-24T03:02:29.698Z
"620 7 ST, WEST PALM BEACH, 33401",26.71982405078,-80.057574702624,Exact/L,census,2026-08-24T03:02:29.698Z
"620 BELVEDERE RD, WEST PALM BEACH, 33405",26.690349681664,-80.057583013351,Exact/L,census,2026-08-24T03:02:29.698Z
"620 S DIXIE HWY, LAKE WORTH, 33460",26.608281950497,-80.057548262144,Exact/L,census,2026-08-24T03:02:29.698Z
"620 S ROSEMARY AVE, WEST PALM BEACH, 33401",26.708310476349,-80.057096350793,Exact/L,census,2026-08-24T03:02:29.698Z
"620-626 N US 1, TEQUESTA, 33469",26.966645016908,-80.086165404613,Non_Exact/R,census,2026-08-24T03:02:29.698Z
"6200 BOCA DEL MAR DR, BOCA RATON, 33433",26.347872071878,-80.148569564072,Exact/L,census,2026-08-24T03:02:29.698Z
"6200 S DIXIE HWY, WEST PALM BEACH, 33410",26.659439252267,-80.055798994198,Non_Exact/L,census,2026-08-24T03:02:29.698Z
"6201 JOG RD STE 101, LAKE WORTH, 33467",26.586326765787,-80.146170147775,Exact/R,census,2026-08-24T03:02:29.698Z
"6201 S JOG RD, LAKE WORTH, 33467",26.586326765787,-80.146170147775,Non_Exact/R,census,2026-08-24T03:02:29.698Z
"621 LAKE AVE, LAKE WORTH, 33460",26.615779383217,-80.054620924425,Exact/L,census,2026-08-24T03:02:29.698Z
"622 7 ST, WEST PALM BEACH, 33401",26.719824642869,-80.057597596688,Exact/L,census,2026-08-24T03:02:29.698Z
"6230 W INDIANTOWN RD 1, JUPITER, 33458",26.9334434,-80.1299655,google:ROOFTOP,google,2026-08-24T12:15:59.167Z
"6230 W INDIANTOWN RD 11, JUPITER, 33458",26.9341395,-80.1299921,google:ROOFTOP,google,2026-08-24T12:15:59.167Z
"6231 PGA BLVD UNIT 116, PALM BEACH GARDENS, 33418",26.839145344,-80.133648127061,Exact/L,census,2026-08-24T03:02:29.698Z
"6240 W INDIANTOWN RD, JUPITER, 33458",26.934456851597,-80.134036834296,Exact/R,census,2026-08-24T03:02:29.698Z
"6246 CONGRESS AVE H2, LANTANA, 33462",26.583967557092,-80.092469282018,Non_Exact/L,census,2026-08-24T03:02:29.698Z
"6246 S CONGRESS AVE STE H-1, LANTANA, 33462",26.583967557092,-80.092469282018,Exact/L,census,2026-08-24T03:02:29.698Z
"6246 S CONGRESS AVE STE H1, LANTANA, 33462",26.583967557092,-80.092469282018,Exact/L,census,2026-08-24T03:02:29.698Z
"6246 S CONGRESS AVE, LANTANA, 33462",26.583967557092,-80.092469282018,Exact/L,census,2026-08-24T03:02:29.698Z
"625 LUCERNE AVE, LAKE WORTH, 33460",26.616491345557,-80.054632143228,Exact/L,census,2026-08-24T03:02:29.698Z
"625 NE SPANISH RIVER BLVD STE 10, BOCA RATON, 33431",26.386119869958,-80.076145759001,Exact/L,census,2026-08-24T03:02:29.698Z
"625 NE SPANISH RIVER BLVD STE 101, BOCA RATON, 33431",26.386119869958,-80.076145759001,Exact/L,census,2026-08-24T03:02:29.698Z
"625 S DIXIE HWY 5-6, LAKE WORTH, 33460",26.608243996846,-80.057677848689,Exact/R,census,2026-08-24T03:02:29.698Z
"625 S FEDERAL HWY, BOYNTON BEACH, 33435",26.52257496461,-80.058032210402,Exact/R,census,2026-08-24T03:02:29.698Z
"6250 LAKEWORTH RD, GREENACRES, 33463",26.619218090591,-80.143082363874,Non_Exact/L,census,2026-08-24T03:02:29.698Z
"6250 LANTANA RD STE 26, LAKE WORTH, 33463",26.589467788176,-80.14372793805,Exact/R,census,2026-08-24T03:02:29.698Z
"6251 N ORIOLE BLVD, DELRAY BEACH, 33484",26.464932155671,-80.147233438622,Non_Exact/R,census,2026-08-24T03:02:29.698Z
"626 W INDIANTOWN RD, JUPITER, 33458",26.933932568779,-80.104459113076,Exact/R,census,2026-08-24T03:02:29.698Z
"6260 LANTANA RD, LAKE WORTH, 33463",26.589469956737,-80.143807903674,Exact/R,census,2026-08-24T03:02:29.698Z
"6261 SW 18 ST, BOCA RATON, 33433",26.331905661069,-80.140770206786,Exact/L,census,2026-08-24T03:02:29.698Z
"6265 LAKE WORTH RD, GREENACRES, 33463",26.619330406526,-80.143009513462,Exact/R,census,2026-08-24T03:02:29.698Z
"6266 LANTANA RD, LAKE WORTH, 33463",26.589471257874,-80.143855883048,Exact/R,census,2026-08-24T03:02:29.698Z
"6266 S CONGRESS AVE L-14, LANTANA, 33462",26.583836390055,-80.092332446316,Non_Exact/L,census,2026-08-24T03:02:29.698Z
"6266 S CONGRESS AVE STE C-14, LANTANA, 33462",26.583836390055,-80.092332446316,Exact/L,census,2026-08-24T03:02:29.698Z
"6271 PGA BLVD UNIT 207, PALM BEACH GARDENS, 33418",26.839184217445,-80.134975124004,Exact/L,census,2026-08-24T03:02:29.698Z
"6274 W INDIANTOWN RD STE A, JUPITER, 33458",26.934464410398,-80.133672499716,Non_Exact/R,census,2026-08-24T03:02:29.698Z
"6274 W INDIANTOWN RD STE B, JUPITER, 33458",26.934464410398,-80.133672499716,Non_Exact/R,census,2026-08-24T03:02:29.698Z
"6275 LANTANA RD, LAKE WORTH, 33463",26.5895936272,-80.144140753704,Exact/L,census,2026-08-24T03:02:29.698Z
"628 BELVEDERE RD, WEST PALM BEACH, 33405",26.690351979072,-80.057668208812,Exact/L,census,2026-08-24T03:02:29.698Z
"6282 S CONGRESS AVE, LANTANA, 33462",26.583731915924,-80.092218474547,Exact/L,census,2026-08-24T03:02:29.698Z
"6294 FOREST HILLS BLVD, WEST PALM BEACH, 33415",26.651356953607,-80.142355902695,Exact/R,census,2026-08-24T03:02:29.698Z
"6295 LAKE WORTH RD STE 32, GREENACRES, 33463",26.619340958442,-80.143474921847,Exact/R,census,2026-08-24T03:02:29.698Z
"6295 LAKE WORTH RD STE 5-9, LAKE WORTH, 33463",26.619340958442,-80.143474921847,Exact/R,census,2026-08-24T03:02:29.698Z
"6298 N FEDERAL HWY, BOCA RATON, 33487",26.405523855763,-80.076182367545,Exact/R,census,2026-08-24T03:02:29.698Z
"6299 N FEDERAL HWY STE 2, BOCA RATON, 33487",26.405523855766,-80.076310306022,Exact/L,census,2026-08-24T03:02:29.698Z
"630 E WOOLBRIGHT RD, BOYNTON BEACH, 33435",26.514482266852,-80.05829112358,Exact/R,census,2026-08-24T03:02:29.698Z
"630-2 ROYAL PALM BEACH BLVD, ROYAL PALM BEACH, 33411",26.683665303363,-80.230039186525,Non_Exact/L,census,2026-08-24T03:02:29.698Z
"6300 FOREST HILL BLVD, GREENACRES, 33415",26.651340546397,-80.142451269612,Exact/R,census,2026-08-24T03:02:29.698Z
"6300 LANTANA RD STE 25, LAKE WORTH, 33463",26.589478630982,-80.144127766168,Exact/R,census,2026-08-24T03:02:29.698Z
"6302 FOREST HILL BLVD, GREENACRES, 33415",26.651335077327,-80.142483058584,Exact/R,census,2026-08-24T03:02:29.698Z
"6304 FOREST HILL BLVD, GREENACRES, 33415",26.651329608257,-80.142514847556,Exact/R,census,2026-08-24T03:02:29.698Z
"6316 LANTANA RD STE 43-46, LAKE WORTH, 33463",26.58948210068,-80.144255711165,Exact/R,census,2026-08-24T03:02:29.698Z
"6316 S DIXIE HWY, WEST PALM BEACH, 33405",26.658597711675,-80.055825560237,Exact/L,census,2026-08-24T03:02:29.698Z
"632 E ATLANTIC AVE, DELRAY BEACH, 33483",26.461602841448,-80.066686521398,Exact/R,census,2026-08-24T03:02:29.698Z
"632 LAKE AVE, LAKE WORTH, 33460",26.615896794699,-80.054721415508,Exact/R,census,2026-08-24T03:02:29.698Z
"6332 FOREST HILL BLVD, GREENACRES, 33415",26.651257324213,-80.14296238461,Exact/R,census,2026-08-24T03:02:29.698Z
"6338 FOREST HILL BLVD, GREENACRES, 33415",26.651243056625,-80.143058181283,Exact/R,census,2026-08-24T03:02:29.698Z
"6338 LANTANA RD 55, LAKE WORTH, 33463",26.589495316021,-80.144707737051,Exact/R,census,2026-08-24T03:02:29.698Z
"6338 LANTANA RD STE 60, LAKE WORTH, 33463",26.589495316021,-80.144707737051,Exact/R,census,2026-08-24T03:02:29.698Z
"634 E ATLANTIC AVE, DELRAY BEACH, 33483",26.461602841448,-80.066668470419,Exact/R,census,2026-08-24T03:02:29.698Z
"6342 LANTANA RD, LAKE WORTH, 33463",26.589497231817,-80.144772490933,Exact/R,census,2026-08-24T03:02:29.698Z
"6346 - 63 LANTANA RD, LAKE WORTH, 33463",26.589499147614,-80.144837244815,Non_Exact/R,census,2026-08-24T03:02:29.698Z
"6346 LANTANA RD BAY 73, LAKE WORTH, 33463",26.589499147614,-80.144837244815,Exact/R,census,2026-08-24T03:02:29.698Z
"6346 LANTANA RD STE 74, LAKE WORTH, 33463",26.589499147614,-80.144837244815,Exact/R,census,2026-08-24T03:02:29.698Z
"6346 LANTANA RD STE 74, LAKE WORTH, 33467",26.589499147614,-80.144837244815,Non_Exact/R,census,2026-08-24T03:02:29.698Z
"635 US HWY 1, NORTH PALM BEACH, 33408",26.814925917753,-80.057518907194,Exact/L,census,2026-08-24T03:02:29.698Z
"6350 W INDIANTOWN RD 7, JUPITER, 33458",26.93448130654,-80.132858104773,Exact/R,census,2026-08-24T03:02:29.698Z
"638 BELVEDERE RD, WEST PALM BEACH, 33405",26.690354850832,-80.057774703138,Exact/L,census,2026-08-24T03:02:29.698Z
"6380 HYPOLUXO RD, LAKE WORTH, 33463",26.572535182436,-80.143761554902,Exact/R,census,2026-08-24T03:02:29.698Z
"6390 INDIANTOWN RD STE 59, JUPITER, 33458",26.934490199247,-80.132429475855,Non_Exact/R,census,2026-08-24T03:02:29.698Z
"6390 W INDIANTOWN RD 54, JUPITER, 33458",26.934490199247,-80.132429475855,Exact/R,census,2026-08-24T03:02:29.698Z
"6390 W INDIANTOWN RD STE 34, JUPITER, 33458",26.934490199247,-80.132429475855,Exact/R,census,2026-08-24T03:02:29.698Z
"6390 W INDIANTOWN RD UNIT 45, JUPITER, 33458",26.934490199247,-80.132429475855,Exact/R,census,2026-08-24T03:02:29.698Z
"6395 CASTLE GATE BLVD, BOYNTON BEACH, 33437",26.51975349349,-80.159762223228,Exact/R,census,2026-08-24T03:02:29.698Z
"64 W 21 ST, RIVIERA BEACH, 33404",26.779692184954,-80.055944108571,Exact/R,census,2026-08-24T03:02:29.698Z
"640 BELVEDERE RD, WEST PALM BEACH, 33405",26.690355425184,-80.057796002003,Exact/L,census,2026-08-24T03:02:29.698Z
"640 E ATLANTIC AVE, DELRAY BEACH, 33483",26.461602841447,-80.066614317484,Exact/R,census,2026-08-24T03:02:29.698Z
"640 E OCEAN AVE 4, BOYNTON BEACH, 33435",26.527049538967,-80.056894704069,Exact/R,census,2026-08-24T03:02:29.698Z
"640 E OCEAN AVE STE 6, BOYNTON BEACH, 33435",26.527049538967,-80.056894704069,Exact/R,census,2026-08-24T03:02:29.698Z
"640 E OCEAN AVE, BOYNTON BEACH, 33435",26.527049538967,-80.056894704069,Exact/R,census,2026-08-24T03:02:29.698Z
"640 EAST OCEAN AVE, BOYNTON BEACH, 33435",26.527049538967,-80.056894704069,Exact/R,census,2026-08-24T03:02:29.698Z
"640 LINTON BLVD STE 310, DELRAY BEACH, 33444",26.439640855696,-80.079611824545,Exact/L,census,2026-08-24T03:02:29.698Z
"640 NORTHLAKE BLVD, NORTH PALM BEACH, 33408",26.807648755615,-80.065840707508,Exact/L,census,2026-08-24T03:02:29.698Z
"6400 GRAND LACUNA BLVD, LAKE WORTH, 33467",26.583726470896,-80.179637616959,Exact/R,census,2026-08-24T03:02:29.698Z
"6405 LANTANA ROAD, LAKE WORTH, 33463",26.589648608232,-80.146013706754,Exact/L,census,2026-08-24T03:02:29.698Z
"6405 S DIXIE HWY STE 101, WEST PALM BEACH, 33405",26.657931926754,-80.055977444546,Exact/R,census,2026-08-24T03:02:29.698Z
"6418 LAKE WORTH RD, GREENACRES, 33463",26.619237803624,-80.144121831891,Exact/R,census,2026-08-24T03:02:29.698Z
"6418 LAKE WORTH RD, LAKE WORTH, 33463",26.619237803624,-80.144121831891,Exact/R,census,2026-08-24T03:02:29.698Z
"6432 MELALEUCA LN, GREENACRES, 33463",26.608055639198,-80.145021584722,Exact/R,census,2026-08-24T03:02:29.698Z
"6438 LAKE WORTH RD, LAKE WORTH, 33463",26.619237803625,-80.14419264113,Exact/R,census,2026-08-24T03:02:29.698Z
"644 N US HWY 1, TEQUESTA, 33469",26.96668647308,-80.086179787365,Exact/R,census,2026-08-24T03:02:29.698Z
"6450 N FEDERAL HWY, BOCA RATON, 33487",26.406952757312,-80.076177866494,Exact/R,census,2026-08-24T03:02:29.698Z
"6453 WEST ROGERS CIRCLE N 2, BOCA RATON, 33487",26.405127530146,-80.113319839983,Non_Exact/R,census,2026-08-24T03:02:29.698Z
"6480 LAKE WORTH RD, GREENACRES, 33463",26.619168256763,-80.145183837003,Exact/R,census,2026-08-24T03:02:29.698Z
"6484 LAKE WORTH RD, GREENACRES, 33463",26.619155025468,-80.145274250862,Exact/R,census,2026-08-24T03:02:29.698Z
"6495 LAKE WORTH ROAD, GREENACRES, 33463",26.61900170641,-80.146624734259,Exact/L,census,2026-08-24T03:02:29.698Z
"650 BELVEDERE BLVD, WEST PALM BEACH, 33405",26.690358296943,-80.057902496329,Non_Exact/L,census,2026-08-24T03:02:29.698Z
"650 E WOODBRIGHT RD/, BOYNTON BEACH, 33435",26.514474924732,-80.058060764745,Non_Exact/R,census,2026-08-24T03:02:29.698Z
"650 EVERGRENE PKWY, PALM BEACH GARDENS, 33410",26.871855961662,-80.100548386909,Exact/R,census,2026-08-24T03:02:29.698Z
"650 OKEECHOBEE BLVD, WEST PALM BEACH, 33401",26.705744507259,-80.057902637628,Exact/L,census,2026-08-24T03:02:29.698Z
"650 ROYAL PALM BEACH BLVD A1, WEST PALM BEACH, 33411",26.683694611504,-80.23003850494,Exact/L,census,2026-08-24T03:02:29.698Z
"651 OKEECHOBEE BLVD 100, WEST PALM BEACH, 33401",26.705856139316,-80.058079188194,Exact/R,census,2026-08-24T03:02:29.698Z
"651 OKEECHOBEE BLVD STE 150, WEST PALM BEACH, 33401",26.705856139316,-80.058079188194,Exact/R,census,2026-08-24T03:02:29.698Z
"6545 W BOYNTON BEACH BLVD, BOYNTON BEACH, 33437",26.528186616955,-80.148033985647,Exact/L,census,2026-08-24T03:02:29.698Z
"6548 LAKE WORTH RD, LAKE WORTH, 33467",26.61853372494,-80.147649711291,Exact/R,census,2026-08-24T03:02:29.698Z
"655 S OLIVE AVE, WEST PALM BEACH, 33401",26.708074620452,-80.05209674305,Exact/R,census,2026-08-24T03:02:29.698Z
"6550 HYPOLUXO RD, LAKE WORTH, 33467",26.572532377663,-80.147661995799,Exact/R,census,2026-08-24T03:02:29.698Z
"6556 HYPOLUXO RD, LAKE WORTH, 33467",26.572529792178,-80.147846211932,Exact/R,census,2026-08-24T03:02:29.698Z
"6561 CASCADES ISLE BLVD, BOYNTON BEACH, 33437",26.502262591876,-80.148477111811,Exact/L,census,2026-08-24T03:02:29.698Z
"6561 FLANDERS WAY A, DELRAY BEACH, 33484",26.4438146,-80.1390203,google:ROOFTOP,google,2026-08-24T12:15:59.167Z
"6566 HYPOLUXO RD, LAKE WORTH, 33467",26.572525483035,-80.148153238822,Exact/R,census,2026-08-24T03:02:29.698Z
"6566 N MILITARY TRL, RIVIERA BEACH, 33407",26.771205584454,-80.107624271105,Exact/L,census,2026-08-24T03:02:29.698Z
"6566 N MILITARY TRL, WEST PALM BEACH, 33407",26.771205584454,-80.107624271105,Exact/L,census,2026-08-24T03:02:29.698Z
"6570 MONACO BLVD, DELRAY BEACH, 33446",26.442702848007,-80.147522882213,Exact/R,census,2026-08-24T03:02:29.698Z
"6580 W ATLANTIC AVE, DELRAY BEACH, 33446",26.453724172329,-80.148308290892,Exact/R,census,2026-08-24T03:02:29.698Z
"6581 FOREST HILL BLVD, GREENACRES, 33413",26.651246161797,-80.146626888146,Exact/L,census,2026-08-24T03:02:29.698Z
"6592 W ATLANTIC AVE, DELRAY BEACH, 33446",26.453723650173,-80.148482170094,Exact/R,census,2026-08-24T03:02:29.698Z
"6594 LANTANA RD, LAKE WORTH, 33467",26.589638647227,-80.149479966874,Exact/L,census,2026-08-24T03:02:29.698Z
"66 VIA MIZNER, PALM BEACH, 33480",26.7016135,-80.0402877,google:ROOFTOP,google,2026-08-24T12:15:59.167Z
"660 LINTON BLVD, DELRAY BEACH, 33444",26.439640005636,-80.079797988558,Exact/L,census,2026-08-24T03:02:29.698Z
"6600 CONGRESS AVE, BOCA RATON, 33487",26.404537019756,-80.102366331768,Exact/R,census,2026-08-24T03:02:29.698Z
"6600 HIGH RIDGE RD, BOYNTON BEACH, 33426",26.5583856,-80.07446879999999,google:ROOFTOP,google,2026-08-24T12:15:59.167Z
"6604 HYPOLUXO RD, LAKE WORTH, 33467",26.572509108294,-80.149319941002,Exact/R,census,2026-08-24T03:02:29.698Z
"6608 HYPOLUXO RD, LAKE WORTH, 33467",26.572507384637,-80.149442751758,Exact/R,census,2026-08-24T03:02:29.698Z
"661 NW 53 ST, BOCA RATON, 33487",26.396392613149,-80.09638721544,Exact/L,census,2026-08-24T03:02:29.698Z
"661 US HIGHWY 1, NORTH PALM BEACH, 33408",26.815799703593,-80.05766809011,Exact/L,census,2026-08-24T03:02:29.698Z
"6611 S DIXIE HWY, WEST PALM BEACH, 33405",26.65641996065,-80.056024373805,Exact/R,census,2026-08-24T03:02:29.698Z
"6612 GEORGIA AVE, WEST PALM BEACH, 33405",26.65617390211,-80.05898126366,Exact/L,census,2026-08-24T03:02:29.698Z
"6613 W BOYNTON BEACH BLVD, BOYNTON BEACH, 33437",26.528192551342,-80.149088818745,Exact/L,census,2026-08-24T03:02:29.698Z
"6619 W BOYNTON BEACH BLVD, BOYNTON BEACH, 33437",26.528193074965,-80.149181892254,Exact/L,census,2026-08-24T03:02:29.698Z
"6638 LAKE WORTH RD, LAKE WORTH, 33467",26.61809338281,-80.148817876635,Exact/R,census,2026-08-24T03:02:29.698Z
"6643 BOYNTON BEACH BLVD, BOYNTON BEACH, 33437",26.528195169454,-80.149554186288,Non_Exact/L,census,2026-08-24T03:02:29.698Z
"6645 BOYNTON BEACH BLVD, BOYNTON BEACH, 33437",26.528195343995,-80.149585210791,Non_Exact/L,census,2026-08-24T03:02:29.698Z
"6651 WOOLBRIGHT RD BAYS 128 &132, BOYNTON BEACH, 33437",26.513042744802,-80.149715627231,Non_Exact/L,census,2026-08-24T03:02:29.698Z
"6655 BOYNTON BEACH BLVD, BOYNTON BEACH, 33437",26.528196216699,-80.149740333305,Non_Exact/L,census,2026-08-24T03:02:29.698Z
"6659 LAKE WORTH ROAD, LAKE WORTH, 33467",26.61814270409,-80.149033611192,Exact/L,census,2026-08-24T03:02:29.698Z
"6661 LAKE WORTH RD, GREENACRES, 33467",26.618137233278,-80.149041817409,Exact/L,census,2026-08-24T03:02:29.698Z
"667 ROYAL PALM BEACH BLVD, ROYAL PALM BEACH, 33411",26.682923228885,-80.230184979997,Exact/R,census,2026-08-24T03:02:29.698Z
"6671 INDIANTOWN RD 54, JUPITER, 33458",26.934522972074,-80.136478887755,Non_Exact/L,census,2026-08-24T03:02:29.698Z
"6671 W INDIANTOWN RD 51, JUPITER, 33458",26.934522972074,-80.136478887755,Exact/L,census,2026-08-24T03:02:29.698Z
"6671 W INDIANTOWN RD 52, JUPITER, 33458",26.934522972074,-80.136478887755,Exact/L,census,2026-08-24T03:02:29.698Z
"6671 W INDIANTOWN RD 61, JUPITER, 33458",26.934522972074,-80.136478887755,Exact/L,census,2026-08-24T03:02:29.698Z
"6671 W INDIANTOWN RD STE 57, JUPITER, 33458",26.934522972074,-80.136478887755,Exact/L,census,2026-08-24T03:02:29.698Z
"668 N US HWY 1, TEQUESTA, 33469",26.966742359147,-80.086199163261,Exact/R,census,2026-08-24T03:02:29.698Z
"6685 LAKE WORTH RD, GREENACRES, 33467",26.618035899123,-80.149415538105,Exact/L,census,2026-08-24T03:02:29.698Z
"6689 W INDIANTOWN RD 49, JUPITER, 33458",26.934518307165,-80.136714465881,Exact/L,census,2026-08-24T03:02:29.698Z
"6691 W BOYNTON BEACH BLVD, BOYNTON BEACH, 33437",26.528199358434,-80.150298774357,Exact/L,census,2026-08-24T03:02:29.698Z
"67 S FEDERAL HWY, BOCA RATON, 33432",26.349270350636,-80.086494182371,Exact/R,census,2026-08-24T03:02:29.698Z
"670 NOTTINGHAM BLVD, WEST PALM BEACH, 33405",26.674001561677,-80.059204067548,Exact/L,census,2026-08-24T03:02:29.698Z
"6700 W INDIANTOWN RD, JUPITER, 33458",26.934380450923,-80.137887109656,Exact/R,census,2026-08-24T03:02:29.698Z
"6701 LAKE WORTH RD, GREENACRES, 33467",26.617858317139,-80.150267649757,Exact/L,census,2026-08-24T03:02:29.698Z
"6704 FOREST HILL BLVD, GREENACRES, 33413",26.651114141985,-80.148443116771,Exact/R,census,2026-08-24T03:02:29.698Z
"6706 FOREST HILL BLVD, GREENACRES, 33413",26.651113887057,-80.148469693062,Exact/R,census,2026-08-24T03:02:29.698Z
"6708 FOREST HILL BLVD, GREENACRES, 33413",26.651113632129,-80.148496269352,Exact/R,census,2026-08-24T03:02:29.698Z
"6712 FOREST HILLS BLVD, GREENACRES, 33413",26.651113122273,-80.148549421934,Exact/R,census,2026-08-24T03:02:29.698Z
"6714 FOREST HILL BLVD, GREEN ACRES, 33413",26.651112867345,-80.148575998225,Exact/R,census,2026-08-24T03:02:29.698Z
"6716 FOREST HILL BLVD, GREENACRES, 33413",26.651112612418,-80.148602574516,Exact/R,census,2026-08-24T03:02:29.698Z
"6722 FOREST HILL BLVD, GREENACRES, 33413",26.651111847634,-80.148682303388,Exact/R,census,2026-08-24T03:02:29.698Z
"6726 FOREST HILL BLVD, GREENACRES, 33413",26.651111337778,-80.148735455969,Exact/R,census,2026-08-24T03:02:29.698Z
"6726 MILITARY TRAIL, LAKE WORTH, 33462",26.575798432717,-80.113184219348,Non_Exact/L,census,2026-08-24T03:02:29.698Z
"6728 FOREST HILL BLVD, GREENACRES, 33413",26.651111082851,-80.14876203226,Exact/R,census,2026-08-24T03:02:29.698Z
"674 N US HWY 1, TEQUESTA, 33469",26.966756224473,-80.086203785036,Exact/R,census,2026-08-24T03:02:29.698Z
"6748 INDIANTOWN RD, JUPITER, 33458",26.934362625066,-80.138776175225,Non_Exact/R,census,2026-08-24T03:02:29.698Z
"675 ROYAL PALM BEACH BLVD, ROYAL PALM BEACH, 33411",26.683169445557,-80.23017899597,Exact/R,census,2026-08-24T03:02:29.698Z
"6750 N FEDERAL HWY, BOCA RATON, 33487",26.409558555165,-80.076164173851,Exact/R,census,2026-08-24T03:02:29.698Z
"6750 SUMMERLAND BLVD, DELRAY BEACH, 33446",26.480933308909,-80.151956062126,Exact/R,census,2026-08-24T03:02:29.698Z
"6752 W INDIANTOWN RD, JUPITER, 33458",26.934361139578,-80.138850264023,Exact/R,census,2026-08-24T03:02:29.698Z
"6760 INDIANTOWN RD, JUPITER, 33458",26.934358168602,-80.138998441618,Non_Exact/R,census,2026-08-24T03:02:29.698Z
"6771 W INDIANTOWN RD UNIT B, JUPITER, 33458",26.934495013341,-80.13788999961,Non_Exact/L,census,2026-08-24T03:02:29.698Z
"6771 W INDIANTOWN RD, JUPITER, 33458",26.934495013341,-80.13788999961,Exact/L,census,2026-08-24T03:02:29.698Z
"6773 W INDIANTOWN RD, JUPITER, 33458",26.934491670993,-80.138056699405,Exact/L,census,2026-08-24T03:02:29.698Z
"6774 FOREST HILL BLVD, GREENACRES, 33413",26.65110521951,-80.149373286948,Exact/R,census,2026-08-24T03:02:29.698Z
"6775 W INDIANTOWN RD, JUPITER, 33458",26.934488328645,-80.138223399199,Exact/L,census,2026-08-24T03:02:29.698Z
"6779 W INDIANTOWN RD STE 23C, JUPITER, 33458",26.934481643949,-80.138556798788,Exact/L,census,2026-08-24T03:02:29.698Z
"6779 W INDIANTOWN RD, JUPITER, 33458",26.934481643949,-80.138556798788,Exact/L,census,2026-08-24T03:02:29.698Z
"6790 OKEECHOBEE BLVD, WEST PALM BEACH, 33411",26.707879071399,-80.148987153262,Exact/R,census,2026-08-24T03:02:29.698Z
"6791 INDIANTOWN RD, JUPITER, 33458",26.934461589861,-80.139556997554,Non_Exact/L,census,2026-08-24T03:02:29.698Z
"6800 N MILITARY TRAIL, WEST PALM BEACH, 33407",26.777212875115,-80.107357024649,Exact/L,census,2026-08-24T03:02:29.698Z
"6803 S DIXIE HWY, WEST PALM BEACH, 33405",26.654983245592,-80.056076016293,Exact/R,census,2026-08-24T03:02:29.698Z
"6806 FOREST HILL BLVD, GREENACRES, 33413",26.651101140664,-80.1497985076,Exact/R,census,2026-08-24T03:02:29.698Z
"6841 OKEECHOBEE BLVD, WEST PALM BEACH, 33411",26.707953092537,-80.147587243958,Exact/L,census,2026-08-24T03:02:29.698Z
"6845 OKEECHOBEE BLVD, WEST PALM BEACH, 33411",26.707956981472,-80.147721235358,Exact/L,census,2026-08-24T03:02:29.698Z
"6845 SOUTHERN BLVD, WEST PALM BEACH, 33411",26.679137508958,-80.155005554472,Non_Exact/R,census,2026-08-24T03:02:29.698Z
"6849 N OCEAN BLVD, OCEAN RIDGE, 33435",26.541029054739,-80.045490349877,Exact/R,census,2026-08-24T03:02:29.698Z
"6853 SW 18 ST UNIT M118, BOCA RATON, 33433",26.331844300597,-80.150420641753,Exact/R,census,2026-08-24T03:02:29.698Z
"6854 FOREST HILL BLVD, GREENACRES, 33413",26.651095022396,-80.150436338578,Exact/R,census,2026-08-24T03:02:29.698Z
"6858 OKEECHOBEE BLVD, WEST PALM BEACH, 33411",26.708004161099,-80.15303463547,Exact/L,census,2026-08-24T03:02:29.698Z
"6860 FOREST HILL BLVD, GREENACRES, 33413",26.651094257612,-80.150516067451,Exact/R,census,2026-08-24T03:02:29.698Z
"6862 OKEECHOBEE BLVD, WEST PALM BEACH, 33411",26.70801528898,-80.153398145961,Exact/L,census,2026-08-24T03:02:29.698Z
"6864 FOREST HILL BLVD A, GREENACRES, 33413",26.651093747756,-80.150569220032,Non_Exact/R,census,2026-08-24T03:02:29.698Z
"6870 FOREST HILL BLVD, GREEN ACRES, 33413",26.651092982973,-80.150648948905,Exact/R,census,2026-08-24T03:02:29.698Z
"6877 SW 18 ST H127, BOCA RATON, 33433",26.331838874394,-80.151269845306,Non_Exact/R,census,2026-08-24T03:02:29.698Z
"6885 SW 18 ST B7, BOCA RATON, 33433",26.331837093401,-80.151501235058,Non_Exact/L,census,2026-08-24T03:02:29.698Z
"6897 SW 18 ST, BOCA RATON, 33433",26.331835398203,-80.151708049747,Exact/L,census,2026-08-24T03:02:29.698Z
"690 GLADES RD, BOCA RATON, 33431",26.364781319948,-80.101270037589,Exact/L,census,2026-08-24T03:02:29.698Z
"690 W YAMATO RD STE 7, BOCA RATON, 33431",26.3926866,-80.1010123,google:ROOFTOP,google,2026-08-24T12:15:59.167Z
"690 YAMATO RD BOX 3, BOCA RATON, 33431",26.3938737,-80.1007241,google:RANGE_INTERPOLATED,google,2026-08-24T12:15:59.167Z
"690 YAMATO RD STE 6, BOCA RATON, 33431",26.3938737,-80.1007241,google:RANGE_INTERPOLATED,google,2026-08-24T12:15:59.167Z
"690 YAMATO ROAD SUITE 4, BOCA RATON, 33431",26.392695,-80.1011537,google:ROOFTOP,google,2026-08-24T12:15:59.167Z
"6900 BARBOUR ROAD SUITE 3, RIVIERA BEACH, 33407",26.778172533263,-80.1109686257,Exact/L,census,2026-08-24T03:02:29.698Z
"6900 N FEDERAL HWY, BOCA RATON, 33487",26.410874272561,-80.076089295141,Exact/R,census,2026-08-24T03:02:29.698Z
"6901 OKEECHOBEE BLVD 15, WEST PALM BEACH, 33411",26.708013013942,-80.149658554376,Non_Exact/L,census,2026-08-24T03:02:29.698Z
"6901 OKEECHOBEE BLVD C-3, WEST PALM BEACH, 33411",26.708013013942,-80.149658554376,Non_Exact/L,census,2026-08-24T03:02:29.698Z
"6901 OKEECHOBEE BLVD SPACE E5, WEST PALM BEACH, 33411",26.708013013942,-80.149658554376,Exact/L,census,2026-08-24T03:02:29.698Z
"6901 OKEECHOBEE BLVD STE B1, WEST PALM BEACH, 33411",26.708013013942,-80.149658554376,Exact/L,census,2026-08-24T03:02:29.698Z
"6901 OKEECHOBEE BLVD STE B2, WEST PALM BEACH, 33411",26.708013013942,-80.149658554376,Exact/L,census,2026-08-24T03:02:29.698Z
"6901 OKEECHOBEE BLVD STE C1, WEST PALM BEACH, 33411",26.708013013942,-80.149658554376,Exact/L,census,2026-08-24T03:02:29.698Z
"6901 OKEECHOBEE BLVD STE E2, WEST PALM BEACH, 33411",26.708013013942,-80.149658554376,Exact/L,census,2026-08-24T03:02:29.698Z
"6903 OKEECHOBEE BLVD, WEST PALM BEACH, 33411",26.708014155604,-80.1497025083,Exact/L,census,2026-08-24T03:02:29.698Z
"6909 SW 18 ST STE A-101, BOCA RATON, 33433",26.331833703005,-80.151914864435,Non_Exact/L,census,2026-08-24T03:02:29.698Z
"691 E MAIN ST, PAHOKEE, 33476",26.827258846362,-80.659732782267,Exact/L,census,2026-08-24T03:02:29.698Z
"6919 SW 18 ST STE 102, BOCA RATON, 33433",26.33183229034,-80.152087210009,Exact/L,census,2026-08-24T03:02:29.698Z
"6919 SW 18 ST STE 105, BOCA RATON, 33433",26.33183229034,-80.152087210009,Exact/L,census,2026-08-24T03:02:29.698Z
"6919 SW 18 ST, BOCA RATON, 33433",26.33183229034,-80.152087210009,Exact/L,census,2026-08-24T03:02:29.698Z
"6919 SW 18TH STREET, BOCA RATON, 33433",26.33183229034,-80.152087210009,Exact/L,census,2026-08-24T03:02:29.698Z
"693 CONNESTEE RD, WEST PALM BEACH, 33413",26.685496063046,-80.134488577206,Exact/L,census,2026-08-24T03:02:29.698Z
"695 S OLIVE AVE, WEST PALM BEACH, 33401",26.707805464061,-80.052103002508,Exact/R,census,2026-08-24T03:02:29.698Z
"698 YAMATO RD, BOCA RATON, 33431",26.3926393,-80.1018086,google:ROOFTOP,google,2026-08-24T12:15:59.167Z
"6980 S MILITARY TRL, LAKE WORTH, 33463",26.572675358598,-80.113199256942,Exact/L,census,2026-08-24T03:02:29.698Z
"7 N L ST, LAKE WORTH, 33460",26.61592550889,-80.05444193061,Exact/L,census,2026-08-24T03:02:29.698Z
"70 ROYAL POINCIANA WAY P120, PALM BEACH, 33480",26.717662228043,-80.042828100207,Non_Exact/R,census,2026-08-24T03:02:29.698Z
"70 ROYAL POINCIANNA WAY STE P70, PALM BEACH, 33480",26.717662228043,-80.042828100207,Non_Exact/R,census,2026-08-24T03:02:29.698Z
"700 E WOOLBRIGHT RD, BOYNTON BEACH, 33435",26.514468827958,-80.057482343851,Exact/R,census,2026-08-24T03:02:29.698Z
"700 FLORIDA MANGO RD, WEST PALM BEACH, 33406",26.666104676299,-80.079833499686,Exact/L,census,2026-08-24T03:02:29.698Z
"700 N CONGRESS AVE, BOYNTON BEACH, 33426",26.534344039323,-80.090547418627,Exact/L,census,2026-08-24T03:02:29.698Z
"700 S ROSEMARY AVE STE 112, WEST PALM BEACH, 33401",26.707378611456,-80.05712077426,Exact/L,census,2026-08-24T03:02:29.698Z
"700 S ROSEMARY AVE STE 124, WEST PALM BEACH, 33401",26.707378611456,-80.05712077426,Exact/L,census,2026-08-24T03:02:29.698Z
"700 S ROSEMARY AVE STE 138, WEST PALM BEACH, 33401",26.707378611456,-80.05712077426,Exact/L,census,2026-08-24T03:02:29.698Z
"700 S ROSEMARY AVE STE 208, WEST PALM BEACH, 33401",26.707378611456,-80.05712077426,Exact/L,census,2026-08-24T03:02:29.698Z
"700 S ROSEMARY AVE STE 232, WEST PALM BEACH, 33401",26.707378611456,-80.05712077426,Exact/L,census,2026-08-24T03:02:29.698Z
"700 S ROSEMARY AVENUE STE 102, WEST PALM BEACH, 33401",26.707378611456,-80.05712077426,Exact/L,census,2026-08-24T03:02:29.698Z
"700 SOUTH ROSEMARY AVENUE STE 218, WEST PALM BEACH, 33401",26.707378611456,-80.05712077426,Exact/L,census,2026-08-24T03:02:29.698Z
"700 UNIVERSE BLVD, JUNO BEACH, 33408",26.858161225748,-80.059752784972,Exact/L,census,2026-08-24T03:02:29.698Z
"7000 CAMINO REAL STE 100, BOCA RATON, 33433",26.343826849002,-80.15379341005,Non_Exact/L,census,2026-08-24T03:02:29.698Z
"7000 OKEECHOBEE BLVD, WEST PALM BEACH, 33411",26.70815062121,-80.157910938499,Exact/L,census,2026-08-24T03:02:29.698Z
"7000 W ATLANTIC AVE, DELRAY BEACH, 33446",26.453754845395,-80.15491180897,Exact/R,census,2026-08-24T03:02:29.698Z
"7006 PALMETTO CIRCLE N, BOCA RATON, 33433",26.352581449714,-80.15229258484,Non_Exact/R,census,2026-08-24T03:02:29.698Z
"7008 CHARLESTON SHORES BLVD, LAKE WORTH, 33467",26.56470503978,-80.154419479379,Exact/L,census,2026-08-24T03:02:29.698Z
"701 E LAKE AVE, LAKE WORTH, 33460",26.615801600996,-80.055427874482,Non_Exact/L,census,2026-08-24T03:02:29.698Z
"701 LUCERNE AVE, LAKE WORTH, 33460",26.616512592461,-80.055400866094,Exact/L,census,2026-08-24T03:02:29.698Z
"701 N CONGRESS AVE 1, BOYNTON BEACH, 33426",26.534342008365,-80.090675482705,Exact/R,census,2026-08-24T03:02:29.698Z
"701 N CONGRESS AVE UNIT 14, BOYNTON BEACH, 33426",26.534342008365,-80.090675482705,Exact/R,census,2026-08-24T03:02:29.698Z
"701 N CONGRESS AVE UNIT 7, BOYNTON BEACH, 33426",26.534342008365,-80.090675482705,Exact/R,census,2026-08-24T03:02:29.698Z
"701 N ROSEMARY AVE, WEST PALM BEACH, 33401",26.718973368054,-80.056951478596,Exact/L,census,2026-08-24T03:02:29.698Z
"701 NW 53RD ST, BOCA RATON, 33487",26.396385522305,-80.097240814622,Exact/L,census,2026-08-24T03:02:29.698Z
"701 OKEECHOBEE BLVD, WEST PALM BEACH, 33401",26.705841751397,-80.058959157574,Exact/R,census,2026-08-24T03:02:29.698Z
"701 S ROSEMARY AVE SUITE A12B, WEST PALM BEACH, 33401",26.707381252456,-80.057249017174,Exact/R,census,2026-08-24T03:02:29.698Z
"701 W BOYNTON BEACH, BOYNTON BEACH, 33426",26.5292318,-80.0771956,google:ROOFTOP,google,2026-08-24T12:15:59.167Z
"702 LAKE AVE, LAKE WORTH BEACH, 33460",26.615916616344,-80.055441226345,Exact/R,census,2026-08-24T03:02:29.698Z
"7020 BERACASA WAY, BOCA RATON, 33433",26.352192399169,-80.154305255625,Exact/R,census,2026-08-24T03:02:29.698Z
"7028 CHARLESTON SHORES BLVD, LAKEWORTH, 33467",26.564807146815,-80.154670685864,Non_Exact/L,census,2026-08-24T03:02:29.698Z
"7028 PALMETTO PARK RD STE 106, BOCA RATON, 33433",26.35026314797,-80.15620930057,Non_Exact/R,census,2026-08-24T03:02:29.698Z
"7028 W PALMETTO PARK RD UNIT 105, BOCA RATON, 33433",26.35026314797,-80.15620930057,Exact/R,census,2026-08-24T03:02:29.698Z
"7030 CHARLESTON SHORES BLVD, GREENACRES, 33467",26.564817357519,-80.154695806513,Exact/L,census,2026-08-24T03:02:29.698Z
"7030 W PALMETTO PARK RD, BOCA RATON, 33433",26.350262919129,-80.156264222798,Exact/R,census,2026-08-24T03:02:29.698Z
"7035 SEACREST BLVD, LANTANA, 33462",26.571434915412,-80.066277822403,Non_Exact/L,census,2026-08-24T03:02:29.698Z
"7036 OKEECHOBEE BLVD, WEST PALM BEACH, 33411",26.708161309765,-80.158289313015,Exact/L,census,2026-08-24T03:02:29.698Z
"7036 PALMETTO PARK RD, BOCA RATON, 33433",26.350262232605,-80.156428989482,Non_Exact/R,census,2026-08-24T03:02:29.698Z
"7036 W PALMETTO PARK RD 54-55, BOCA RATON, 33433",26.350262232605,-80.156428989482,Exact/R,census,2026-08-24T03:02:29.698Z
"7036 W PALMETTO PARK RD 56, BOCA RATON, 33433",26.350262232605,-80.156428989482,Exact/R,census,2026-08-24T03:02:29.698Z
"7036 W PALMETTO PARK RD UNIT 64, BOCA RATON, 33433",26.350262232605,-80.156428989482,Exact/R,census,2026-08-24T03:02:29.698Z
"7038 OKEECHOBEE BLVD, WEST PALM BEACH, 33411",26.708161903573,-80.158310333821,Exact/L,census,2026-08-24T03:02:29.698Z
"704 US HWY 1, TEQUESTA, 33469",26.966826509394,-80.086227143703,Exact/R,census,2026-08-24T03:02:29.698Z
"7040 SEMINOLE PRATT RD, LOXAHATCHEE, 33470",26.780905758038,-80.294563482967,Non_Exact/R,census,2026-08-24T03:02:29.698Z
"7040 SEMINOLE PRATT WHITNEY RD, LOXAHATCHEE, 33470",26.780905758038,-80.294563482967,Exact/R,census,2026-08-24T03:02:29.698Z
"7041 N SEACREST BLVD, LANTANA, 33462",26.571313102546,-80.066283359354,Exact/L,census,2026-08-24T03:02:29.698Z
"7049 SEACREST BLVD, LANTANA, 33462",26.57115068539,-80.066290741957,Non_Exact/L,census,2026-08-24T03:02:29.698Z
"7050 JOG RD, LAKE WORTH, 33467",26.5717709,-80.14538569999999,google:RANGE_INTERPOLATED,google,2026-08-24T12:15:59.167Z
"7050 S MILITARY TRL, LAKE WORTH, 33463",26.571105396716,-80.113261186209,Exact/L,census,2026-08-24T03:02:29.698Z
"7050 W PALMETTO PARK RD BAY 33, BOCA RATON, 33433",26.350260630715,-80.156813445079,Exact/R,census,2026-08-24T03:02:29.698Z
"7050 W PALMETTO PARK RD UNIT 31, BOCA RATON, 33433",26.350260630715,-80.156813445079,Exact/R,census,2026-08-24T03:02:29.698Z
"7050 W PALMETTO PARK RD, BOCA RATON, 33433",26.350260630715,-80.156813445079,Exact/R,census,2026-08-24T03:02:29.698Z
"706 W BOYNTON BEACH BLVD, BOYNTON BEACH, 33426",26.528796824816,-80.077813335938,Exact/L,census,2026-08-24T03:02:29.698Z
"707 LAKE AVE, LAKE WORTH, 33460",26.615803037183,-80.055479816545,Exact/L,census,2026-08-24T03:02:29.698Z
"7070 SEMINOLE PRATT WHITNEY RD STE1, LOXAHATCHEE, 33470",26.781521852152,-80.294542938776,Exact/R,census,2026-08-24T03:02:29.698Z
"7070 SEMINOLE PRATT WHITNEY RD, LOXAHATCHEE, 33470",26.781521852152,-80.294542938776,Exact/R,census,2026-08-24T03:02:29.698Z
"7070-04 SEMINOLE PRATT WHITNEY RD, LOXAHATCHEE, 33470",26.781521852152,-80.294542938776,Non_Exact/R,census,2026-08-24T03:02:29.698Z
"7070-2 SEMINOLE PRATT WHITNEY RD, LOXAHATCHEE, 33470",26.781521852152,-80.294542938776,Non_Exact/R,census,2026-08-24T03:02:29.698Z
"7071 N MILITARY TRL, WEST PALM BEACH, 33410",26.780382147234,-80.107544223731,Exact/L,census,2026-08-24T03:02:29.698Z
"708 BELVEDERE RD, WEST PALM BEACH, 33405",26.690379651074,-80.058696325089,Exact/L,census,2026-08-24T03:02:29.698Z
"71 E INDIANTOWN RD 805, JUPITER, 33477",26.934192528687,-80.09222589452,Exact/R,census,2026-08-24T03:02:29.698Z
"71 E INDIANTOWN RD STE 801, JUPITER, 33477",26.934192528687,-80.09222589452,Exact/R,census,2026-08-24T03:02:29.698Z
"71 E INDIANTOWN RD STE 803, JUPITER, 33477",26.934192528687,-80.09222589452,Exact/R,census,2026-08-24T03:02:29.698Z
"71 OCEAN AVE, PALM BEACH SHORES, 33404",26.774320431918,-80.033297751405,Exact/R,census,2026-08-24T03:02:29.698Z
"71 S FEDERAL HWY, BOCA RATON, 33432",26.349202639023,-80.086490566704,Exact/R,census,2026-08-24T03:02:29.698Z
"710 YAMATO RD, BOCA RATON, 33431",26.3933073,-80.10309579999999,google:ROOFTOP,google,2026-08-24T12:15:59.167Z
"7100 FAIRWAY DR 30, PALM BEACH GARDENS, 33418",26.836680713105,-80.133672550324,Exact/L,census,2026-08-24T03:02:29.698Z
"7100 FAIRWAY DR 34, PALM BEACH GARDENS, 33418",26.836680713105,-80.133672550324,Exact/L,census,2026-08-24T03:02:29.698Z
"7100 FAIRWAY DR 50, PALM BEACH GARDENS, 33418",26.836680713105,-80.133672550324,Exact/L,census,2026-08-24T03:02:29.698Z
"7100 FAIRWAY DR STE 52, PALM BEACH GARDENS, 33418",26.836680713105,-80.133672550324,Exact/L,census,2026-08-24T03:02:29.698Z
"7100 FAIRWAY DR STE 60, PALM BEACH GARDENS, 33418",26.836680713105,-80.133672550324,Exact/L,census,2026-08-24T03:02:29.698Z
"7100 FAIRWAY DR STE 61A, WEST PALM BEACH, 33418",26.836680713105,-80.133672550324,Exact/L,census,2026-08-24T03:02:29.698Z
"7100 FAIRWAY DR, PALM BEACH GARDENS, 33418",26.836680713105,-80.133672550324,Exact/L,census,2026-08-24T03:02:29.698Z
"7101 S DIXIE HWY, WEST PALM BEACH, 33405",26.652800501692,-80.05614779976,Exact/R,census,2026-08-24T03:02:29.698Z
"7102 S MILITARY TRL, LAKE WORTH, 33463",26.570510686639,-80.11331326977,Exact/L,census,2026-08-24T03:02:29.698Z
"7104 FAIRWAY DR, PALM BEACH GARDENS, 33418",26.836663538082,-80.133769159837,Exact/L,census,2026-08-24T03:02:29.698Z
"7108 S MILITARY TRAIL, LAKE WORTH, 33463",26.570442145838,-80.113319666913,Exact/L,census,2026-08-24T03:02:29.698Z
"711 VILLAGE BLVD STE 102, WEST PALM BEACH, 33409",26.714119660496,-80.099580647614,Exact/R,census,2026-08-24T03:02:29.698Z
"711 VILLAGE BLVD STE 103, WEST PALM BEACH, 33409",26.714119660496,-80.099580647614,Exact/R,census,2026-08-24T03:02:29.698Z
"711 VILLAGE BLVD STE 108, WEST PALM BEACH, 33409",26.714119660496,-80.099580647614,Exact/R,census,2026-08-24T03:02:29.698Z
"711 W INDIANTOWN RD STE C4, JUPITER, 33458",26.934015012829,-80.106656353291,Exact/L,census,2026-08-24T03:02:29.698Z
"711 W INDIANTOWN RD UNIT B7, JUPITER, 33458",26.934015012829,-80.106656353291,Exact/L,census,2026-08-24T03:02:29.698Z
"7110 S MILITARY TRAIL, LAKE WORTH, 33463",26.570419298905,-80.113321799294,Exact/L,census,2026-08-24T03:02:29.698Z
"7117 LAKE WORTH RD, LAKE WORTH, 33467",26.617669081474,-80.159501386604,Exact/R,census,2026-08-24T03:02:29.698Z
"7125 LAKE WORTH RD, LAKE WORTH, 33467",26.617666655159,-80.159639989994,Exact/R,census,2026-08-24T03:02:29.698Z
"713 US HWY 1, NORTH PALM BEACH, 33408",26.817683518556,-80.05803159705,Exact/L,census,2026-08-24T03:02:29.698Z
"7134 BOCA POINTE DR, BOCA RATON, 33433",26.340234538201,-80.154803571347,Exact/L,census,2026-08-24T03:02:29.698Z
"714 BELVEDERE RD, WEST PALM BEACH, 33405",26.690382747425,-80.058812180132,Exact/L,census,2026-08-24T03:02:29.698Z
"7144 BOCA POINTE DR, BOCA POINTE, 33433",26.340231111554,-80.155121393568,Non_Exact/L,census,2026-08-24T03:02:29.698Z
"7144 BOCA POINTE DR, BOCA RATON, 33433",26.340231111554,-80.155121393568,Exact/L,census,2026-08-24T03:02:29.698Z
"7148 BARACASA WAY UNIT B, BOCA RATON, 33433",26.351185487659,-80.156103268617,Non_Exact/R,census,2026-08-24T03:02:29.698Z
"715 E MAIN ST, PAHOKEE, 33476",26.827360953977,-80.659529077571,Exact/L,census,2026-08-24T03:02:29.698Z
"7150 BERACASA WAY, BOCA RATON, 33433",26.351153198301,-80.15610313736,Exact/R,census,2026-08-24T03:02:29.698Z
"7152B BERACASA WAY, BOCA RATON, 33433",26.351120908944,-80.156103006103,Non_Exact/R,census,2026-08-24T03:02:29.698Z
"7158 BERACASA WAY, BOCA RATON, 33433",26.351024040872,-80.156102612333,Exact/R,census,2026-08-24T03:02:29.698Z
"716 N SAPODILLA AVE, WEST PALM BEACH, 33401",26.719153210766,-80.05847643826,Exact/R,census,2026-08-24T03:02:29.698Z
"716 US HWY 1 N, TEQUESTA, 33469",26.967298463879,-80.086386992445,Non_Exact/R,census,2026-08-24T03:02:29.698Z
"7160 BERACASA WAY, BOCA RATON, 33433",26.350991751515,-80.156102481077,Exact/R,census,2026-08-24T03:02:29.698Z
"7163 LAKE WORTH RD, LAKE WORTH, 33467",26.617655130165,-80.160298356098,Exact/R,census,2026-08-24T03:02:29.698Z
"7166 BERACASA WAY, BOCA RATON, 33433",26.350894883444,-80.156102087307,Exact/R,census,2026-08-24T03:02:29.698Z
"717 LAKE AVE, LAKE WORTH BEACH, 33460",26.615805430829,-80.055566386651,Exact/L,census,2026-08-24T03:02:29.698Z
"717 N DIXIE HWY, LAKE WORTH, 33460",26.624150739838,-80.057128001467,Exact/L,census,2026-08-24T03:02:29.698Z
"7176 BERACASA WAY, BOCA RATON, 33433",26.350733436658,-80.156101431023,Exact/R,census,2026-08-24T03:02:29.698Z
"720 LAKE AVE, LAKE WORTH BEACH, 33460",26.615920924905,-80.055597052534,Exact/R,census,2026-08-24T03:02:29.698Z
"720 N FEDERAL HWY, LAKE PARK, 33403",26.798411979123,-80.0548252957,Non_Exact/L,census,2026-08-24T03:02:29.698Z
"720 PARK AVE, LAKE PARK FLORIDA, 33403",26.79856986208,-80.06697554471,Non_Exact/L,census,2026-08-24T03:02:29.698Z
"720 PARK AVE, LAKE PARK, 33403",26.79856986208,-80.06697554471,Exact/L,census,2026-08-24T03:02:29.698Z
"7201 ADDISON RESERVE BLVD, DELRAY BEACH, 33446",26.435343406619,-80.156215225335,Exact/L,census,2026-08-24T03:02:29.698Z
"7201 LAKE WORTH RD STE A, LAKE WORTH, 33467",26.617643605171,-80.160956722203,Non_Exact/R,census,2026-08-24T03:02:29.698Z
"721 S CONGRESS AVE, WEST PALM BEACH, 33406",26.665830418884,-80.088183578107,Exact/R,census,2026-08-24T03:02:29.698Z
"721 VILLAGE BLVD 107E, WEST PALM BEACH, 33409",26.714201212071,-80.099694819809,Exact/R,census,2026-08-24T03:02:29.698Z
"721 VILLAGE BLVD, WEST PALM BEACH, 33409",26.714201212071,-80.099694819809,Exact/R,census,2026-08-24T03:02:29.698Z
"722 N US 1, TEQUESTA, 33469",26.967683166788,-80.086518763892,Exact/R,census,2026-08-24T03:02:29.698Z
"7228 N MILITARY TRL, RIVIERA BEACH, 33410",26.782767473178,-80.107091928314,Exact/L,census,2026-08-24T03:02:29.698Z
"7229 W ATLANTIC AVE, DELRAY BEACH, 33446",26.453821267661,-80.159617255062,Exact/L,census,2026-08-24T03:02:29.698Z
"724 EXECUTIVE CENTES DR SPT 18, WEST PALM BEACH, 33401",26.710735902813,-80.075997637233,Non_Exact/L,census,2026-08-24T03:02:29.698Z
"7245 N MILITARY TRAIL, RIVIERA BEACH, 33410",26.782185604916,-80.107496944695,Exact/L,census,2026-08-24T03:02:29.698Z
"7245 N MILITARY TRL, WEST PALM BEACH, 33419",26.782185604916,-80.107496944695,Non_Exact/L,census,2026-08-24T03:02:29.698Z
"7257 WESTPORT PL, WEST PALM BEACH, 33413",26.683762294686,-80.158048133765,Exact/R,census,2026-08-24T03:02:29.698Z
"726 LAKE AVE, LAKE WORTH, 33460",26.615922361093,-80.055648994598,Exact/R,census,2026-08-24T03:02:29.698Z
"728 CASA LOMA BLVD, BOYNTON BEACH, 33435",26.527950824523,-80.055351801663,Exact/R,census,2026-08-24T03:02:29.698Z
"730 US 1, NORTH PALM BEACH, 33408",26.818491420542,-80.05800876161,Exact/L,census,2026-08-24T03:02:29.698Z
"7300 W CAMINO REAL SUITE 100, BOCA RATON, 33433",26.344368872917,-80.155512879346,Exact/L,census,2026-08-24T03:02:29.698Z
"7300 W CAMINO REAL SUITE 102, BOCA RATON, 33433",26.344368872917,-80.155512879346,Exact/L,census,2026-08-24T03:02:29.698Z
"7301 GEORGIA AVE, WEST PALM BEACH, 33405",26.651387419613,-80.059226742286,Exact/R,census,2026-08-24T03:02:29.698Z
"7309 S DIXIE HWY, WEST PALM BEACH, 33405",26.651386015693,-80.056194328174,Exact/R,census,2026-08-24T03:02:29.698Z
"731 VILLAGE BLVD UNIT 110, WEST PALM BEACH, 33409",26.714282763646,-80.099808992004,Exact/R,census,2026-08-24T03:02:29.698Z
"732 BELVEDERE RD, WEST PALM BEACH, 33405",26.690392036479,-80.059159745261,Exact/L,census,2026-08-24T03:02:29.698Z
"7323 W ATLANTIC AVE, DELRAY BEACH, 33446",26.453790423071,-80.160696816493,Exact/L,census,2026-08-24T03:02:29.698Z
"7364 LAKE WORTH RD, LAKE WORTH, 33467",26.61749200866,-80.163267082004,Exact/L,census,2026-08-24T03:02:29.698Z
"7375 BOYNTON BEACH BLVD 415, BOYNTON BEACH, 33437",26.528209418269,-80.162644032074,Non_Exact/L,census,2026-08-24T03:02:29.698Z
"7375 BOYNTON BEACH BLVD STE 405, BOYNTON BEACH, 33437",26.528209418269,-80.162644032074,Non_Exact/L,census,2026-08-24T03:02:29.698Z
"738 E INDIANTOWN RD, JUPITER, 33477",26.933866377255,-80.078750176314,Exact/R,census,2026-08-24T03:02:29.698Z
"7381 BOYNTON BCH BLVD STE 320, BOYNTON BEACH, 33437",26.528209418271,-80.162703973529,Non_Exact/L,census,2026-08-24T03:02:29.698Z
"7381 BOYNTON BEACH BLVD BLDG C 305, BOYNTON BEACH, 33437",26.528209418271,-80.162703973529,Non_Exact/L,census,2026-08-24T03:02:29.698Z
"7384 SAINT ANDREWS RD, LAKE WORTH, 33467",26.625443876067,-80.163261404988,Exact/R,census,2026-08-24T03:02:29.698Z
"739 E OCEAN AVE, BOYNTON BEACH, 33435",26.527156416118,-80.055241116902,Exact/L,census,2026-08-24T03:02:29.698Z
"740 S MILITARY TRL STE A-B, WEST PALM BEACH, 33415",26.666441421417,-80.11237232019,Non_Exact/L,census,2026-08-24T03:02:29.698Z
"7400 BOYNTON BEACH BLVD, BOYNTON BEACH, 33437",26.528092476568,-80.163231637108,Non_Exact/R,census,2026-08-24T03:02:29.698Z
"7400 N FEDERAL HWY STE C1, BOCA RATON, 33487",26.415284043145,-80.075204273772,Exact/R,census,2026-08-24T03:02:29.698Z
"7400 N FEDERAL HWY STE C5, BOCA RATON, 33487",26.415284043145,-80.075204273772,Exact/R,census,2026-08-24T03:02:29.698Z
"7402 S DIXIE HWY, WEST PALM BEACH, 33405",26.65045221834,-80.056100936206,Exact/L,census,2026-08-24T03:02:29.698Z
"7410 BOYNTON BEACH BLVD A8, BOYNTON BEACH, 33437",26.528091859132,-80.163298011639,Non_Exact/R,census,2026-08-24T03:02:29.698Z
"7410 W BOYNTON BEACH BLVD STE B11, BOYNTON BEACH, 33437",26.528091859132,-80.163298011639,Exact/R,census,2026-08-24T03:02:29.698Z
"7431 W ATLANTIC AVE 35, DELRAY BEACH, 33446",26.453769852066,-80.162329016976,Exact/L,census,2026-08-24T03:02:29.698Z
"7431 WEST ATLANTIC AVE, DELRAY BEACH, 33446",26.453769852066,-80.162329016976,Exact/L,census,2026-08-24T03:02:29.698Z
"7434 S DIXIE HWY, WEST PALM BEACH, 33405",26.650227740386,-80.056107807986,Exact/L,census,2026-08-24T03:02:29.698Z
"7437 RIVERWALK CIR, WEST PALM BEACH, 33411",26.712836905019,-80.15752743187,Exact/L,census,2026-08-24T03:02:29.698Z
"7443 S MILITARY TRAIL, LAKE WORTH, 33463",26.567376322851,-80.113949874687,Exact/R,census,2026-08-24T03:02:29.698Z
"7447 S MILITARY TRL, LAKE WORTH, 33463",26.567184235986,-80.113965881931,Exact/R,census,2026-08-24T03:02:29.698Z
"7459 S MILITARY TRAIL, LAKE WORTH, 33463",26.566607975394,-80.114013903661,Exact/R,census,2026-08-24T03:02:29.698Z
"7461 N FEDERAL HWY, BOCA RATON, 33487",26.416015329298,-80.075183056564,Exact/L,census,2026-08-24T03:02:29.698Z
"7478 LAKE WORTH RD, LAKE WORTH, 33467",26.61746971738,-80.164704871617,Exact/L,census,2026-08-24T03:02:29.698Z
"7491 N FEDERAL HWY C9, BOCA RATON, 33487",26.416370530368,-80.075109544247,Non_Exact/L,census,2026-08-24T03:02:29.698Z
"7491 N FEDERAL HWY SITE C-13, BOCA RATON, 33487",26.416370530368,-80.075109544247,Non_Exact/L,census,2026-08-24T03:02:29.698Z
"7495 PARK LANE RD, LAKE WORTH, 33449",26.564115240879,-80.217793532317,Exact/R,census,2026-08-24T03:02:29.698Z
"75 E INDIANTOWN RD STE 509, JUPITER, 33477",26.934190220851,-80.092162861803,Exact/R,census,2026-08-24T03:02:29.698Z
"75 E INDIANTOWN RD STE 701, JUPITER, 33477",26.934190220851,-80.092162861803,Exact/R,census,2026-08-24T03:02:29.698Z
"750 N CONGRESS AVE, BOYNTON BEACH, 33426",26.5349684436,-80.090559790256,Exact/L,census,2026-08-24T03:02:29.698Z
"750 S CONGRESS AVE, WEST PALM BEACH, 33406",26.665711460714,-80.088060429024,Exact/L,census,2026-08-24T03:02:29.698Z
"7500 OLD MARSH RD, PALM BEACH GARDENS, 33418",26.870300388634,-80.152641142519,Exact/L,census,2026-08-24T03:02:29.698Z
"7500 ST ANDREWS RD, LAKE WORTH, 33467",26.625321802576,-80.165185396969,Exact/R,census,2026-08-24T03:02:29.698Z
"7500 ST ANDREWS ROAD, LAKE WORTH, 33467",26.625321802576,-80.165185396969,Exact/R,census,2026-08-24T03:02:29.698Z
"7535 ENTERPRISE DR 52, RIVIERA BEACH, 33404",26.786737734065,-80.096581766938,Exact/L,census,2026-08-24T03:02:29.698Z
"7547 GARDEN RD, WEST PALM BEACH, 33404",26.788565467971,-80.091963640566,Exact/L,census,2026-08-24T03:02:29.698Z
"755 N COUNTY RD, PALM BEACH, 33480",26.740916586349,-80.036457908758,Exact/R,census,2026-08-24T03:02:29.698Z
"755 W BOYNTON BEACH BLVD, BOYNTON BEACH, 33426",26.528911416201,-80.078554832697,Exact/R,census,2026-08-24T03:02:29.698Z
"760 N OCEAN BLVD, PALM BEACH, 33480",26.74433387549,-80.035458133778,Exact/L,census,2026-08-24T03:02:29.698Z
"7635 S DIXIE HWY, WEST PALM BEACH, 33405",26.649122649439,-80.05626989813,Exact/R,census,2026-08-24T03:02:29.698Z
"7655 W ATLANTIC AVE 101, DELRAY BEACH, 33446",26.453748147604,-80.166010511061,Non_Exact/L,census,2026-08-24T03:02:29.698Z
"7655 W ATLANTIC AVE STE 102, DELRAY BEACH, 33446",26.453748147604,-80.166010511061,Exact/L,census,2026-08-24T03:02:29.698Z
"766 NORTHLAKE BLVD, NORTH PALM BEACH, 33408",26.807722175269,-80.068107879605,Exact/L,census,2026-08-24T03:02:29.698Z
"7667 LAKE WORTH RD, LAKE WORTH, 33467",26.617529379525,-80.167858868251,Exact/R,census,2026-08-24T03:02:29.698Z
"7667 VICTORY LN, DELRAY BEACH, 33446",26.440539085369,-80.164351655822,Exact/L,census,2026-08-24T03:02:29.698Z
"770 S MILITARY TRL STE D, WEST PALM BEACH, 33415",26.666006806892,-80.11238610994,Non_Exact/L,census,2026-08-24T03:02:29.698Z
"771 E PALMETTO PARK RD, BOCA RATON, 33432",26.350688017662,-80.07370822523,Exact/L,census,2026-08-24T03:02:29.698Z
"771 VILLAGE BLVD STE 211, WEST PALM BEACH, 33409",26.714614076689,-80.100267526198,Exact/R,census,2026-08-24T03:02:29.698Z
"7713 S DIXIE HWY, WEST PALM BEACH, 33405",26.648249846794,-80.056295596146,Exact/R,census,2026-08-24T03:02:29.698Z
"7715 FOREST HILL BLVD, WEST PALM BEACH, 33413",26.651029046539,-80.167944576377,Non_Exact/L,census,2026-08-24T03:02:29.698Z
"775 N ALT A1A, JUPITER, 33477",,,google:GEOMETRIC_CENTER-too-coarse,google,2026-08-24T12:15:59.167Z
"7750 OKEECHOBEE BLVD, WEST PALM BEACH, 33411",26.708318971559,-80.164917019435,Exact/L,census,2026-08-24T03:02:29.698Z
"7751 VALENCIA SHORES BLVD, LAKE WORTH, 33467",26.5623920676,-80.178568737734,Exact/R,census,2026-08-24T03:02:29.698Z
"7757 LAKE WORTH RD, LAKE WORTH, 33467",26.617502880955,-80.169361339034,Exact/R,census,2026-08-24T03:02:29.698Z
"7758 OKEECHOBEE BLVD STE6, WEST PALM BEACH, 33411",26.708322725976,-80.165072291237,Exact/L,census,2026-08-24T03:02:29.698Z
"7764 OKEECHOBEE BLVD, WEST PALM BEACH, 33411",26.708325541789,-80.165188745087,Exact/L,census,2026-08-24T03:02:29.698Z
"7766 OKEECHOBEE BLVD, WEST PALM BEACH, 33411",26.708326480393,-80.165227563038,Exact/L,census,2026-08-24T03:02:29.698Z
"777 S FEDERAL HWY, BOCA RATON, 33432",26.342990187096,-80.086329408178,Exact/R,census,2026-08-24T03:02:29.698Z
"777 S FLAGLER DR STE 108, WEST PALM BEACH, 33401",26.706841097285,-80.048827592727,Exact/R,census,2026-08-24T03:02:29.698Z
"777 S FLAGLER DR, WEST PALM BEACH, 33401",26.706841097285,-80.048827592727,Exact/R,census,2026-08-24T03:02:29.698Z
"777 YAMATO RD 112, BOCA RATON, 33431",26.3944841,-80.0980675,google:RANGE_INTERPOLATED,google,2026-08-24T12:15:59.167Z
"7781 LAKE WORTH RD, LAKE WORTH, 33467",26.61749581467,-80.16976199791,Exact/R,census,2026-08-24T03:02:29.698Z
"7785 S DIXIE HWY, WEST PALM BEACH, 33405",26.647722736275,-80.056312949593,Exact/R,census,2026-08-24T03:02:29.698Z
"7793 LAKE WORTH RD, LAKE WORTH, 33467",26.617492281527,-80.169962327347,Exact/R,census,2026-08-24T03:02:29.698Z
"78 SOUTH FEDERAL HWY, BOCA RATON, 33432",26.348903413705,-80.086346564831,Exact/L,census,2026-08-24T03:02:29.698Z
"78 W BLUE HERON BLVD, RIVIERA BEACH, 33404",26.783499864449,-80.056091986891,Exact/R,census,2026-08-24T03:02:29.698Z
"7806 ARBOR OAKS LN APT 206, BOCA RATON, 33428",26.3576094,-80.20075659999999,google:RANGE_INTERPOLATED,google,2026-08-24T12:15:59.167Z
"785 NORTHLAKE BLVD, NORTH PALM BEACH, 33408",26.808070632129,-80.07153566287,Exact/L,census,2026-08-24T03:02:29.698Z
"7860 GLADES RD STE 105, BOCA RATON, 33434",26.368025888332,-80.167884548691,Exact/L,census,2026-08-24T03:02:29.698Z
"7860 GLADES RD STE 120-130, BOCA RATON, 33434",26.368025888332,-80.167884548691,Exact/L,census,2026-08-24T03:02:29.698Z
"7860 GLADES RD, BOCA RATON, 33434",26.368025888332,-80.167884548691,Exact/L,census,2026-08-24T03:02:29.698Z
"7900 S DIXIE HWY, WEST PALM BEACH, 33405",26.646846056592,-80.056213545704,Exact/L,census,2026-08-24T03:02:29.698Z
"7901 ATLANTIC AVE SUITE 101, DELRAY BEACH, 33446",26.453716349057,-80.170405409557,Non_Exact/L,census,2026-08-24T03:02:29.698Z
"7901 NORTH FEDERAL HWY, BOCA RATON, 33487",26.42016433661,-80.074327528009,Exact/L,census,2026-08-24T03:02:29.698Z
"791 N US HWY 1, TEQUESTA, 33469",26.965933439763,-80.085627583669,Exact/L,census,2026-08-24T03:02:29.698Z
"7912 S DIXIE HWY, WEST PALM BEACH, 33405",26.646761152884,-80.05621634089,Exact/L,census,2026-08-24T03:02:29.698Z
"7920 GLADES RD, BOCA RATON, 33434",26.367975879907,-80.16815267435,Exact/L,census,2026-08-24T03:02:29.698Z
"7940 GLADES RD, BOCA RATON, 33434",26.367960655465,-80.168241483604,Exact/L,census,2026-08-24T03:02:29.698Z
"7942 VIA LAMPIONE, DELRAY BEACH, 33446",26.457159531213,-80.16721070285,Exact/L,census,2026-08-24T03:02:29.698Z
"795 BELVEDERE RD, WEST PALM BEACH, 33405",26.690538572271,-80.060353079122,Exact/R,census,2026-08-24T03:02:29.698Z
"7959 W ATLANTIC AVE STE 201, DELRAY BEACH, 33446",26.453711349509,-80.171091599545,Exact/L,census,2026-08-24T03:02:29.698Z
"7959 W ATLANTIC AVE STE 208, DELRAY BEACH, 33446",26.453711349509,-80.171091599545,Exact/L,census,2026-08-24T03:02:29.698Z
"796 10 STREET 798, LAKE PARK, 33403",26.800365494352,-80.072860216927,Exact/L,census,2026-08-24T03:02:29.698Z
"796 AB 10 ST, LAKE PARK, 33403",26.800365494352,-80.072860216927,Non_Exact/L,census,2026-08-24T03:02:29.698Z
"7960 VENTURE CENTER WAY, BOYNTON BEACH, 33437",26.523691137973,-80.170393411903,Exact/L,census,2026-08-24T03:02:29.698Z
"7970 CENTRAL INDUSTRIAL DR, WEST PALM BEACH, 33404",26.791969777179,-80.095160742304,Exact/L,census,2026-08-24T03:02:29.698Z
"80 INTRACOASTAL POINTE DR, JUPITER, 33477",26.934517842089,-80.088843738746,Exact/L,census,2026-08-24T03:02:29.698Z
"800 N FLAGLER DR, WEST PALM BEACH, 33401",26.720602567559,-80.04910379001,Exact/R,census,2026-08-24T03:02:29.698Z
"800 S MAIN STREET, BELLE GLADE, 33430",26.676542541839,-80.670521121986,Exact/L,census,2026-08-24T03:02:29.698Z
"800 W CANAL ST S, BELLE GLADE, 33430",26.689733930397,-80.675949386739,Exact/L,census,2026-08-24T03:02:29.698Z
"8000 N FEDERAL HWY STE 108A, BOCA RATON, 33487",26.421045670725,-80.074022677374,Exact/R,census,2026-08-24T03:02:29.698Z
"801 BELVEDERE RD, WEST PALM BEACH, 33405",26.690544019559,-80.060558567557,Exact/R,census,2026-08-24T03:02:29.698Z
"801 E ATLANTIC AVE, DELRAY BEACH, 33483",26.461726432781,-80.065215837559,Exact/L,census,2026-08-24T03:02:29.698Z
"801 N CONGRESS AVE 719, BOYNTON BEACH, 33426",26.535590816919,-80.090700225963,Exact/R,census,2026-08-24T03:02:29.698Z
"801 N CONGRESS AVE SPC 755, BOYNTON BEACH, 33426",26.535590816919,-80.090700225963,Exact/R,census,2026-08-24T03:02:29.698Z
"801 N CONGRESS AVE STE 661, BOYNTON BEACH, 33426",26.535590816919,-80.090700225963,Exact/R,census,2026-08-24T03:02:29.698Z
"801 N CONGRESS AVE SUITE 673, BOYNTON BEACH, 33426",26.535590816919,-80.090700225963,Exact/R,census,2026-08-24T03:02:29.698Z
"801 N CONGRESS AVE UNIT 915, BOYNTON BEACH, 33426",26.535590816919,-80.090700225963,Exact/R,census,2026-08-24T03:02:29.698Z
"801 N CONGRESS AVE, BOYNTON BEACH, 33426",26.535590816919,-80.090700225963,Exact/R,census,2026-08-24T03:02:29.698Z
"801 N FEDERAL HWY, BOCA RATON, 33432",26.357789055326,-80.085509965385,Exact/L,census,2026-08-24T03:02:29.698Z
"801 NORTHPOINT PKWY, WEST PALM BEACH, 33407",26.760643698367,-80.095165802725,Exact/R,census,2026-08-24T03:02:29.698Z
"801 US HWY 1, LAKE PARK, 33403",26.79920481793,-80.054768920519,Exact/R,census,2026-08-24T03:02:29.698Z
"801 VILLAGE BLVD 306, WEST PALM BEACH, 33409",26.714887018835,-80.100584809024,Exact/R,census,2026-08-24T03:02:29.698Z
"801 VILLAGE BLVD STE 307, WEST PALM BEACH, 33409",26.714887018835,-80.100584809024,Exact/R,census,2026-08-24T03:02:29.698Z
"801 VILLAGE BLVD STE 309, WEST PALM BEACH, 33409",26.714887018835,-80.100584809024,Exact/R,census,2026-08-24T03:02:29.698Z
"802 N DIXIE HWY, LANTANA, 33462",26.590829061773,-80.052034198836,Exact/R,census,2026-08-24T03:02:29.698Z
"8020 JOG RD, BOYNTON BEACH, 33472",26.557010303382,-80.148402287188,Non_Exact/L,census,2026-08-24T03:02:29.698Z
"8020 S DIXIE HWY, WEST PALM BEACH, 33405",26.645260269672,-80.056225848424,Exact/L,census,2026-08-24T03:02:29.698Z
"803 DONALD ROSS, JUNO BEACH, 33408",26.881793863262,-80.064434705132,Non_Exact/R,census,2026-08-24T03:02:29.698Z
"803 GEORGE BUSH BLVD, DELRAY BEACH, 33483",26.474119429663,-80.065075975449,Exact/L,census,2026-08-24T03:02:29.698Z
"804 E ATLANTIC AVE, DELRAY BEACH, 33483",26.461611841412,-80.065175327443,Exact/R,census,2026-08-24T03:02:29.698Z
"804 SOUTHERN BLVD, WEST PALM BEACH, 33405",26.675824597593,-80.060945221112,Exact/L,census,2026-08-24T03:02:29.698Z
"804 US HWY 1 STE 10, LAKE PARK, 33403",26.799227582611,-80.054900531796,Exact/L,census,2026-08-24T03:02:29.698Z
"805 DONALD ROSS RD, JUNO BEACH, 33408",26.881793991119,-80.064440464526,Exact/R,census,2026-08-24T03:02:29.698Z
"805 N RAILROAD AVE, WEST PALM BEACH, 33401",26.71990697556,-80.055232013907,Non_Exact/L,census,2026-08-24T03:02:29.698Z
"8051 CONGRESS AVE, BOCA RATON, 33487",26.419970349241,-80.093914849337,Exact/L,census,2026-08-24T03:02:29.698Z
"8055 IRONHORSE BLVD, WEST PALM BEACH, 33412",26.796988687845,-80.142697388771,Exact/L,census,2026-08-24T03:02:29.698Z
"806 LAKE AVE, LAKE WORTH, 33460",26.615944520516,-80.056454630445,Exact/R,census,2026-08-24T03:02:29.698Z
"806 N OLD DIXIE HWY, JUPITER, 33458",26.940699928337,-80.093973226973,Exact/R,census,2026-08-24T03:02:29.698Z
"807 BELVEDERE RD, WEST PALM BEACH, 33405",26.690547121367,-80.060677728538,Exact/R,census,2026-08-24T03:02:29.698Z
"8081 CONGRESS AVE, BOCA RATON, 33487",26.420239191567,-80.093655199056,Exact/L,census,2026-08-24T03:02:29.698Z
"809 LAKE AVE, LAKE WORTH, 33460",26.615830461372,-80.056476500482,Exact/L,census,2026-08-24T03:02:29.698Z
"810 S DIXIE HWY, LANTANA, 33462",26.577957486806,-80.053247623932,Exact/L,census,2026-08-24T03:02:29.698Z
"810 S US HWY 1, JUPITER, 33477",26.9274622715,-80.077472306194,Exact/L,census,2026-08-24T03:02:29.698Z
"8100 BELBEDERE RD STE 12, WEST PALM BEACH, 33411",26.691659782699,-80.175414165492,Non_Exact/L,census,2026-08-24T03:02:29.698Z
"8100 BELEVEDERE RD STE 12, WEST PALM BEACH, 33411",26.691659782699,-80.175414165492,Non_Exact/L,census,2026-08-24T03:02:29.698Z
"8100 BELVEDERE RD STE 12, WEST PALM BEACH, 33411",26.691659782699,-80.175414165492,Exact/L,census,2026-08-24T03:02:29.698Z
"8100 BELVEDERE RD UNIT 12, WEST PALM BEACH, 33411",26.691659782699,-80.175414165492,Exact/L,census,2026-08-24T03:02:29.698Z
"8100 BELVEDERE RD, WEST PALM BEACH, 33411",26.691659782699,-80.175414165492,Exact/L,census,2026-08-24T03:02:29.698Z
"8100 BELVEDERE ROAD, WEST PALM BEACH, 33411",26.691659782699,-80.175414165492,Exact/L,census,2026-08-24T03:02:29.698Z
"8110 MONETARY DR, RIVIERA BEACH, 33404",26.795275943207,-80.095069880618,Exact/R,census,2026-08-24T03:02:29.698Z
"812 N OLD DIXIE HWY, JUPITER, 33458",26.940746153231,-80.09397133458,Exact/R,census,2026-08-24T03:02:29.698Z
"8125 LAKE WORTH RD, LAKE WORTH, 33467",26.617478413799,-80.174264168656,Exact/L,census,2026-08-24T03:02:29.698Z
"8125 LAKE WORTH RD, WELLINGTON, 33467",26.617478413799,-80.174264168656,Exact/L,census,2026-08-24T03:02:29.698Z
"813 DONALD ROSS RD, JUNO BEACH, 33408",26.881794502549,-80.064463502102,Exact/R,census,2026-08-24T03:02:29.698Z
"8133 SOUTHERN BLVD, WEST PALM BEACH, 33411",26.679849837002,-80.177093680095,Exact/R,census,2026-08-24T03:02:29.698Z
"8135 LAKE WORTH RD, LAKE WORTH, 33467",26.617477182479,-80.174324503385,Exact/L,census,2026-08-24T03:02:29.698Z
"8135 S MILITARY TRL STE 101, BOYNTON BEACH, 33436",26.554797912002,-80.118526779862,Exact/R,census,2026-08-24T03:02:29.698Z
"8135 S MILITARY TRL STE 106, BOYNTON BEACH, 33436",26.554797912002,-80.118526779862,Exact/R,census,2026-08-24T03:02:29.698Z
"814 E ATLANTIC AVE, DELRAY BEACH, 33483",26.46161184141,-80.065074052148,Exact/R,census,2026-08-24T03:02:29.698Z
"814 NE 6 AVE, DELRAY BEACH, 33483",26.47427811024,-80.067365216958,Exact/L,census,2026-08-24T03:02:29.698Z
"8144 GLADES ROAD, BOCA RATON, 33434",26.367840867392,-80.172678648159,Exact/L,census,2026-08-24T03:02:29.698Z
"815 BELVEDERE RD, WEST PALM BEACH, 33405",26.690551257109,-80.060836609845,Exact/R,census,2026-08-24T03:02:29.698Z
"815 DONALD ROSS RD, JUNO BEACH, 33408",26.881794630407,-80.064469261496,Exact/R,census,2026-08-24T03:02:29.698Z
"815 S CONGRESS AVE SUI, WEST PALM BEACH, 33406",26.664843528687,-80.088231637878,Non_Exact/R,census,2026-08-24T03:02:29.698Z
"815 US HWY 1, LAKE PARK, 33403",26.799324816355,-80.054782505242,Exact/R,census,2026-08-24T03:02:29.698Z
"816 LINCOLN COURT, PALM BEACH GARDENS, 33410",26.871675244481,-80.098625624629,Exact/R,census,2026-08-24T03:02:29.698Z
"816 SE 1 ST, BOYNTON BEACH, 33435",26.520775798481,-80.061897184112,Exact/L,census,2026-08-24T03:02:29.698Z
"817 NE 6 AVE, DELRAY BEACH, 33483",26.474225789761,-80.067235976347,Exact/R,census,2026-08-24T03:02:29.698Z
"8170 GLADES RD STE K-1, BOCA RATON, 33434",26.367840867409,-80.173415758281,Exact/L,census,2026-08-24T03:02:29.698Z
"8170 OKEECHOBEE BLVD STE 1 & 2, WEST PALM BEACH, 33411",26.708481014867,-80.171182111001,Non_Exact/L,census,2026-08-24T03:02:29.698Z
"8175 GLADES RD, BOCA RATON, 33434",26.36795545877,-80.173078636073,Exact/R,census,2026-08-24T03:02:29.698Z
"8177 GLADES RD BAY 21, BOCA RATON, 33434",26.36795545877,-80.173096071443,Exact/R,census,2026-08-24T03:02:29.698Z
"8177 GLADES RD STE 20, BOCA RATON, 33434",26.36795545877,-80.173096071443,Exact/R,census,2026-08-24T03:02:29.698Z
"8177 GLADES RD, BOCA RATON, 33434",26.36795545877,-80.173096071443,Exact/R,census,2026-08-24T03:02:29.698Z
"8177 W GLADES RD BAYS 1 & 2, BOCA RATON, 33434",26.36795545877,-80.173096071443,Non_Exact/R,census,2026-08-24T03:02:29.698Z
"8188 GLADES RD, BOCA RATON, 33434",26.367840867441,-80.174875430701,Exact/L,census,2026-08-24T03:02:29.698Z
"819 LAKE AVE, LAKE WORTH, 33460",26.615832867858,-80.056566743616,Exact/L,census,2026-08-24T03:02:29.698Z
"8190 PARADISE BAY AVE, BOCA RATON, 33496",26.419961920097,-80.174889018371,Exact/L,census,2026-08-24T03:02:29.698Z
"8195 N MILITARY TRAIL, PALM BEACH GARDENS, 33410",26.797000347925,-80.106889317203,Exact/L,census,2026-08-24T03:02:29.698Z
"8195 N MILITARY TRL UNIT E&F, PALM BEACH GARDENS, 33410",26.797000347925,-80.106889317203,Non_Exact/L,census,2026-08-24T03:02:29.698Z
"82 GLEASON ST, DELRAY BEACH, 33483",26.460142346967,-80.060784200461,Exact/R,census,2026-08-24T03:02:29.698Z
"8201 CONGRESS AVE, BOCA RATON, 33487",26.421861786882,-80.092650892577,Exact/L,census,2026-08-24T03:02:29.698Z
"8205 LAKE WORTH RD, LAKE WORTH, 33467",26.617471396157,-80.174745419874,Exact/L,census,2026-08-24T03:02:29.698Z
"8208 GLADES RD, BOCA RATON, 33434",26.367840867411,-80.173532199385,Exact/L,census,2026-08-24T03:02:29.698Z
"8208 GLADES ROAD, BOCA RATON, 33434",26.367840867411,-80.173532199385,Exact/L,census,2026-08-24T03:02:29.698Z
"822 MARBELLA LANE WEST, LANTANA, 33462",26.57682081199,-80.043598418315,Non_Exact/L,census,2026-08-24T03:02:29.698Z
"8220 GLADES ROAD, BOCA RATON, 33434",26.367840867415,-80.173706861043,Exact/L,census,2026-08-24T03:02:29.698Z
"8221 GLADES RD STE 1-2, BOCA RATON, 33434",26.367955458783,-80.173706861039,Exact/R,census,2026-08-24T03:02:29.698Z
"8221 GLADES RD UNITS 5 AND 6, BOCA RATON, 33434",26.367955458783,-80.173706861039,Non_Exact/R,census,2026-08-24T03:02:29.698Z
"8221 GLADES RD, BOCA RATON, 33434",26.367955458783,-80.173706861039,Exact/R,census,2026-08-24T03:02:29.698Z
"8221 LAKE WORTH RD, LAKE WORTH, 33467",26.617471396159,-80.174841980586,Exact/L,census,2026-08-24T03:02:29.698Z
"8225 IBIS BLVD, WEST PALM BEACH, 33412",26.798150697017,-80.205290749568,Exact/L,census,2026-08-24T03:02:29.698Z
"8228 GLADES ROAD, BOCA RATON, 33434",26.367840867418,-80.173823302147,Exact/L,census,2026-08-24T03:02:29.698Z
"823 BELVEDERE RD, WEST PALM BEACH, 33405",26.690555392852,-80.060995491153,Exact/R,census,2026-08-24T03:02:29.698Z
"824 N DIXIE HWY, LAKE WORTH BEACH, 33460",26.625449942767,-80.056956373397,Exact/R,census,2026-08-24T03:02:29.698Z
"8240 FL 7 STE 100, BOYNTON BEACH, 33472",26.55514507254,-80.205694959955,Exact/L,census,2026-08-24T03:02:29.698Z
"8240 S SR 7 SUIT 260, BOYNTON BEACH, 33472",26.55514507254,-80.205694959955,Non_Exact/L,census,2026-08-24T03:02:29.698Z
"8240 SR 7 STE 290, BOYNTON BEACH, 33472",26.55514507254,-80.205694959955,Exact/L,census,2026-08-24T03:02:29.698Z
"8242 JOG RD, BOYNTON BEACH, 33472",26.553736327023,-80.150129196962,Exact/L,census,2026-08-24T03:02:29.698Z
"825 NE 6 AVE, DELRAY BEACH, 33483",26.474287388664,-80.067237387008,Exact/R,census,2026-08-24T03:02:29.698Z
"8251 ABERDEEN DR, BOYNTON BEACH, 33472",26.552619311227,-80.1522668771,Exact/R,census,2026-08-24T03:02:29.698Z
"8251 ABERDEEN GOLF & COUNTRY CLUB, BOYNTON BEACH, 33472",26.506507126538,-80.096752827992,Non_Exact,census,2026-08-24T03:02:29.698Z
"8252 JOG RD, BOYNTON BEACH, 33472",26.55358836227,-80.150159660296,Exact/L,census,2026-08-24T03:02:29.698Z
"826 PARK AVE, LAKE PARK, 33403",26.798648511141,-80.069097858597,Exact/L,census,2026-08-24T03:02:29.698Z
"826 PARK AVENUE, LAKE PARK, 33403",26.798648511141,-80.069097858597,Exact/L,census,2026-08-24T03:02:29.698Z
"8260 S JOG RD, BOYNTON BEACH, 33472",26.553471284124,-80.150181067103,Non_Exact/L,census,2026-08-24T03:02:29.698Z
"828 IMPERIAL LAKE, WEST PALM BEACH, 33413",26.6893258,-80.1441876,google:ROOFTOP,google,2026-08-24T12:15:59.167Z
"828 S MILITARY TRL, WEST PALM BEACH, 33415",26.665166552143,-80.112412770124,Exact/L,census,2026-08-24T03:02:29.698Z
"830 N DIXIE HWY, LAKE WORTH, 33460",26.625516766845,-80.056954129303,Exact/R,census,2026-08-24T03:02:29.698Z
"830 S MILITARY TRAIL SUITE B, WEST PALM BEACH, 33415",26.665137577841,-80.112413689441,Non_Exact/L,census,2026-08-24T03:02:29.698Z
"830 S MILITARY TRL STE A, WEST PALM BEACH, 33415",26.665137577841,-80.112413689441,Non_Exact/L,census,2026-08-24T03:02:29.698Z
"8304 S JOG RD, BOYNTON BEACH, 33472",26.552818609479,-80.150260664849,Non_Exact/L,census,2026-08-24T03:02:29.698Z
"8316 JOG RD, BOYNTON BEACH, 33437",26.552638433204,-80.150273534588,Non_Exact/L,census,2026-08-24T03:02:29.698Z
"8324 JOG RD, BOYNTON BEACH, 33437",26.552521762855,-80.150274759453,Non_Exact/L,census,2026-08-24T03:02:29.698Z
"8325 BERMUDA SOUND WAY, BOYNTON BEACH, 33436",26.551299648561,-80.112319215868,Exact/R,census,2026-08-24T03:02:29.698Z
"833 S MAIN ST, BELLE GLADE, 33430",26.676386717242,-80.670247193957,Exact/L,census,2026-08-24T03:02:29.698Z
"8344 GARDEN RD STE G, RIVIERA BEACH, 33404",26.7980577662,-80.090442779332,Non_Exact/R,census,2026-08-24T03:02:29.698Z
"835 13 ST, LAKE PARK, 33403",26.79921532895,-80.079507525516,Exact/R,census,2026-08-24T03:02:29.698Z
"836 BELVEDERE RD, WEST PALM BEACH, 33405",26.69044808761,-80.061277268624,Exact/L,census,2026-08-24T03:02:29.698Z
"836 W INDIANTOWN RD, JUPITER, 33458",26.933900106323,-80.108551866617,Exact/L,census,2026-08-24T03:02:29.698Z
"836 W LANTANA RD, LANTANA, 33462",26.586907088451,-80.059153803768,Exact/L,census,2026-08-24T03:02:29.698Z
"840 E ATLANTIC AVE, DELRAY BEACH, 33444",26.461611841404,-80.064810736378,Non_Exact/R,census,2026-08-24T03:02:29.698Z
"840 N RAILROAD AVE, WEST PALM BEACH, 33401",26.720217900255,-80.055149795059,Non_Exact/R,census,2026-08-24T03:02:29.698Z
"840 W LANTANA RD, LANTANA, 33462",26.586908561472,-80.059201271833,Exact/L,census,2026-08-24T03:02:29.698Z
"841 DONALD ROSS RD, JUNO BEACH, 33408",26.881796292554,-80.064544133619,Exact/R,census,2026-08-24T03:02:29.698Z
"8430 BLUE MOUNTAIN DR, BOYNTON BEACH, 33473",26.493723835951,-80.181433592904,Non_Exact/L,census,2026-08-24T03:02:29.698Z
"8440 S MILITARY TRL, BOYNTON BEACH, 33436",26.552291546732,-80.120813870547,Exact/L,census,2026-08-24T03:02:29.698Z
"847 SOUTHERN BLVD, WEST PALM BEACH, 33405",26.675960805391,-80.061748505421,Exact/R,census,2026-08-24T03:02:29.698Z
"8480 OKEECHOBEE BLVD STE 7, WEST PALM BEACH, 33411",26.708680459072,-80.180054667452,Exact/L,census,2026-08-24T03:02:29.698Z
"8480 OKEECHOBEE BLVD, WEST PALM BEACH, 33411",26.708680459072,-80.180054667452,Exact/L,census,2026-08-24T03:02:29.698Z
"850 PARK AVE, LAKE PARK, 33403",26.798667088751,-80.069561266464,Exact/L,census,2026-08-24T03:02:29.698Z
"851 S FEDERAL HWY, BOCA RATON, 33432",26.342320027089,-80.0863203041,Exact/R,census,2026-08-24T03:02:29.698Z
"851 SE MONTEREY RD, STUART, 34994",27.175638543405,-80.241277645516,Exact/R,census,2026-08-24T03:02:29.698Z
"851 VILLAGE BLVD STE 602A, WEST PALM BEACH, 33409",26.715373081321,-80.101064083398,Exact/R,census,2026-08-24T03:02:29.698Z
"8576 GOLDEN GATE AVE, DELRAY BEACH, 33446",26.428115419789,-80.180368253555,Exact/L,census,2026-08-24T03:02:29.698Z
"860 S MAIN ST, BELLE GLADE, 33430",26.675521310176,-80.670549607908,Exact/L,census,2026-08-24T03:02:29.698Z
"861 YAMATO RD, BOCA RATON, 33431",26.3955044,-80.1036412,google:ROOFTOP,google,2026-08-24T12:15:59.167Z
"864 N MILITARY TRAIL, WEST PALM BEACH, 33415",26.690115375906,-80.11148812005,Exact/L,census,2026-08-24T03:02:29.698Z
"865 N FEDERAL HWY, BOCA RATON, 33309",26.358407205574,-80.085065415825,Non_Exact/L,census,2026-08-24T03:02:29.698Z
"865 S MAIN ST, BELLE GLADE, 33430",26.675938558107,-80.670255196811,Exact/L,census,2026-08-24T03:02:29.698Z
"8665 JUEGO WAY, BOCA RATON, 33433",26.355598462075,-80.181909901337,Exact/R,census,2026-08-24T03:02:29.698Z
"867 DONALD ROSS BLVD, JUNO BEACH, 33408",26.881797954702,-80.064619005742,Non_Exact/R,census,2026-08-24T03:02:29.698Z
"87 VIA MIZNER WORTH AVE, PALM BEACH, 33480",26.701197,-80.0402898,google:RANGE_INTERPOLATED,google,2026-08-24T12:15:59.167Z
"870 N CONGRESS AVE, BOYNTON BEACH, 33426",26.536127634555,-80.090582346914,Exact/L,census,2026-08-24T03:02:29.698Z
"870 N RAILROAD AVE, WEST PALM BEACH, 33401",26.720464160345,-80.055187216926,Non_Exact/R,census,2026-08-24T03:02:29.698Z
"871 VILLAGE BLVD STE 602B, WEST PALM BEACH, 33409",26.715536993694,-80.101199386247,Non_Exact/R,census,2026-08-24T03:02:29.698Z
"8744 LANTANA RD B-114, LAKE WORTH, 33467",26.59067678184,-80.184542689341,Non_Exact/R,census,2026-08-24T03:02:29.698Z
"8746 LAKE WORTH RD BAY 300, LAKE WORTH, 33467",26.617214394514,-80.185524322956,Exact/L,census,2026-08-24T03:02:29.698Z
"875 NORTH RAILROAD AVE, WEST PALM BEACH, 33401",26.720481582436,-80.055319331598,Non_Exact/L,census,2026-08-24T03:02:29.698Z
"8755 HYPLOUXO RD STE B3, LAKE WORTH, 33467",26.569625867624,-80.181067376478,Non_Exact/L,census,2026-08-24T03:02:29.698Z
"8755 HYPOLUXO RD UNIT 4, LAKE WORTH, 33467",26.569625867624,-80.181067376478,Exact/L,census,2026-08-24T03:02:29.698Z
"8765 APPALACHIAN RIDGE RD, BOYNTON BEACH, 33473",26.4875759715,-80.183332708056,Exact/R,census,2026-08-24T03:02:29.698Z
"8773 BOYNTON BEACH BLVD STE 550, BOYNTON BEACH, 33472",26.5278911429,-80.184793939044,Non_Exact/L,census,2026-08-24T03:02:29.698Z
"8777 HYPOLUXO RD STE 5, LAKE WORTH, 33467",26.569207479716,-80.18170497295,Exact/L,census,2026-08-24T03:02:29.698Z
"878 N MILITARY TRL, WEST PALM BEACH, 33415",26.690504990414,-80.111471540699,Exact/L,census,2026-08-24T03:02:29.698Z
"8784 BOYNTON BEACH BLVD STE 104, BOYNTON BEACH, 33472",26.527734144126,-80.189602521536,Non_Exact/R,census,2026-08-24T03:02:29.698Z
"8784 BOYNTON BEACH BLVD, BOYNTON BEACH, 33437",26.527734144126,-80.189602521536,Non_Exact/R,census,2026-08-24T03:02:29.698Z
"8788 BOYNTON BEACH BLVD 102A, BOYNTON BEACH, 33472",26.527733859127,-80.189634750264,Non_Exact/R,census,2026-08-24T03:02:29.698Z
"8790 BOYTON BEACH RD STE 2, BOYNTON BEACH, 33472",26.527733716628,-80.189650864628,Non_Exact/R,census,2026-08-24T03:02:29.698Z
"8794 BOYNTON BEACH BLVD STE 108, BOYNTON BEACH, 33472",26.527733431629,-80.189683093356,Non_Exact/R,census,2026-08-24T03:02:29.698Z
"8794 W BOYNTON BEACH BLVD STE 101, BOYNTON BEACH, 33472",26.527733431629,-80.189683093356,Exact/R,census,2026-08-24T03:02:29.698Z
"8796 WEST BOYNTON BEACH BLVD, BOYNTON BEACH, 33472",26.527733289129,-80.18969920772,Exact/R,census,2026-08-24T03:02:29.698Z
"8801 BOYNTON BEACH BLVD, BOYNTON BEACH, 33472",26.52788715816,-80.185246208107,Non_Exact/L,census,2026-08-24T03:02:29.698Z
"8831 HYPOLUXO RD, LAKE WORTH, 33467",26.568179572626,-80.183271050963,Exact/L,census,2026-08-24T03:02:29.698Z
"8841 GLADES RD, BOCA RATON, 33434",26.367955459015,-80.184132713225,Exact/L,census,2026-08-24T03:02:29.698Z
"8843 SOUTHERN BLVD, WEST PALM BEACH, 33411",26.680021487091,-80.182613023226,Exact/R,census,2026-08-24T03:02:29.698Z
"8850 VENETIAN ISLES BLVD, BOYNTON BEACH, 33472",26.554773850252,-80.187171514892,Exact/R,census,2026-08-24T03:02:29.698Z
"8854 W ATLANTIC AVE B1, DELRAY BEACH, 33446",26.453592846078,-80.183582432053,Non_Exact/R,census,2026-08-24T03:02:29.698Z
"8854 W ATLANTIC AVE B3/4, DELRAY BEACH, 33446",26.453592846078,-80.183582432053,Non_Exact/R,census,2026-08-24T03:02:29.698Z
"8855 BOYNTON BEACH BLVD STE 300, WEST BOYNTON, 33472",26.527879473306,-80.186118441301,Non_Exact/L,census,2026-08-24T03:02:29.698Z
"8855 BOYNTON BEACH BLVD STE 350, BOYNTON BEACH, 33472",26.527879473306,-80.186118441301,Non_Exact/L,census,2026-08-24T03:02:29.698Z
"8855 HYPOLUXO RD, LAKE WORTH, 33467",26.567743490539,-80.183971953023,Exact/L,census,2026-08-24T03:02:29.698Z
"8858 ATLANTIC AVE BLDG A, DELRAY BEACH, 33446",26.453592846079,-80.183622970251,Non_Exact/R,census,2026-08-24T03:02:29.698Z
"8862 ATLANTIC AVENUE C1, DELRAY BEACH, 33446",26.45359284608,-80.183663508449,Non_Exact/R,census,2026-08-24T03:02:29.698Z
"8865 SOUTHERN BLVD BLDG E, WEST PALM BEACH, 33411",26.680041810578,-80.183226792071,Non_Exact/R,census,2026-08-24T03:02:29.698Z
"887 E PALMETTO PARK RD, BOCA RATON, 33432",26.350708720472,-80.071819923282,Exact/L,census,2026-08-24T03:02:29.698Z
"888 S MILITARY TRL, WEST PALM BEACH, 33415",26.664297323092,-80.112440349625,Exact/L,census,2026-08-24T03:02:29.698Z
"8898 LYONS RD, BOYNTON BEACH, 33437",26.543140901813,-80.188570300721,Non_Exact/L,census,2026-08-24T03:02:29.698Z
"890 N RAILROAD AVE, WEST PALM BEACH, 33401",26.720628333738,-80.055212164838,Non_Exact/R,census,2026-08-24T03:02:29.698Z
"8900 N MILITARY TRL, PALM BEACH GARDENS, 33410",26.807907506422,-80.106245734655,Exact/L,census,2026-08-24T03:02:29.698Z
"8903 GLADES RD G10, BOCA RATON, 33434",26.367955459037,-80.185088079627,Exact/L,census,2026-08-24T03:02:29.698Z
"8903 GLADES RD STE G16, BOCA RATON, 33434",26.367955459037,-80.185088079627,Exact/L,census,2026-08-24T03:02:29.698Z
"8903 GLADES RD STE K1, BOCA RATON, 33434",26.367955459037,-80.185088079627,Exact/L,census,2026-08-24T03:02:29.698Z
"8903 GLADES RD UNIT A10, BOCA RATON, 33434",26.367955459037,-80.185088079627,Exact/L,census,2026-08-24T03:02:29.698Z
"8903 GLADES RD, BOCA RATON, 33434",26.367955459037,-80.185088079627,Exact/L,census,2026-08-24T03:02:29.698Z
"8903 GLADES ROAD J3, BOCA RATON, 33434",26.367955459037,-80.185088079627,Non_Exact/L,census,2026-08-24T03:02:29.698Z
"8903 GLADES ROAD UNIT K-2, BOCA RATON, 33434",26.367955459037,-80.185088079627,Exact/L,census,2026-08-24T03:02:29.698Z
"891 E PALMETTO PARK RD, BOCA RATON, 33432",26.350709397653,-80.071758468975,Exact/L,census,2026-08-24T03:02:29.698Z
"8910 N MILITARY TRL, PALM BEACH GARDENS, 33410",26.808012691072,-80.106242827539,Exact/L,census,2026-08-24T03:02:29.698Z
"8918 LANTANA RD UNIT C & D, LAKE WORTH, 33467",26.590766903409,-80.187659027129,Non_Exact/R,census,2026-08-24T03:02:29.698Z
"8918 W ATLANTIC AVE BAY 300, DELRAY BEACH, 33446",26.453592846093,-80.184231043219,Exact/R,census,2026-08-24T03:02:29.698Z
"895 E PALMETTO PARK RD, BOCA RATON, 33432",26.350710074834,-80.071697014668,Exact/L,census,2026-08-24T03:02:29.698Z
"897 E PALMETTO PARK RD, BOCA RATON, 33432",26.350710413425,-80.071666287515,Exact/L,census,2026-08-24T03:02:29.698Z
"8983 OKEECHOBEE BLVD 216, WEST PALM BEACH, 33411",26.708886518465,-80.18381525914,Exact/L,census,2026-08-24T03:02:29.698Z
"8989 OKEECHOBEE BLVD, WEST PALM BEACH, 33411",26.708895283025,-80.184114724606,Exact/L,census,2026-08-24T03:02:29.698Z
"899 E PALMETTO PARK RD, BOCA RATON, 33432",26.350710752015,-80.071635560361,Exact/L,census,2026-08-24T03:02:29.698Z
"8991 SW 8 ST, BOCA RATON, 33433",26.339794466143,-80.186038829451,Exact/R,census,2026-08-24T03:02:29.698Z
"9 N H ST, LAKE WORTH, 33460",26.616046396419,-80.058419563874,Exact/L,census,2026-08-24T03:02:29.698Z
"9 NE 2 AVE, DELRAY BEACH, 33444",26.461839494659,-80.071024733883,Exact/R,census,2026-08-24T03:02:29.698Z
"9 S SWINTON AVE, DELRAY BEACH, 33483",26.461440030558,-80.073032943394,Non_Exact/L,census,2026-08-24T03:02:29.698Z
"9 SE 7 AVE, DELRAY BEACH, 33483",26.461464939673,-80.065958476168,Exact/L,census,2026-08-24T03:02:29.698Z
"900 JUNO OCEAN WALK, JUNO BEACH, 33408",26.879713115169,-80.053176261136,Non_Exact/R,census,2026-08-24T03:02:29.698Z
"900 LINTON BLVD STE 920, DELRAY BEACH, 33444",26.439627498835,-80.082200467721,Exact/L,census,2026-08-24T03:02:29.698Z
"900 LINTON BLVD, DELRAY BEACH, 33444",26.439627498835,-80.082200467721,Exact/L,census,2026-08-24T03:02:29.698Z
"900 NORTHLAKE BLVD, NORTH PALM BEACH, 33408",26.807825755007,-80.071542687565,Exact/L,census,2026-08-24T03:02:29.698Z
"900 PENINSULA CORPORATE CIR, BOCA RATON, 33487",26.422755995696,-80.096016305685,Exact/R,census,2026-08-24T03:02:29.698Z
"900 S OCEAN BLVD, BOCA RATON, 33432",26.3380373,-80.0712803,google:ROOFTOP,google,2026-08-24T12:15:59.167Z
"900 US HIGHWAY 27 NORTH, SOUTH BAY, 33493",26.676247070047,-80.722879252641,Exact/R,census,2026-08-24T03:02:29.698Z
"900 US HWY 1, NORTH PALM BEACH, 33408",26.826241339928,-80.0608716375,Exact/L,census,2026-08-24T03:02:29.698Z
"901 INDIANTOWN RD, JUPITER, 33458",26.934029195005,-80.11004607693,Non_Exact/R,census,2026-08-24T03:02:29.698Z
"901 N CONGRESS AVE D106, BOYNTON BEACH, 33426",26.536311098653,-80.090713931758,Non_Exact/R,census,2026-08-24T03:02:29.698Z
"901 N CONGRESS AVE STE D-101, BOYNTON BEACH, 33426",26.536311098653,-80.090713931758,Non_Exact/R,census,2026-08-24T03:02:29.698Z
"901 N DIXIE HWY 1, LAKE WORTH, 33460",26.626392177868,-80.057052866204,Exact/L,census,2026-08-24T03:02:29.698Z
"901 PENINSULA CORP CIR, BOCA RATON, 33487",26.421553498161,-80.095032036418,Non_Exact/L,census,2026-08-24T03:02:29.698Z
"901 S FEDERAL HWY, LAKE WORTH, 33460",26.604785732893,-80.052332004858,Exact/R,census,2026-08-24T03:02:29.698Z
"901 SEMINOLE BLVD, NORTH PALM BEACH, 33408",26.859188543793,-80.047536960842,Exact/R,census,2026-08-24T03:02:29.698Z
"901 SOUTHERN BLVD, WEST PALM BEACH, 33405",26.675991062597,-80.062876012645,Exact/R,census,2026-08-24T03:02:29.698Z
"901 W INDIANTOWN RD STE 21-22, JUPITER, 33458",26.934029195005,-80.11004607693,Exact/R,census,2026-08-24T03:02:29.698Z
"901 WEST INDIANTOWN RD BAY 16, JUPITER, 33458",26.934029195005,-80.11004607693,Exact/R,census,2026-08-24T03:02:29.698Z
"9045 LA FONTANA BLVD STE 109, BOCA RATON, 33434",26.380508654121,-80.187624177532,Exact/L,census,2026-08-24T03:02:29.698Z
"905 FEDERAL HWY STE A, LAKE PARK, 33403",26.800191835857,-80.054881056991,Non_Exact/R,census,2026-08-24T03:02:29.698Z
"905 N DIXIE HWY, WEST PALM BEACH, 33401",26.720786481944,-80.053398155272,Exact/L,census,2026-08-24T03:02:29.698Z
"905 US HWY 1, LAKE PARK, 33403",26.800191835857,-80.054881056991,Exact/R,census,2026-08-24T03:02:29.698Z
"905 W LANTANA RD, LANTANA, 33462",26.58704511424,-80.059906751818,Exact/R,census,2026-08-24T03:02:29.698Z
"9050 KIMBERLY BLVD BAY UNIT 68-69, BOCA RATON, 33434",26.383599122714,-80.188605992843,Non_Exact/R,census,2026-08-24T03:02:29.698Z
"9050 KIMBERLY BLVD STE 70-71, BOCA RATON, 33434",26.383599122714,-80.188605992843,Exact/R,census,2026-08-24T03:02:29.698Z
"9060 KIMBERLY BLVD 46/47, BOCA RATON, 33434",26.383532674356,-80.188961322649,Exact/R,census,2026-08-24T03:02:29.698Z
"9060 KIMBERLY BLVD UNIT 42-43, BOCA RATON, 33434",26.383532674356,-80.188961322649,Exact/R,census,2026-08-24T03:02:29.698Z
"9067 SOUTHERN BLVD, WEST PALM BCH, 33411",26.680307468679,-80.191812101351,Exact/R,census,2026-08-24T03:02:29.698Z
"9067 SOUTHERN BLVD, WEST PALM BEACH, 33411",26.680307468679,-80.191812101351,Exact/R,census,2026-08-24T03:02:29.698Z
"9070 KIMBERLY BLVD STE 21, BOCA RATON, 33434",26.383466225999,-80.189316652456,Exact/R,census,2026-08-24T03:02:29.698Z
"9070 KIMBERLY BLVD STE 26, BOCA RATON, 33434",26.383466225999,-80.189316652456,Exact/R,census,2026-08-24T03:02:29.698Z
"9089 N MILITARY TRL STE 21, PALM BEACH GARDENS, 33410",26.810407915896,-80.106509030839,Exact/L,census,2026-08-24T03:02:29.698Z
"9089 W ATLANTIC AVE STE 100, DELRAY BEACH, 33446",26.453706540612,-80.188844209592,Exact/L,census,2026-08-24T03:02:29.698Z
"9090 ALTERNATE A1A, NORTH PALM BEACH, 33403",26.809941375589,-80.076654206444,Non_Exact/L,census,2026-08-24T03:02:29.698Z
"9091 N MILITARY TRL, PALM BEACH GARDENS, 33410",26.810438382939,-80.106507173092,Exact/L,census,2026-08-24T03:02:29.698Z
"9091 NORTH MILITARY TRL STE 13, PALM BEACH GARDENS, 33410",26.810438382939,-80.106507173092,Exact/L,census,2026-08-24T03:02:29.698Z
"910 W ATLANTIC AVE, DELRAY BEACH, 33444",26.461566841809,-80.082392844344,Exact/L,census,2026-08-24T03:02:29.698Z
"9101 LAKERIDGE BLVD BAY 4, BOCA RATON, 33496",26.394244122655,-80.192290973077,Exact/L,census,2026-08-24T03:02:29.698Z
"9101 LAKERIDGE BLVD, BOCA RATON, 33496",26.394244122655,-80.192290973077,Exact/L,census,2026-08-24T03:02:29.698Z
"9104 FOREST HILL BLVD, WELLINGTON, 33411",26.650870980177,-80.17427405311,Exact/L,census,2026-08-24T03:02:29.698Z
"911 SE 6 AVE STE 106-107, DELRAY BEACH, 33483",26.448252969817,-80.066862844802,Exact/L,census,2026-08-24T03:02:29.698Z
"911 VILLAGE BLVD STE 801, WEST PALM BEACH, 33409",26.715879546529,-80.101452391401,Exact/R,census,2026-08-24T03:02:29.698Z
"9125 VIA GRANDE N, WELLINGTON, 33411",26.6524338,-80.1902336,google:ROOFTOP,google,2026-08-24T12:15:59.167Z
"913 LAKE AVE, LAKE WORTH, 33460",26.615858429964,-80.057524554761,Exact/L,census,2026-08-24T03:02:29.698Z
"9140 FOREST HILL BLVD, VILLAGE OF WELLINGTO, 33414",26.650868851066,-80.174359217631,Non_Exact/L,census,2026-08-24T03:02:29.698Z
"9152 FOREST HILL BLVD, WELLINGTON, 33414",26.650868141362,-80.174387605805,Non_Exact/L,census,2026-08-24T03:02:29.698Z
"916 NORTHLAKE BLVD, NORTH PALM BEACH, 33408",26.807847536452,-80.072253306652,Exact/L,census,2026-08-24T03:02:29.698Z
"916 SE 5TH AVE, DELRAY BEACH, 33483",26.448183601693,-80.067996050447,Exact/R,census,2026-08-24T03:02:29.698Z
"9168 GLADES ROAD, BOCA RATON, 33434",26.367840867754,-80.188946562542,Exact/R,census,2026-08-24T03:02:29.698Z
"9169 W ATLANTIC AVE 100, DELRAY BEACH, 33446",26.453704974842,-80.19012268416,Exact/L,census,2026-08-24T03:02:29.698Z
"9169 W ATLANTIC AVE SUITE 116, DELRAY BEACH, 33446",26.453704974842,-80.19012268416,Exact/L,census,2026-08-24T03:02:29.698Z
"9173 WEST ATLANTIC AVENUE 120, DELRAY BEACH, 33446",26.453704896554,-80.190186607888,Exact/L,census,2026-08-24T03:02:29.698Z
"9180 GLADES RD, BOCA RATON, 33434",26.367840867757,-80.189095559076,Exact/R,census,2026-08-24T03:02:29.698Z
"9181 GLADES RD STE 105 & 110, BOCA RATON, 33434",26.367955459151,-80.190233874853,Non_Exact/L,census,2026-08-24T03:02:29.698Z
"9181 GLADES RD, BOCA RATON, 33434",26.367955459151,-80.190233874853,Exact/L,census,2026-08-24T03:02:29.698Z
"9191 LANTANA RD, LAKE WORTH, 33467",26.591101242629,-80.194745093486,Exact/L,census,2026-08-24T03:02:29.698Z
"9192 GLADES RD UNIT 1, BOCA RATON, 33434",26.367840867761,-80.189244555609,Exact/R,census,2026-08-24T03:02:29.698Z
"9205 SOUTHERN BLVD, ROYAL PALM BEACH, 33411",26.680357689779,-80.193713751273,Exact/R,census,2026-08-24T03:02:29.698Z
"921 LAKE AVE, LAKE WORTH BEACH, 33460",26.615860353908,-80.05759638196,Exact/L,census,2026-08-24T03:02:29.698Z
"922-926 NORTH LAKE BLVD, LAKE PARK, 33403",26.807606,-80.07204399999999,google:ROOFTOP,google,2026-08-24T12:15:59.167Z
"9228 GLADES RD, BOCA RATON, 33434",26.367840867771,-80.189691545211,Exact/R,census,2026-08-24T03:02:29.698Z
"9244 GLADES RD, BOCA RATON, 33434",26.367840867775,-80.189890207256,Exact/R,census,2026-08-24T03:02:29.698Z
"925 N OCEAN BLVD, DELRAY BEACH, 33483",26.448206753346,-80.061214662083,Non_Exact/L,census,2026-08-24T03:02:29.698Z
"9250 MAPLE VALLEY RD, BOYNTON BEACH, 33473",26.5075008,-80.19283690000002,google:ROOFTOP,google,2026-08-24T12:15:59.167Z
"926 S MILITARY TRL 106, WEST PALM BEACH, 33415",26.66374681136,-80.112457816642,Exact/L,census,2026-08-24T03:02:29.698Z
"9260 W INDIANTOWN RD B-10, JUPITER, 33478",26.938183348186,-80.180005392968,Non_Exact/L,census,2026-08-24T03:02:29.698Z
"9260 W INDIANTOWN RD B4, JUPITER, 33478",26.938183348186,-80.180005392968,Non_Exact/L,census,2026-08-24T03:02:29.698Z
"9260 W INDIANTOWN RD, JUPITER, 33478",26.938183348186,-80.180005392968,Exact/L,census,2026-08-24T03:02:29.698Z
"927 PARK AVE, LAKE PARK, 33403",26.79883790213,-80.071114031076,Exact/R,census,2026-08-24T03:02:29.698Z
"928 BELVEDERE RD, WEST PALM BEACH, 33405",26.690496395988,-80.063118526648,Exact/L,census,2026-08-24T03:02:29.698Z
"93 MM WPB PLAZA, LAKE WORTH, 33467",26.623915,-80.1065948,google:ROOFTOP,google,2026-08-24T12:15:59.167Z
"931 VILLAGE BLVD STE 906, WEST PALM BEACH, 33409",26.716055338011,-80.101563951369,Exact/R,census,2026-08-24T03:02:29.698Z
"931 VILLAGE BLVD STE 907, WEST PALM BEACH, 33409",26.716055338011,-80.101563951369,Exact/R,census,2026-08-24T03:02:29.698Z
"931 VILLAGE BLVD STE 908, WEST PALM BEACH, 33409",26.716055338011,-80.101563951369,Exact/R,census,2026-08-24T03:02:29.698Z
"9314 FOREST HILL BLVD STE 678, WELLINGTON, 33411",26.650673626441,-80.203606143822,Non_Exact/R,census,2026-08-24T03:02:29.698Z
"932 MAIN ST, BELLE GLADE, 33430",26.6742572,-80.6709114,google:ROOFTOP,google,2026-08-24T12:15:59.167Z
"934 BELVEDERE RD, WEST PALM BEACH, 33405",26.690499154555,-80.063221742953,Exact/L,census,2026-08-24T03:02:29.698Z
"9370 87 PL S, BOYNTON BEACH, 33472",26.546272489477,-80.197003336637,Exact/R,census,2026-08-24T03:02:29.698Z
"9377 FL A1A ALT, WEST PALM BEACH, 33403",26.814157800247,-80.07912970273,Exact/L,census,2026-08-24T03:02:29.698Z
"9397 E F JOHNS PKWY, BOCA RATON, 33434",26.3758887,-80.19350399999999,google:ROOFTOP,google,2026-08-24T12:15:59.167Z
"940 S MAIN ST, BELLE GLADE, 33430",26.674160539521,-80.670592413645,Exact/L,census,2026-08-24T03:02:29.698Z
"940 S MILITARY TRL UNIT 10, WEST PALM BEACH, 33415",26.663543991248,-80.112464251859,Exact/L,census,2026-08-24T03:02:29.698Z
"942 S MAIN ST, BELLE GLADE, 33430",26.674126520255,-80.670593483788,Exact/L,census,2026-08-24T03:02:29.698Z
"943 W ATLANTIC AVE, DELRAY BEACH, 33445",26.461681433184,-80.082690476332,Non_Exact/R,census,2026-08-24T03:02:29.698Z
"9475 HIGHWAY ALT A1A, LAKE PARK, 33403",26.814748844637,-80.079571430599,Non_Exact/L,census,2026-08-24T03:02:29.698Z
"9477 ALT A1A, LAKE PARK, 33403",26.814760906767,-80.079580445454,Non_Exact/L,census,2026-08-24T03:02:29.698Z
"949 W CANAL ST N, BELLE GLADE, 33430",26.690998375573,-80.677193417613,Exact/R,census,2026-08-24T03:02:29.698Z
"950 LINTON BLVD, DELRAY BEACH, 33444",26.439623211264,-80.082693741895,Exact/L,census,2026-08-24T03:02:29.698Z
"950 N CONGRESS AVE STE J100, BOYNTON BEACH, 33426",26.536622053905,-80.090591719778,Exact/L,census,2026-08-24T03:02:29.698Z
"9500 SANDHILL CRANE DRIVE, PALM BEACH GARDENS, 33412",26.820324263606,-80.229272746159,Exact/R,census,2026-08-24T03:02:29.698Z
"9500 SAUVIGNON PARKWAY, BOCA RATON, 33496",26.419787271804,-80.193551461864,Exact/L,census,2026-08-24T03:02:29.698Z
"951 HANK AARON DR, WEST PALM BEACH, 33401",26.723877496554,-80.080365903447,Exact/L,census,2026-08-24T03:02:29.698Z
"951 US HWY 1, NORTH PALM BEACH, 33408",26.828759441822,-80.061058060056,Exact/L,census,2026-08-24T03:02:29.698Z
"952 NORTHLAKE BLVD, LAKE PARK, 33403",26.807898834162,-80.073892795437,Exact/L,census,2026-08-24T03:02:29.698Z
"9536 GLADES RD, BOCA RATON, 33428",26.36784086783,-80.19235441975,Non_Exact/R,census,2026-08-24T03:02:29.698Z
"955 SANSBURYS WAY STE 211, WEST PALM BEACH, 33411",26.690910180333,-80.184415197183,Exact/R,census,2026-08-24T03:02:29.698Z
"955 SANSBURYS WAY STE 213, WEST PALM BEACH, 33411",26.690910180333,-80.184415197183,Exact/R,census,2026-08-24T03:02:29.698Z
"955 SANSBURYS WAY, WEST PALM BEACH, 33411",26.690910180333,-80.184415197183,Exact/R,census,2026-08-24T03:02:29.698Z
"9560 GLADES RD 190, BOCA RATON, 33434",26.367840867834,-80.192518136553,Exact/R,census,2026-08-24T03:02:29.698Z
"9560 GLADES RD STE 155, BOCA RATON, 33434",26.367840867834,-80.192518136553,Exact/R,census,2026-08-24T03:02:29.698Z
"9560 GLADES ROAD SUITE 130, BOCA RATON, 33434",26.367840867834,-80.192518136553,Exact/R,census,2026-08-24T03:02:29.698Z
"958 S MILITARY TRL 23, WEST PALM BEACH, 33415",26.663283222532,-80.112472525709,Exact/L,census,2026-08-24T03:02:29.698Z
"959 S MAIN ST, BELLE GLADE, 33430",26.674622012013,-80.670286803275,Exact/L,census,2026-08-24T03:02:29.698Z
"9598 GLADES RD, BOCA RATON, 33434",26.367840867839,-80.192777354824,Exact/R,census,2026-08-24T03:02:29.698Z
"960 N HWY A1A, JUPITER, 33477",26.94273299212,-80.080939813143,Exact/L,census,2026-08-24T03:02:29.698Z
"9636 GLADES RD BLDG C6, BOCA RATON, 33434",26.367837521696,-80.19629747668,Exact/R,census,2026-08-24T03:02:29.698Z
"964 N CONGRESS AVE, WEST PALM BEACH, 33409",26.705234745157,-80.08647743355,Exact/L,census,2026-08-24T03:02:29.698Z
"964 S CONGRESS AVE, PALM SPRINGS, 33406",26.662499621927,-80.088215616828,Exact/L,census,2026-08-24T03:02:29.698Z
"964 S MAIN ST, BELLE GLADE, 33430",26.673752308325,-80.670605255366,Exact/L,census,2026-08-24T03:02:29.698Z
"9640 PLATINA AVE, BOYNTON BEACH, 33437",26.531217612984,-80.127551938297,Exact/L,census,2026-08-24T03:02:29.698Z
"9644 TAVERNIER DR, BOCA RATON, 33496",26.394696861221,-80.19884556186,Exact/R,census,2026-08-24T03:02:29.698Z
"9658 GLADES RD 205, BOCA RATON, 33434",26.367835569505,-80.197119356629,Exact/R,census,2026-08-24T03:02:29.698Z
"9658 GLADES RD, BOCA RATON, 33434",26.367835569505,-80.197119356629,Exact/R,census,2026-08-24T03:02:29.698Z
"9658 GLADES ROAD 200, BOCA RATON, 33434",26.367835569505,-80.197119356629,Exact/R,census,2026-08-24T03:02:29.698Z
"967 ALTERNATE A1A, JUPITER, 33477",,,google:GEOMETRIC_CENTER-too-coarse,google,2026-08-24T12:15:59.167Z
"9674 GLADES BLVD STE 530, BOCA RATON, 33434",26.36783414973,-80.197717087501,Non_Exact/R,census,2026-08-24T03:02:29.698Z
"9674 GLADES RD SUITE 520, BOCA RATON, 33434",26.36783414973,-80.197717087501,Exact/R,census,2026-08-24T03:02:29.698Z
"968 NORTHLAKE BLVD, LAKE PARK, 33403",26.807931181468,-80.074583851151,Exact/L,census,2026-08-24T03:02:29.698Z
"9690 GLADES RD STE 350, BOCA RATON, 33434",26.367832729955,-80.198314818373,Exact/R,census,2026-08-24T03:02:29.698Z
"9690 GLADES RD STE 400, BOCA RATON, 33434",26.367832729955,-80.198314818373,Exact/R,census,2026-08-24T03:02:29.698Z
"9697 MAYACOO CLUB DR, WEST PALM BEACH, 33411",26.692928910269,-80.197754628874,Exact/L,census,2026-08-24T03:02:29.698Z
"970 N CONGRESS AVE 130, BOYNTON BEACH, 33426",26.536745658743,-80.090594062995,Exact/L,census,2026-08-24T03:02:29.698Z
"970 N CONGRESS AVE STE 100, BOYNTON BEACH, 33426",26.536745658743,-80.090594062995,Exact/L,census,2026-08-24T03:02:29.698Z
"970 N CONGRESS AVE UNIT K140, BOYNTON BEACH, 33426",26.536745658743,-80.090594062995,Exact/L,census,2026-08-24T03:02:29.698Z
"970 SOUTH MILITARY TRAIL, WEST PALM BEACH, 33415",26.663109376722,-80.112478041609,Exact/L,census,2026-08-24T03:02:29.698Z
"9704 CLINT MOORE RD A-102, BOCA RATON, 33496",26.408659884214,-80.197930863705,Non_Exact/R,census,2026-08-24T03:02:29.698Z
"9704 CLINTMOORE RD STE A108, BOCA RATON, 33496",26.408659884214,-80.197930863705,Non_Exact/R,census,2026-08-24T03:02:29.698Z
"975 GATEWAY BLVD 113, BOYNTON BEACH, 33426",26.550725224258,-80.074486453945,Exact/L,census,2026-08-24T03:02:29.698Z
"9770 S MILITARY TRAIL, BOYNTON BEACH, 33436",26.531010370247,-80.122686985829,Exact/R,census,2026-08-24T03:02:29.698Z
"9770 S MILITARY TRL B-1, BOYNTON BEACH, 33436",26.531010370247,-80.122686985829,Non_Exact/R,census,2026-08-24T03:02:29.698Z
"9770 S MILITARY TRL B2-3, BOYNTON BEACH, 33436",26.531010370247,-80.122686985829,Non_Exact/R,census,2026-08-24T03:02:29.698Z
"9772 GARDENS EAST DR, PALM BEACH GARDENS, 33410",26.821469603909,-80.081850020346,Exact/R,census,2026-08-24T03:02:29.698Z
"9774 GLADES ROAD SUITE A1, BOCA RATON, 33434",26.367827262308,-80.200145942523,Exact/R,census,2026-08-24T03:02:29.698Z
"9795 GLADES RD, BOCA RATON, 33434",26.367940680764,-80.200422762954,Exact/L,census,2026-08-24T03:02:29.698Z
"980 N FEDERAL HWY 115, BOCA RATON, 33432",26.359893883608,-80.083756915941,Non_Exact/R,census,2026-08-24T03:02:29.698Z
"980 N MILITARY TRAIL, WEST PALM BEACH, 33415",26.691750670411,-80.111448328283,Exact/L,census,2026-08-24T03:02:29.698Z
"9800 ALT A1A, PALM BEACH GARDENS, 33410",26.819400448625,-80.083304545491,Non_Exact/L,census,2026-08-24T03:02:29.698Z
"9804 S MILITARY TRAIL E6, BOYNTON BEACH, 33436",26.530595275466,-80.122693904086,Non_Exact/R,census,2026-08-24T03:02:29.698Z
"9804 S MILITARY TRAIL STE E8, BOYNTON, 33436",26.530595275466,-80.122693904086,Non_Exact/R,census,2026-08-24T03:02:29.698Z
"9808 LAKE WORTH RD, LAKE WORTH, 33467",26.617146795514,-80.200427856316,Exact/R,census,2026-08-24T03:02:29.698Z
"9810 ALT A1A 115, PALM BEACH GARDENS, 33410",26.819751646059,-80.083610512923,Non_Exact/L,census,2026-08-24T03:02:29.698Z
"9819 S MILITARY TRAIL STE E, BOYNTON BEACH, 33436",26.530441750553,-80.123022554569,Non_Exact/R,census,2026-08-24T03:02:29.698Z
"9820 ALTERNATE A1A 207, PALM BEACH GARDENS, 33410",26.820101419947,-80.083920429731,Non_Exact/L,census,2026-08-24T03:02:29.698Z
"9830 VIA ELEGANTE, WELLINGTON, 33411",26.653756584744,-80.200600338907,Exact/R,census,2026-08-24T03:02:29.698Z
"9832 S MILTARY TRL STE G2, BOYNTON BEACH, 33436",26.530253967572,-80.122696073984,Non_Exact/R,census,2026-08-24T03:02:29.698Z
"9834 GLADES RD STE C-13 C-14, BOCA RATON, 33434",26.367823747397,-80.200974587313,Non_Exact/R,census,2026-08-24T03:02:29.698Z
"9834 GLADES RD UNIT C-6, BOCA RATON, 33434",26.367823747397,-80.200974587313,Exact/R,census,2026-08-24T03:02:29.698Z
"9834 W GLADES RD, BOCA RATON, 33434",26.367823747397,-80.200974587313,Non_Exact/R,census,2026-08-24T03:02:29.698Z
"9835 LAKE WORTH RD 4/5, LAKE WORTH, 33467",26.617232803223,-80.2029433036,Non_Exact/L,census,2026-08-24T03:02:29.698Z
"9835 OKEECHOBEE BLVD, WEST PALM BEACH, 33411",26.709275874398,-80.198499192221,Exact/L,census,2026-08-24T03:02:29.698Z
"9842 SANDALFOOT BLVD, BOCA RATON, 33428",26.335950131637,-80.200488001712,Exact/L,census,2026-08-24T03:02:29.698Z
"9845 GLADES RD, BOCA RATON, 33434",26.367937751671,-80.201113300279,Exact/L,census,2026-08-24T03:02:29.698Z
"9846 SANDALFOOT BLVD, BOCA RATON, 33428",26.335949027691,-80.200548580839,Exact/L,census,2026-08-24T03:02:29.698Z
"9850 ALT A1A STE 503, PALM BEACH GARDENS, 33410",26.821135967185,-80.084866059998,Non_Exact/L,census,2026-08-24T03:02:29.698Z
"9851 D MILITARY TRL S, BOYNTON BEACH, 33436",26.530049105908,-80.123029266479,Non_Exact/R,census,2026-08-24T03:02:29.698Z
"9851 S MILITARY TRL STE G, BOYNTON BEACH, 33436",26.530049105908,-80.123029266479,Non_Exact/R,census,2026-08-24T03:02:29.698Z
"9854 MILITARY TRL, BOYNTON BEACH, 33436",26.529985350365,-80.122697583077,Non_Exact/R,census,2026-08-24T03:02:29.698Z
"9857 CLINT MOORE RD STE C112, BOCA RATON, 33496",26.408766113838,-80.201351026432,Exact/L,census,2026-08-24T03:02:29.698Z
"9858 CLINT MOORE RD C-108, BOCA RATON, 34996",26.408652751007,-80.200848372095,Non_Exact/R,census,2026-08-24T03:02:29.698Z
"9858 CLINT MOORE RD C118, BOCA RATON, 33496",26.408652751007,-80.200848372095,Non_Exact/R,census,2026-08-24T03:02:29.698Z
"9858 CLINT MOORE RD C134-136, BOCA RATON, 33496",26.408652751007,-80.200848372095,Non_Exact/R,census,2026-08-24T03:02:29.698Z
"9858 CLINT MOORE RD STE 122, BOCA RATON, 33496",26.408652751007,-80.200848372095,Exact/R,census,2026-08-24T03:02:29.698Z
"9858 CLINT MOORE ROAD STE 132, BOCA RATON, 33496",26.408652751007,-80.200848372095,Exact/R,census,2026-08-24T03:02:29.698Z
"9858 MILITARY TRL, BOYNTON BEACH, 33436",26.529936510873,-80.122697857458,Non_Exact/R,census,2026-08-24T03:02:29.698Z
"9859 LAKE WORTH RD 23, LAKE WORTH, 33467",26.617229658411,-80.203161344213,Exact/L,census,2026-08-24T03:02:29.698Z
"9859 LAKE WORTH RD 29, LAKE WORTH, 33467",26.617229658411,-80.203161344213,Exact/L,census,2026-08-24T03:02:29.698Z
"9859 LAKE WORTH RD STE 20, LAKE WORTH, 33467",26.617229658411,-80.203161344213,Exact/L,census,2026-08-24T03:02:29.698Z
"9859 LAKE WORTH RD STE 27, LAKE WORTH, 33467",26.617229658411,-80.203161344213,Exact/L,census,2026-08-24T03:02:29.698Z
"9859 LAKE WORTH RD, WELLINGTON, 33467",26.617229658411,-80.203161344213,Exact/L,census,2026-08-24T03:02:29.698Z
"9860 S MILITARY TRL STE J1, BOYNTON BEACH, 33436",26.529912091127,-80.122697994648,Exact/R,census,2026-08-24T03:02:29.698Z
"9864 SOUTHERN BLVD, ROYAL PALM BEACH, 33411",26.679928224336,-80.192255485863,Exact/R,census,2026-08-24T03:02:29.698Z
"9868 SANDALFOOT BLVD, BOCA RATON, 33428",26.335942955986,-80.200881766034,Exact/L,census,2026-08-24T03:02:29.698Z
"9874 YAMATO RD STE 114, BOCA RATON, 33434",26.394145560408,-80.202666909317,Exact/L,census,2026-08-24T03:02:29.698Z
"9874 YAMATO RD SUITE 126, BOCA RATON, 33434",26.394145560408,-80.202666909317,Exact/L,census,2026-08-24T03:02:29.698Z
"9880 ALT A1A, PALM BEACH GARDENS, 33410",26.822164177149,-80.085818762062,Non_Exact/L,census,2026-08-24T03:02:29.698Z
"9884 S JOG RD STE D5, BOYNTON BEACH, 33437",26.529981847528,-80.147200077115,Non_Exact/R,census,2026-08-24T03:02:29.698Z
"9884 S JOG RD STE D9, BOYNTON BEACH, 33437",26.529981847528,-80.147200077115,Non_Exact/R,census,2026-08-24T03:02:29.698Z
"9885 PALOMINO DR, LAKE WORTH, 33467",26.628337476727,-80.201401609738,Exact/L,census,2026-08-24T03:02:29.698Z
"9888 SOUTHERN BLVD, ROYAL PALM BEACH, 33411",26.679932068005,-80.192370315395,Exact/R,census,2026-08-24T03:02:29.698Z
"989 S MAIN ST, BELLE GLADE, 33430",26.674201891639,-80.67029610975,Exact/L,census,2026-08-24T03:02:29.698Z
"9897 LAKE WORTH RD, LAKE WORTH, 33467",26.617224679126,-80.203506575185,Exact/L,census,2026-08-24T03:02:29.698Z
"98A LAKE DR, PALM BEACH SHORES, 33404",26.777592761579,-80.039163015254,Non_Exact/L,census,2026-08-24T03:02:29.698Z
"99 SE MIZNER BLVD 110, BOCA RATON, 33432",26.348766701662,-80.083700111911,Exact/R,census,2026-08-24T03:02:29.698Z
"99 SE MIZNER BLVD STE 116, BOCA RATON, 33432",26.348766701662,-80.083700111911,Exact/R,census,2026-08-24T03:02:29.698Z
"99 SE MIZNER BLVD, BOCA RATON, 33432",26.348766701662,-80.083700111911,Exact/R,census,2026-08-24T03:02:29.698Z
"9900 SANDHILL CRANE DR, PALM BEACH GARDENS, 33412",26.812896882463,-80.220924498119,Exact/R,census,2026-08-24T03:02:29.698Z
"9900 SOUTHERN BLVD, ROYAL PALM BEACH, 33411",26.679933989839,-80.192427730161,Exact/R,census,2026-08-24T03:02:29.698Z
"9900 SW 14 ST, BOCA RATON, 33428",26.334898,-80.20149789999999,google:ROOFTOP,google,2026-08-24T12:15:59.167Z
"9903 S MILITARY TRL C, BOYNTON BEACH, 33436",26.529408066593,-80.123038358475,Non_Exact/R,census,2026-08-24T03:02:29.698Z
"9910 ALT A1A STE 711, PALM BEACH GARDENS, 33410",,,google:GEOMETRIC_CENTER-too-coarse,google,2026-08-24T12:15:59.167Z
"9915 JOG RD, BOYNTON BEACH, 33437",26.529509607926,-80.14733386404,Exact/L,census,2026-08-24T03:02:29.698Z
"9918 GLADES ROAD, BOCA RATON, 33434",26.36781882652,-80.202134690019,Exact/R,census,2026-08-24T03:02:29.698Z
"9918 LYONS RD STE 250, BOYNTON BEACH, 33472",26.532628974086,-80.188483868145,Exact/L,census,2026-08-24T03:02:29.698Z
"9918 LYONS RD SUITE 240, BOYNTON BEACH, 33472",26.532628974086,-80.188483868145,Exact/L,census,2026-08-24T03:02:29.698Z
"9920 ALT A1A SPACE 709, PALM BEACH GARDENS, 33410",,,google:GEOMETRIC_CENTER-too-coarse,google,2026-08-24T12:15:59.167Z
"9920 ALT ALT A1A STE 808, PALM BEACH GARDENS, 33410",,,google:GEOMETRIC_CENTER-too-coarse,google,2026-08-24T12:15:59.167Z
"9920 ALTERNATE A1A STE 803, PALM BEACH GARDENS, 33410",,,google:GEOMETRIC_CENTER-too-coarse,google,2026-08-24T12:15:59.167Z
"9920 FL A1A ALT UNIT 815, PALM BEACH GARDENS, 33410",26.8787156,-80.0531057,google:RANGE_INTERPOLATED,google,2026-08-24T12:15:59.167Z
"9929 N MILITARY TRL S, BOYNTON BEACH, 33436",26.529088220741,-80.123038358484,Non_Exact/R,census,2026-08-24T03:02:29.698Z
"9930 GLADES RD, BOCA RATON, 33434",26.367818123538,-80.202300418977,Exact/R,census,2026-08-24T03:02:29.698Z
"9940 BELVEDERE RD STE B, ROYAL PALM BEACH, 33411",26.691489928516,-80.19861110324,Non_Exact/L,census,2026-08-24T03:02:29.698Z
"9940 BELVEDERE RD STE F, ROYAL PALM BEACH, 33411",26.691489928516,-80.19861110324,Non_Exact/L,census,2026-08-24T03:02:29.698Z
"9940 BELVEDERE RD UNIT D, ROYAL PALM BEACH, 33411",26.691489928516,-80.19861110324,Non_Exact/L,census,2026-08-24T03:02:29.698Z
"9942 CLINT MOORE RD, BOCA RATON, 33496",26.408648860166,-80.202439740307,Exact/R,census,2026-08-24T03:02:29.698Z
"9950 BRIGDEBROOK DR, BOCA RATON, 33496",26.413614856547,-80.202519827064,Non_Exact/R,census,2026-08-24T03:02:29.698Z
"9950 SANDALFOOT BLVD, BOCA RATON, 33428",26.335916977676,-80.202201174226,Exact/L,census,2026-08-24T03:02:29.698Z
"9961 - 9963 GLADES RD, BOCA RATON, 33434",26.367930839011,-80.202742968366,Non_Exact/L,census,2026-08-24T03:02:29.698Z
"9964 SANDALFOOT BLVD, BOCA RATON, 33428",26.335912417102,-80.20240259979,Exact/L,census,2026-08-24T03:02:29.698Z
"9967 GLADES RD, BOCA RATON, 33434",26.367930604684,-80.202798211352,Exact/L,census,2026-08-24T03:02:29.698Z
"997 FLORIDA N A1A, JUPITER, 33477",,,google:GEOMETRIC_CENTER-too-coarse,google,2026-08-24T12:15:59.167Z
"9970 BELVEDERE RD, ROYAL PALM BEACH, 33411",26.691482445448,-80.200135108719,Exact/L,census,2026-08-24T03:02:29.698Z
"9975 GLADES RD, BOCA RATON, 33434",26.367930136029,-80.202908697324,Exact/L,census,2026-08-24T03:02:29.698Z
"9982 GLADES RD STE G-1, BOCA RATON, 33434",26.367815077281,-80.203018577795,Exact/R,census,2026-08-24T03:02:29.698Z
"9982 GLADES RD STE G5, BOCA RATON, 33434",26.367815077281,-80.203018577795,Exact/R,census,2026-08-24T03:02:29.698Z
"9982 GLADES RD, BOCA RATON, 33434",26.367815077281,-80.203018577795,Exact/R,census,2026-08-24T03:02:29.698Z
"999 E CAMINO REAL, BOCA RATON, 33432",26.337329576407,-80.073414434375,Exact/L,census,2026-08-24T03:02:29.698Z
"9990 BELVEDERE RD, WEST PALM BEACH, 33411",26.691474160099,-80.201150051749,Exact/L,census,2026-08-24T03:02:29.698Z
"ATLANTIC AVE, DELRAY BEACH, 33444",,,google:GEOMETRIC_CENTER-too-coarse,google,2026-08-24T12:15:59.167Z
"BLDG 1000 STE 124 PBIA, WEST PALM BEACH, 33406",26.6857475,-80.0928165,google:ROOFTOP,google,2026-08-24T12:15:59.167Z
"BLDG 1000 STE 124, WEST PALM BEACH, 33406",,,google:APPROXIMATE-too-coarse,google,2026-08-24T12:15:59.167Z
"BOCA GREEN MARKET, BOCA RATON, 33432",26.3513692,-80.0902294,google:ROOFTOP,google,2026-08-24T12:15:59.167Z
"MM 94 FLORIDA TURNPIKE BLDG 9450, LAKE WORTH, 33467",26.6342948,-80.17486439999999,google:ROOFTOP,google,2026-08-24T12:15:59.167Z
"MM 94 WEST PALM BEACH SERVICE PLAZA, WEST PALM BEACH, 33413",,,google:GEOMETRIC_CENTER-too-coarse,google,2026-08-24T12:15:59.167Z
"ONE S COUNTY RD, PALM BEACH, 33480",26.714890075566,-80.037706864536,Exact/L,census,2026-08-24T03:02:29.698Z
"PBIA BUILDING 1000 STE 124, WEST PALM BEACH, 33406",26.7227519,-80.09285589999999,google:ROOFTOP,google,2026-08-24T12:15:59.167Z
"W PALM BEACH PLAZA MM 93, LAKE WORTH, 33467",26.623915,-80.1065948,google:ROOFTOP,google,2026-08-24T12:15:59.167Z
"WEST PALM BEACH PLAZA MM 93, LAKE WORTH, 33467",26.623915,-80.1065948,google:ROOFTOP,google,2026-08-24T12:15:59.167Z
"WPB SERVICE PLAZA MM 93, LAKE WORTH, 33467",,,google:GEOMETRIC_CENTER-too-coarse,google,2026-08-24T12:15:59.167Z
